date,order_book_id,score
2026-01-09,000009.XSHE,0.7950292229652405
2026-01-16,000009.XSHE,0.8002201914787292
2026-01-23,000009.XSHE,0.7742838263511658
2026-01-30,000009.XSHE,0.7369858622550964
2026-02-06,000009.XSHE,0.6973804831504822
2026-02-13,000009.XSHE,0.7423873543739319
2026-03-02,000009.XSHE,0.7404327988624573
2026-03-09,000009.XSHE,0.7337376475334167
2026-03-16,000009.XSHE,0.7722908854484558
2026-03-23,000009.XSHE,0.8220819234848022
2026-03-30,000009.XSHE,0.8212499022483826
2026-04-07,000009.XSHE,0.7762518525123596
2026-04-14,000009.XSHE,0.7554262280464172
2026-04-21,000009.XSHE,0.7573910355567932
2026-04-28,000009.XSHE,0.7855169177055359
2026-05-08,000009.XSHE,0.7717163562774658
2026-05-15,000009.XSHE,0.7444602847099304
2026-05-22,000009.XSHE,0.7435557842254639
2026-05-29,000009.XSHE,0.7445200085639954
2026-06-05,000009.XSHE,0.6923064589500427
2026-06-12,000009.XSHE,0.7025361657142639
2026-06-22,000009.XSHE,0.750204861164093
2026-06-29,000009.XSHE,0.7750031352043152
2026-07-06,000009.XSHE,0.7257779240608215
2026-07-13,000009.XSHE,0.7371292114257812
2026-07-20,000009.XSHE,0.7275941967964172
2026-07-27,000009.XSHE,0.5211548209190369
2026-01-09,000021.XSHE,0.624452531337738
2026-01-16,000021.XSHE,0.31074997782707214
2026-01-23,000021.XSHE,0.2105819582939148
2026-01-30,000021.XSHE,-0.1090870350599289
2026-02-06,000021.XSHE,-0.05476944148540497
2026-02-13,000021.XSHE,-0.3258122205734253
2026-03-02,000021.XSHE,-0.17948226630687714
2026-03-09,000021.XSHE,-0.06164930760860443
2026-03-16,000021.XSHE,-0.13601838052272797
2026-03-23,000021.XSHE,-0.019433051347732544
2026-03-30,000021.XSHE,0.12835052609443665
2026-04-07,000021.XSHE,0.27955254912376404
2026-04-14,000021.XSHE,0.3240795135498047
2026-04-21,000021.XSHE,0.4326203465461731
2026-04-28,000021.XSHE,0.5278155207633972
2026-05-08,000021.XSHE,0.6134108901023865
2026-05-15,000021.XSHE,0.5758665800094604
2026-05-22,000021.XSHE,0.3977789878845215
2026-05-29,000021.XSHE,0.3032964766025543
2026-06-05,000021.XSHE,0.3778420686721802
2026-06-12,000021.XSHE,0.3980024755001068
2026-06-22,000021.XSHE,0.2871221601963043
2026-06-29,000021.XSHE,-0.006821826100349426
2026-07-06,000021.XSHE,-0.09244732558727264
2026-07-13,000021.XSHE,-0.08653189241886139
2026-07-20,000021.XSHE,-0.018253639340400696
2026-07-27,000021.XSHE,-0.20329241454601288
2026-01-09,000027.XSHE,0.7246361374855042
2026-01-16,000027.XSHE,0.5332515835762024
2026-01-23,000027.XSHE,0.5700624585151672
2026-01-30,000027.XSHE,0.5600903034210205
2026-02-06,000027.XSHE,0.6017035245895386
2026-02-13,000027.XSHE,0.5660806894302368
2026-03-02,000027.XSHE,0.5063393115997314
2026-03-09,000027.XSHE,0.44124215841293335
2026-03-16,000027.XSHE,0.38744795322418213
2026-03-23,000027.XSHE,0.22782105207443237
2026-03-30,000027.XSHE,-0.09191347658634186
2026-04-07,000027.XSHE,-0.1328306645154953
2026-04-14,000027.XSHE,0.1092381477355957
2026-04-21,000027.XSHE,0.09086242318153381
2026-04-28,000027.XSHE,0.30124232172966003
2026-05-08,000027.XSHE,0.42909619212150574
2026-05-15,000027.XSHE,0.43721750378608704
2026-05-22,000027.XSHE,0.4784488081932068
2026-05-29,000027.XSHE,0.26918938755989075
2026-06-05,000027.XSHE,0.19068217277526855
2026-06-12,000027.XSHE,0.36840516328811646
2026-06-22,000027.XSHE,0.45894622802734375
2026-06-29,000027.XSHE,0.6035304069519043
2026-07-06,000027.XSHE,0.7423954010009766
2026-07-13,000027.XSHE,0.8195719122886658
2026-07-20,000027.XSHE,0.7804318070411682
2026-07-27,000027.XSHE,0.8505969643592834
2026-02-06,000032.XSHE,0.6856186389923096
2026-02-13,000032.XSHE,0.650478720664978
2026-03-02,000032.XSHE,0.6265162229537964
2026-03-09,000032.XSHE,0.568550169467926
2026-03-16,000032.XSHE,0.6104313731193542
2026-03-23,000032.XSHE,0.6474244594573975
2026-03-30,000032.XSHE,0.5489004850387573
2026-04-07,000032.XSHE,0.5639563798904419
2026-04-14,000032.XSHE,0.4004170894622803
2026-04-21,000032.XSHE,0.49854254722595215
2026-04-28,000032.XSHE,0.5801599025726318
2026-05-08,000032.XSHE,0.6536571383476257
2026-05-15,000032.XSHE,0.6553640961647034
2026-05-22,000032.XSHE,0.6640906929969788
2026-05-29,000032.XSHE,0.5902295708656311
2026-06-05,000032.XSHE,0.6189443469047546
2026-06-12,000032.XSHE,0.15681692957878113
2026-06-22,000032.XSHE,0.14925751090049744
2026-06-29,000032.XSHE,0.22348840534687042
2026-07-06,000032.XSHE,0.21908947825431824
2026-07-13,000032.XSHE,0.2802768349647522
2026-07-20,000032.XSHE,0.2548115849494934
2026-07-27,000032.XSHE,0.025723770260810852
2026-01-09,000039.XSHE,0.6689611673355103
2026-01-16,000039.XSHE,0.825534999370575
2026-01-23,000039.XSHE,0.9481731057167053
2026-01-30,000039.XSHE,0.9389067888259888
2026-02-06,000039.XSHE,0.7834447026252747
2026-02-13,000039.XSHE,0.6651625633239746
2026-03-02,000039.XSHE,0.5940508842468262
2026-03-09,000039.XSHE,0.6830469369888306
2026-03-16,000039.XSHE,0.7578215599060059
2026-03-23,000039.XSHE,0.7206714153289795
2026-03-30,000039.XSHE,0.677025556564331
2026-04-07,000039.XSHE,0.4672771096229553
2026-04-14,000039.XSHE,0.4324420094490051
2026-04-21,000039.XSHE,0.32431653141975403
2026-04-28,000039.XSHE,0.35887235403060913
2026-05-08,000039.XSHE,0.3072412610054016
2026-05-15,000039.XSHE,0.3240041732788086
2026-05-22,000039.XSHE,0.26934200525283813
2026-05-29,000039.XSHE,0.43934381008148193
2026-06-05,000039.XSHE,0.6121120452880859
2026-06-12,000039.XSHE,0.6857155561447144
2026-06-22,000039.XSHE,0.7359452843666077
2026-06-29,000039.XSHE,0.8426077365875244
2026-07-06,000039.XSHE,0.7504245638847351
2026-07-13,000039.XSHE,0.7069494724273682
2026-07-20,000039.XSHE,0.2829136848449707
2026-07-27,000039.XSHE,0.38258108496665955
2026-01-09,000050.XSHE,0.2626121938228607
2026-01-16,000050.XSHE,0.5429847836494446
2026-01-23,000050.XSHE,0.5721324682235718
2026-01-30,000050.XSHE,0.5785795450210571
2026-02-06,000050.XSHE,0.5656309127807617
2026-02-13,000050.XSHE,0.5307973623275757
2026-03-02,000050.XSHE,0.518555760383606
2026-03-09,000050.XSHE,0.42802298069000244
2026-03-16,000050.XSHE,0.3835292458534241
2026-03-23,000050.XSHE,0.3736456036567688
2026-03-30,000050.XSHE,0.34178808331489563
2026-04-07,000050.XSHE,0.35515230894088745
2026-04-14,000050.XSHE,0.4679112434387207
2026-04-21,000050.XSHE,0.5239538550376892
2026-04-28,000050.XSHE,0.5830949544906616
2026-05-08,000050.XSHE,0.5439603328704834
2026-05-15,000050.XSHE,0.5482534766197205
2026-05-22,000050.XSHE,0.22939178347587585
2026-05-29,000050.XSHE,0.3633567690849304
2026-06-05,000050.XSHE,0.17757907509803772
2026-06-12,000050.XSHE,0.3818303942680359
2026-06-22,000050.XSHE,0.2920268774032593
2026-06-29,000050.XSHE,0.25955700874328613
2026-07-06,000050.XSHE,0.3285282254219055
2026-07-13,000050.XSHE,0.34220558404922485
2026-07-20,000050.XSHE,0.3031154274940491
2026-07-27,000050.XSHE,0.3217688202857971
2026-01-09,000060.XSHE,-0.6304140686988831
2026-01-16,000060.XSHE,-0.579298198223114
2026-01-23,000060.XSHE,-0.5468700528144836
2026-01-30,000060.XSHE,-0.7125504612922668
2026-02-06,000060.XSHE,-0.8580510020256042
2026-02-13,000060.XSHE,-0.9852697253227234
2026-03-02,000060.XSHE,-1.119054913520813
2026-03-09,000060.XSHE,-1.0772743225097656
2026-03-16,000060.XSHE,-0.9272668957710266
2026-03-23,000060.XSHE,-0.6675211787223816
2026-03-30,000060.XSHE,-0.37154918909072876
2026-04-07,000060.XSHE,0.016245707869529724
2026-04-14,000060.XSHE,0.406984806060791
2026-04-21,000060.XSHE,0.6820736527442932
2026-04-28,000060.XSHE,0.8185256123542786
2026-05-08,000060.XSHE,0.5238573551177979
2026-05-15,000060.XSHE,0.34873735904693604
2026-05-22,000060.XSHE,0.10457198321819305
2026-05-29,000060.XSHE,0.06946757435798645
2026-06-05,000060.XSHE,0.1278923749923706
2026-06-12,000060.XSHE,0.18929916620254517
2026-06-22,000060.XSHE,0.046345874667167664
2026-06-29,000060.XSHE,0.16630005836486816
2026-07-06,000060.XSHE,0.20210213959217072
2026-07-13,000060.XSHE,0.40121906995773315
2026-07-20,000060.XSHE,0.5841679573059082
2026-07-27,000060.XSHE,0.7337442636489868
2026-01-09,000062.XSHE,0.8937698006629944
2026-01-16,000062.XSHE,0.8264685273170471
2026-01-23,000062.XSHE,0.8393598198890686
2026-01-30,000062.XSHE,0.48614197969436646
2026-02-06,000062.XSHE,0.58928382396698
2026-02-13,000062.XSHE,0.6045563220977783
2026-03-02,000062.XSHE,0.5639413595199585
2026-03-09,000062.XSHE,0.5549731254577637
2026-03-16,000062.XSHE,0.48967820405960083
2026-03-23,000062.XSHE,0.48835277557373047
2026-03-30,000062.XSHE,0.419452428817749
2026-04-07,000062.XSHE,-0.027907028794288635
2026-04-14,000062.XSHE,0.13138815760612488
2026-04-21,000062.XSHE,0.11495871841907501
2026-04-28,000062.XSHE,-0.04578179121017456
2026-05-08,000062.XSHE,0.04384361207485199
2026-05-15,000062.XSHE,0.1745128482580185
2026-05-22,000062.XSHE,0.013567999005317688
2026-05-29,000062.XSHE,0.08283782005310059
2026-06-05,000062.XSHE,-0.17479686439037323
2026-06-12,000062.XSHE,-0.21401084959506989
2026-06-22,000062.XSHE,-0.2225072830915451
2026-06-29,000062.XSHE,-0.15757863223552704
2026-07-06,000062.XSHE,-0.4460553526878357
2026-07-13,000062.XSHE,-0.4528251886367798
2026-07-20,000062.XSHE,-0.20216195285320282
2026-07-27,000062.XSHE,0.24312879145145416
2026-01-09,000155.XSHE,0.8114022612571716
2026-01-16,000155.XSHE,0.8569580316543579
2026-01-23,000155.XSHE,0.44699394702911377
2026-01-30,000155.XSHE,0.46706002950668335
2026-02-06,000155.XSHE,0.42685240507125854
2026-02-13,000155.XSHE,0.341774582862854
2026-03-02,000155.XSHE,0.21787750720977783
2026-03-09,000155.XSHE,0.006369456648826599
2026-03-16,000155.XSHE,-0.032360419631004333
2026-03-23,000155.XSHE,-0.02988193929195404
2026-03-30,000155.XSHE,-0.24056337773799896
2026-04-07,000155.XSHE,-0.17175565659999847
2026-04-14,000155.XSHE,-0.0347539484500885
2026-04-21,000155.XSHE,0.11570093035697937
2026-04-28,000155.XSHE,0.07403717935085297
2026-05-08,000155.XSHE,0.16876693069934845
2026-05-15,000155.XSHE,0.2841133773326874
2026-05-22,000155.XSHE,0.38011276721954346
2026-05-29,000155.XSHE,0.38609814643859863
2026-06-05,000155.XSHE,0.4457056522369385
2026-06-12,000155.XSHE,0.4913603663444519
2026-06-22,000155.XSHE,0.564304530620575
2026-06-29,000155.XSHE,0.5775155425071716
2026-07-06,000155.XSHE,0.6241650581359863
2026-07-13,000155.XSHE,0.6438058018684387
2026-07-20,000155.XSHE,0.6887732148170471
2026-07-27,000155.XSHE,0.6600528359413147
2026-01-09,000400.XSHE,0.7627145648002625
2026-01-16,000400.XSHE,0.613194465637207
2026-01-23,000400.XSHE,0.6869799494743347
2026-01-30,000400.XSHE,0.6983639001846313
2026-02-06,000400.XSHE,0.5897939205169678
2026-02-13,000400.XSHE,0.5784561038017273
2026-03-02,000400.XSHE,0.4613978862762451
2026-03-09,000400.XSHE,0.29944783449172974
2026-03-16,000400.XSHE,0.2909652590751648
2026-03-23,000400.XSHE,0.35762912034988403
2026-03-30,000400.XSHE,0.5059080719947815
2026-04-07,000400.XSHE,0.6433683633804321
2026-04-14,000400.XSHE,0.670335590839386
2026-04-21,000400.XSHE,0.8653921484947205
2026-04-28,000400.XSHE,0.8715586066246033
2026-05-08,000400.XSHE,0.863909900188446
2026-05-15,000400.XSHE,0.9079110622406006
2026-05-22,000400.XSHE,0.9384201169013977
2026-05-29,000400.XSHE,0.9270642399787903
2026-06-05,000400.XSHE,0.8009558320045471
2026-06-12,000400.XSHE,0.7194491624832153
2026-06-22,000400.XSHE,0.7406616806983948
2026-06-29,000400.XSHE,0.7572768926620483
2026-07-06,000400.XSHE,0.8116468787193298
2026-07-13,000400.XSHE,0.8076289296150208
2026-07-20,000400.XSHE,0.6191419363021851
2026-07-27,000400.XSHE,0.6634477376937866
2026-01-09,000415.XSHE,0.5986396074295044
2026-01-16,000415.XSHE,0.7238863706588745
2026-01-23,000415.XSHE,0.6964151263237
2026-01-30,000415.XSHE,0.8044191598892212
2026-02-06,000415.XSHE,0.2431384176015854
2026-02-13,000415.XSHE,0.3103284239768982
2026-03-02,000415.XSHE,0.40393608808517456
2026-03-09,000415.XSHE,0.4759913682937622
2026-03-16,000415.XSHE,0.6025826334953308
2026-03-23,000415.XSHE,0.708223283290863
2026-03-30,000415.XSHE,0.8709585070610046
2026-04-07,000415.XSHE,0.9588721990585327
2026-04-14,000415.XSHE,1.0139000415802002
2026-04-21,000415.XSHE,0.8946776986122131
2026-04-28,000415.XSHE,0.5613861083984375
2026-05-08,000415.XSHE,0.4235120713710785
2026-05-15,000415.XSHE,0.3673136532306671
2026-05-22,000415.XSHE,0.4161643385887146
2026-05-29,000415.XSHE,0.5284268260002136
2026-06-05,000415.XSHE,0.6283298134803772
2026-06-12,000415.XSHE,0.625618577003479
2026-06-22,000415.XSHE,0.770243227481842
2026-06-29,000415.XSHE,0.7515196204185486
2026-07-06,000415.XSHE,0.49826449155807495
2026-07-13,000415.XSHE,0.5767239332199097
2026-07-20,000415.XSHE,0.5882598161697388
2026-07-27,000415.XSHE,0.39603370428085327
2026-01-09,000423.XSHE,0.6404327750205994
2026-01-16,000423.XSHE,0.6874172687530518
2026-01-23,000423.XSHE,0.7225722670555115
2026-01-30,000423.XSHE,0.4491302967071533
2026-02-06,000423.XSHE,0.42327165603637695
2026-02-13,000423.XSHE,0.3263295888900757
2026-03-02,000423.XSHE,0.36851269006729126
2026-03-09,000423.XSHE,0.47915118932724
2026-03-16,000423.XSHE,0.5602083206176758
2026-03-23,000423.XSHE,0.3743513822555542
2026-03-30,000423.XSHE,0.04663032293319702
2026-04-07,000423.XSHE,0.03298451006412506
2026-04-14,000423.XSHE,0.23489108681678772
2026-04-21,000423.XSHE,0.42428135871887207
2026-04-28,000423.XSHE,0.20122317969799042
2026-05-08,000423.XSHE,0.3367944657802582
2026-05-15,000423.XSHE,0.49604207277297974
2026-05-22,000423.XSHE,0.7053239941596985
2026-05-29,000423.XSHE,0.8815051317214966
2026-06-05,000423.XSHE,0.8335191607475281
2026-06-12,000423.XSHE,0.9132453799247742
2026-06-22,000423.XSHE,0.7837347388267517
2026-06-29,000423.XSHE,0.44847947359085083
2026-07-06,000423.XSHE,0.5403050184249878
2026-07-13,000423.XSHE,0.35329610109329224
2026-07-20,000423.XSHE,0.3988526463508606
2026-07-27,000423.XSHE,0.42167508602142334
2026-01-09,000426.XSHE,-0.22191159427165985
2026-01-16,000426.XSHE,-0.3116597533226013
2026-01-23,000426.XSHE,-0.5704872012138367
2026-01-30,000426.XSHE,-0.7230619788169861
2026-02-06,000426.XSHE,-0.7491207122802734
2026-02-13,000426.XSHE,-0.6764643788337708
2026-03-02,000426.XSHE,-0.9865955710411072
2026-03-09,000426.XSHE,-0.907184898853302
2026-03-16,000426.XSHE,-0.6617862582206726
2026-03-23,000426.XSHE,-0.33054304122924805
2026-03-30,000426.XSHE,0.2409522831439972
2026-04-07,000426.XSHE,0.778456449508667
2026-04-14,000426.XSHE,1.0505119562149048
2026-04-21,000426.XSHE,1.2543472051620483
2026-04-28,000426.XSHE,1.2099822759628296
2026-05-08,000426.XSHE,0.9001848101615906
2026-01-09,000513.XSHE,0.7561790943145752
2026-01-16,000513.XSHE,0.7645031809806824
2026-01-23,000513.XSHE,0.7255617380142212
2026-01-30,000513.XSHE,0.7062233686447144
2026-02-06,000513.XSHE,0.7140179872512817
2026-02-13,000513.XSHE,0.7015103697776794
2026-03-02,000513.XSHE,0.6759758591651917
2026-03-09,000513.XSHE,0.7133726477622986
2026-03-16,000513.XSHE,0.7368472218513489
2026-03-23,000513.XSHE,0.7496529221534729
2026-03-30,000513.XSHE,0.7442334294319153
2026-04-07,000513.XSHE,0.7679393887519836
2026-04-14,000513.XSHE,0.7072153687477112
2026-04-21,000513.XSHE,0.7026351094245911
2026-04-28,000513.XSHE,0.6729299426078796
2026-05-08,000513.XSHE,0.6436732411384583
2026-05-15,000513.XSHE,0.6654120087623596
2026-05-22,000513.XSHE,0.7196289300918579
2026-05-29,000513.XSHE,0.4438636302947998
2026-06-05,000513.XSHE,0.5104446411132812
2026-06-12,000513.XSHE,0.5307644009590149
2026-06-22,000513.XSHE,0.5658335089683533
2026-06-29,000513.XSHE,0.2858890891075134
2026-07-06,000513.XSHE,0.23145177960395813
2026-07-13,000513.XSHE,0.38385504484176636
2026-07-20,000513.XSHE,0.431503027677536
2026-07-27,000513.XSHE,0.49098390340805054
2026-01-09,000519.XSHE,0.6764549016952515
2026-01-16,000519.XSHE,0.7181246876716614
2026-01-23,000519.XSHE,0.7307857871055603
2026-01-30,000519.XSHE,0.7347850203514099
2026-02-06,000519.XSHE,0.7640261054039001
2026-02-13,000519.XSHE,0.6908406019210815
2026-03-02,000519.XSHE,0.4823128581047058
2026-03-09,000519.XSHE,0.6017181277275085
2026-03-16,000519.XSHE,0.5958530902862549
2026-03-23,000519.XSHE,0.645082950592041
2026-03-30,000519.XSHE,0.7069863677024841
2026-04-07,000519.XSHE,0.71942538022995
2026-04-14,000519.XSHE,0.6839473247528076
2026-04-21,000519.XSHE,0.7204802632331848
2026-04-28,000519.XSHE,0.7430950999259949
2026-05-08,000519.XSHE,0.6872754693031311
2026-05-15,000519.XSHE,0.7410224676132202
2026-05-22,000519.XSHE,0.42930465936660767
2026-05-29,000519.XSHE,0.348496675491333
2026-06-05,000519.XSHE,0.472048282623291
2026-06-12,000519.XSHE,0.5525597333908081
2026-06-22,000519.XSHE,0.3467203378677368
2026-06-29,000519.XSHE,0.5503594279289246
2026-07-06,000519.XSHE,0.5355218052864075
2026-07-13,000519.XSHE,0.36860570311546326
2026-07-20,000519.XSHE,0.20606717467308044
2026-07-27,000519.XSHE,0.06288747489452362
2026-01-09,000528.XSHE,0.7461079359054565
2026-01-16,000528.XSHE,1.031605839729309
2026-01-23,000528.XSHE,1.093786358833313
2026-01-30,000528.XSHE,1.1296660900115967
2026-02-06,000528.XSHE,1.1017777919769287
2026-02-13,000528.XSHE,1.0260379314422607
2026-03-02,000528.XSHE,0.9298890233039856
2026-03-09,000528.XSHE,0.7632592916488647
2026-03-16,000528.XSHE,0.6980395913124084
2026-03-23,000528.XSHE,0.7333627343177795
2026-03-30,000528.XSHE,0.7789728045463562
2026-04-07,000528.XSHE,0.8104793429374695
2026-04-14,000528.XSHE,0.8245775699615479
2026-04-21,000528.XSHE,0.7380302548408508
2026-04-28,000528.XSHE,0.8004980683326721
2026-05-08,000528.XSHE,0.7630875706672668
2026-05-15,000528.XSHE,0.739741861820221
2026-05-22,000528.XSHE,0.814326822757721
2026-05-29,000528.XSHE,0.8364699482917786
2026-06-05,000528.XSHE,0.8231552243232727
2026-06-12,000528.XSHE,0.8835182785987854
2026-06-22,000528.XSHE,0.8231706023216248
2026-06-29,000528.XSHE,0.8485115170478821
2026-07-06,000528.XSHE,0.745739221572876
2026-07-13,000528.XSHE,0.7463992834091187
2026-07-20,000528.XSHE,0.6869049668312073
2026-07-27,000528.XSHE,0.6927405595779419
2026-01-09,000537.XSHE,0.6946761012077332
2026-01-16,000537.XSHE,0.5615862607955933
2026-01-23,000537.XSHE,0.44935405254364014
2026-01-30,000537.XSHE,0.48707395792007446
2026-02-06,000537.XSHE,0.5388157367706299
2026-02-13,000537.XSHE,0.4663957357406616
2026-03-02,000537.XSHE,0.18275365233421326
2026-03-09,000537.XSHE,-0.05825154483318329
2026-03-16,000537.XSHE,-0.3995271325111389
2026-03-23,000537.XSHE,-0.392086923122406
2026-03-30,000537.XSHE,-0.36736732721328735
2026-04-07,000537.XSHE,-0.48032301664352417
2026-04-14,000537.XSHE,-0.6025282740592957
2026-04-21,000537.XSHE,-0.8466195464134216
2026-04-28,000537.XSHE,-0.8721842169761658
2026-05-08,000537.XSHE,-0.8470221161842346
2026-05-15,000537.XSHE,-0.8194887042045593
2026-05-22,000537.XSHE,-0.8283026814460754
2026-05-29,000537.XSHE,-0.9809903502464294
2026-06-05,000537.XSHE,-0.914543092250824
2026-06-12,000537.XSHE,-0.6466526985168457
2026-06-22,000537.XSHE,-0.16179053485393524
2026-06-29,000537.XSHE,0.3939225375652313
2026-07-06,000537.XSHE,0.651436448097229
2026-07-13,000537.XSHE,0.7245506644248962
2026-07-20,000537.XSHE,0.5988160967826843
2026-07-27,000537.XSHE,0.6183428168296814
2026-01-09,000539.XSHE,0.7793845534324646
2026-01-16,000539.XSHE,0.7866029739379883
2026-01-23,000539.XSHE,0.8631532788276672
2026-01-30,000539.XSHE,0.8596830368041992
2026-02-06,000539.XSHE,0.8586682677268982
2026-02-13,000539.XSHE,0.7366940379142761
2026-03-02,000539.XSHE,0.6985313296318054
2026-03-09,000539.XSHE,0.5274430513381958
2026-03-16,000539.XSHE,0.35604989528656006
2026-03-23,000539.XSHE,-0.03654690086841583
2026-03-30,000539.XSHE,-0.21400700509548187
2026-04-07,000539.XSHE,-0.4437401294708252
2026-04-14,000539.XSHE,-0.6152997612953186
2026-04-21,000539.XSHE,-1.0821623802185059
2026-04-28,000539.XSHE,-1.1331658363342285
2026-05-08,000539.XSHE,-1.1050198078155518
2026-05-15,000539.XSHE,-1.0125354528427124
2026-05-22,000539.XSHE,-1.005083441734314
2026-05-29,000539.XSHE,-1.216281771659851
2026-06-05,000539.XSHE,-1.1916582584381104
2026-06-12,000539.XSHE,-1.0679124593734741
2026-06-22,000539.XSHE,-1.061200499534607
2026-06-29,000539.XSHE,-1.0832550525665283
2026-07-06,000539.XSHE,-0.8817384839057922
2026-07-13,000539.XSHE,-0.6479520201683044
2026-07-20,000539.XSHE,-0.6482029557228088
2026-07-27,000539.XSHE,-0.39880621433258057
2026-01-09,000559.XSHE,-0.06502069532871246
2026-01-16,000559.XSHE,-0.10655058920383453
2026-01-23,000559.XSHE,-0.08965693414211273
2026-01-30,000559.XSHE,-0.0119096040725708
2026-02-06,000559.XSHE,-0.05940572917461395
2026-02-13,000559.XSHE,-0.15084369480609894
2026-03-02,000559.XSHE,-0.16262130439281464
2026-03-09,000559.XSHE,-0.038749560713768005
2026-03-16,000559.XSHE,0.16563263535499573
2026-03-23,000559.XSHE,0.38085174560546875
2026-03-30,000559.XSHE,0.5410122275352478
2026-04-07,000559.XSHE,0.6219062209129333
2026-04-14,000559.XSHE,0.6521837115287781
2026-04-21,000559.XSHE,0.5055210590362549
2026-04-28,000559.XSHE,0.47816115617752075
2026-05-08,000559.XSHE,0.41275936365127563
2026-05-15,000559.XSHE,0.19440577924251556
2026-05-22,000559.XSHE,0.20037922263145447
2026-05-29,000559.XSHE,0.28093481063842773
2026-06-05,000559.XSHE,0.38375669717788696
2026-06-12,000559.XSHE,0.5211139917373657
2026-06-22,000559.XSHE,0.6053689122200012
2026-06-29,000559.XSHE,0.6791108846664429
2026-07-06,000559.XSHE,0.6330389976501465
2026-07-13,000559.XSHE,0.640244722366333
2026-07-20,000559.XSHE,0.6819722056388855
2026-07-27,000559.XSHE,0.7202873229980469
2026-01-09,000563.XSHE,0.8104061484336853
2026-01-16,000563.XSHE,0.8191102743148804
2026-01-23,000563.XSHE,0.8434022068977356
2026-01-30,000563.XSHE,0.8455056548118591
2026-02-06,000563.XSHE,0.8465257287025452
2026-02-13,000563.XSHE,0.7652783393859863
2026-03-02,000563.XSHE,0.7905493378639221
2026-03-09,000563.XSHE,0.8332687020301819
2026-03-16,000563.XSHE,0.8389611840248108
2026-03-23,000563.XSHE,0.5713353157043457
2026-03-30,000563.XSHE,0.6192324757575989
2026-04-07,000563.XSHE,0.7084282636642456
2026-04-14,000563.XSHE,0.7724407315254211
2026-04-21,000563.XSHE,0.7180588841438293
2026-04-28,000563.XSHE,0.6493738293647766
2026-05-08,000563.XSHE,0.660809338092804
2026-01-09,000591.XSHE,0.9120121002197266
2026-01-16,000591.XSHE,0.6161258220672607
2026-01-23,000591.XSHE,0.39834046363830566
2026-01-30,000591.XSHE,0.4583321809768677
2026-02-06,000591.XSHE,0.4412636160850525
2026-02-13,000591.XSHE,0.5424956679344177
2026-03-02,000591.XSHE,0.6659067869186401
2026-03-09,000591.XSHE,0.4747620224952698
2026-03-16,000591.XSHE,0.35824304819107056
2026-03-23,000591.XSHE,0.3294854760169983
2026-03-30,000591.XSHE,0.34748584032058716
2026-04-07,000591.XSHE,0.31397995352745056
2026-04-14,000591.XSHE,0.2719874083995819
2026-04-21,000591.XSHE,-0.10402952134609222
2026-04-28,000591.XSHE,-0.21493203938007355
2026-05-08,000591.XSHE,-0.28262996673583984
2026-05-15,000591.XSHE,-0.6154883503913879
2026-05-22,000591.XSHE,-0.7038882374763489
2026-05-29,000591.XSHE,-0.7743439078330994
2026-06-05,000591.XSHE,-0.684371829032898
2026-06-12,000591.XSHE,-0.5174943804740906
2026-06-22,000591.XSHE,-0.25049889087677
2026-06-29,000591.XSHE,0.18077437579631805
2026-07-06,000591.XSHE,0.6311982870101929
2026-07-13,000591.XSHE,0.903814435005188
2026-07-20,000591.XSHE,1.0350010395050049
2026-07-27,000591.XSHE,1.094926357269287
2026-01-09,000598.XSHE,0.4090414047241211
2026-01-16,000598.XSHE,0.5246642827987671
2026-01-23,000598.XSHE,0.6014246344566345
2026-01-30,000598.XSHE,0.34965693950653076
2026-02-06,000598.XSHE,0.40249091386795044
2026-02-13,000598.XSHE,0.4106954336166382
2026-03-02,000598.XSHE,0.31038689613342285
2026-03-09,000598.XSHE,0.33153367042541504
2026-03-16,000598.XSHE,0.3920965790748596
2026-03-23,000598.XSHE,0.23226751387119293
2026-03-30,000598.XSHE,0.280458927154541
2026-04-07,000598.XSHE,0.3233179450035095
2026-04-14,000598.XSHE,0.38454926013946533
2026-04-21,000598.XSHE,0.13714763522148132
2026-04-28,000598.XSHE,0.3137761652469635
2026-05-08,000598.XSHE,0.42734700441360474
2026-05-15,000598.XSHE,0.3716390132904053
2026-05-22,000598.XSHE,0.48295295238494873
2026-05-29,000598.XSHE,0.4533599019050598
2026-06-05,000598.XSHE,0.6936748623847961
2026-06-12,000598.XSHE,0.8525092005729675
2026-06-22,000598.XSHE,0.765114963054657
2026-06-29,000598.XSHE,0.6487552523612976
2026-07-06,000598.XSHE,0.5423281788825989
2026-07-13,000598.XSHE,0.5585094690322876
2026-07-20,000598.XSHE,0.4279213547706604
2026-07-27,000598.XSHE,0.4057675004005432
2026-01-09,000623.XSHE,0.8402021527290344
2026-01-16,000623.XSHE,0.9096123576164246
2026-01-23,000623.XSHE,0.9280169606208801
2026-01-30,000623.XSHE,0.8903916478157043
2026-02-06,000623.XSHE,0.7837197184562683
2026-02-13,000623.XSHE,0.7378819584846497
2026-03-02,000623.XSHE,0.7223936915397644
2026-03-09,000623.XSHE,0.7618255615234375
2026-03-16,000623.XSHE,0.7968124151229858
2026-03-23,000623.XSHE,0.7550060749053955
2026-03-30,000623.XSHE,0.7305419445037842
2026-04-07,000623.XSHE,0.7169719338417053
2026-04-14,000623.XSHE,0.7358213067054749
2026-04-21,000623.XSHE,0.7213378548622131
2026-04-28,000623.XSHE,0.296015202999115
2026-05-08,000623.XSHE,0.46875500679016113
2026-05-15,000623.XSHE,0.599845290184021
2026-05-22,000623.XSHE,0.6673818230628967
2026-05-29,000623.XSHE,0.6537778973579407
2026-06-05,000623.XSHE,0.696114182472229
2026-06-12,000623.XSHE,0.6269109845161438
2026-06-22,000623.XSHE,0.5956642627716064
2026-06-29,000623.XSHE,0.9630050659179688
2026-07-06,000623.XSHE,0.9368934035301208
2026-07-13,000623.XSHE,0.9532654881477356
2026-07-20,000623.XSHE,0.926292359828949
2026-07-27,000623.XSHE,0.9256219863891602
2026-01-09,000629.XSHE,0.9092236757278442
2026-01-16,000629.XSHE,0.8984960913658142
2026-01-23,000629.XSHE,0.7536979913711548
2026-01-30,000629.XSHE,0.578576922416687
2026-02-06,000629.XSHE,0.6481035947799683
2026-02-13,000629.XSHE,0.6664239764213562
2026-03-02,000629.XSHE,0.5339717268943787
2026-03-09,000629.XSHE,0.4615766406059265
2026-03-16,000629.XSHE,0.4989159107208252
2026-03-23,000629.XSHE,0.5779690146446228
2026-03-30,000629.XSHE,0.6609565615653992
2026-04-07,000629.XSHE,0.6941156983375549
2026-04-14,000629.XSHE,0.7925869226455688
2026-04-21,000629.XSHE,0.8472095131874084
2026-04-28,000629.XSHE,0.8107958436012268
2026-05-08,000629.XSHE,0.6793107390403748
2026-05-15,000629.XSHE,0.6209319233894348
2026-05-22,000629.XSHE,0.0862325057387352
2026-05-29,000629.XSHE,0.08787210285663605
2026-06-05,000629.XSHE,0.20898479223251343
2026-06-12,000629.XSHE,0.33091410994529724
2026-06-22,000629.XSHE,0.2970046401023865
2026-06-29,000629.XSHE,0.43469154834747314
2026-07-06,000629.XSHE,0.6565876007080078
2026-07-13,000629.XSHE,0.8531026244163513
2026-07-20,000629.XSHE,0.9443116784095764
2026-07-27,000629.XSHE,0.9912568926811218
2026-01-09,000683.XSHE,0.8392083644866943
2026-01-16,000683.XSHE,0.7727053761482239
2026-01-23,000683.XSHE,0.7330926060676575
2026-01-30,000683.XSHE,0.6711111664772034
2026-02-06,000683.XSHE,0.4599658250808716
2026-02-13,000683.XSHE,0.43847692012786865
2026-03-02,000683.XSHE,0.25601518154144287
2026-03-09,000683.XSHE,0.2558702230453491
2026-03-16,000683.XSHE,0.26825660467147827
2026-03-23,000683.XSHE,0.40246474742889404
2026-03-30,000683.XSHE,0.5831925272941589
2026-04-07,000683.XSHE,0.4836430549621582
2026-04-14,000683.XSHE,0.43049001693725586
2026-04-21,000683.XSHE,-0.12673144042491913
2026-04-28,000683.XSHE,-0.20606417953968048
2026-05-08,000683.XSHE,-0.18582208454608917
2026-05-15,000683.XSHE,-0.03767314553260803
2026-05-22,000683.XSHE,0.2867555022239685
2026-05-29,000683.XSHE,0.7409271597862244
2026-06-05,000683.XSHE,0.9908548593521118
2026-06-12,000683.XSHE,1.0718950033187866
2026-06-22,000683.XSHE,0.6625099182128906
2026-06-29,000683.XSHE,0.7188898324966431
2026-07-06,000683.XSHE,0.538113534450531
2026-07-13,000683.XSHE,0.48082369565963745
2026-07-20,000683.XSHE,0.37515920400619507
2026-07-27,000683.XSHE,0.35423123836517334
2026-01-09,000703.XSHE,-0.05286228656768799
2026-01-16,000703.XSHE,0.13162341713905334
2026-01-23,000703.XSHE,0.15143805742263794
2026-01-30,000703.XSHE,0.11688846349716187
2026-02-06,000703.XSHE,-0.10732777416706085
2026-02-13,000703.XSHE,-0.12279801070690155
2026-03-02,000703.XSHE,-0.19224368035793304
2026-03-09,000703.XSHE,-0.16021673381328583
2026-03-16,000703.XSHE,-0.05822654068470001
2026-03-23,000703.XSHE,-0.39645814895629883
2026-03-30,000703.XSHE,-0.6028810143470764
2026-04-07,000703.XSHE,-0.8904077410697937
2026-04-14,000703.XSHE,-0.9864794611930847
2026-04-21,000703.XSHE,-0.959500253200531
2026-04-28,000703.XSHE,-0.9907764792442322
2026-05-08,000703.XSHE,-0.8510691523551941
2026-05-15,000703.XSHE,-0.7315365672111511
2026-05-22,000703.XSHE,-0.5470408201217651
2026-05-29,000703.XSHE,-0.3395404815673828
2026-06-05,000703.XSHE,-0.22663621604442596
2026-06-12,000703.XSHE,-0.0883941799402237
2026-06-22,000703.XSHE,0.03590093553066254
2026-06-29,000703.XSHE,-0.010434821248054504
2026-07-06,000703.XSHE,0.06588752567768097
2026-07-13,000703.XSHE,0.31827759742736816
2026-07-20,000703.XSHE,-0.002359047532081604
2026-07-27,000703.XSHE,-0.07142160832881927
2026-01-09,000709.XSHE,0.8730683922767639
2026-01-16,000709.XSHE,0.8581399917602539
2026-01-23,000709.XSHE,0.7922536730766296
2026-01-30,000709.XSHE,0.6947746872901917
2026-02-06,000709.XSHE,0.6539953947067261
2026-02-13,000709.XSHE,0.5073369741439819
2026-03-02,000709.XSHE,0.25672298669815063
2026-03-09,000709.XSHE,0.21039247512817383
2026-03-16,000709.XSHE,0.14439845085144043
2026-03-23,000709.XSHE,0.14020156860351562
2026-03-30,000709.XSHE,0.05571049451828003
2026-04-07,000709.XSHE,0.02511821687221527
2026-04-14,000709.XSHE,0.012488186359405518
2026-04-21,000709.XSHE,0.11935082077980042
2026-04-28,000709.XSHE,0.3758232593536377
2026-05-08,000709.XSHE,0.6222016215324402
2026-05-15,000709.XSHE,0.6638914942741394
2026-05-22,000709.XSHE,0.7185349464416504
2026-05-29,000709.XSHE,0.7033819556236267
2026-06-05,000709.XSHE,0.7156490087509155
2026-06-12,000709.XSHE,0.6954513192176819
2026-06-22,000709.XSHE,0.7520730495452881
2026-06-29,000709.XSHE,0.74537593126297
2026-07-06,000709.XSHE,0.7438068985939026
2026-07-13,000709.XSHE,0.7959465384483337
2026-07-20,000709.XSHE,0.7901676297187805
2026-07-27,000709.XSHE,0.8784366846084595
2026-01-09,000723.XSHE,0.9656323790550232
2026-01-16,000723.XSHE,0.8659489750862122
2026-01-23,000723.XSHE,0.8000406622886658
2026-01-30,000723.XSHE,0.6209448575973511
2026-02-06,000723.XSHE,0.7038736343383789
2026-02-13,000723.XSHE,0.6944087147712708
2026-03-02,000723.XSHE,0.6210583448410034
2026-03-09,000723.XSHE,0.4445456862449646
2026-03-16,000723.XSHE,0.4264219403266907
2026-03-23,000723.XSHE,0.45133429765701294
2026-03-30,000723.XSHE,0.5181547999382019
2026-04-07,000723.XSHE,0.3850463032722473
2026-04-14,000723.XSHE,0.42412471771240234
2026-04-21,000723.XSHE,0.5070575475692749
2026-04-28,000723.XSHE,0.5610777735710144
2026-05-08,000723.XSHE,0.6074967384338379
2026-05-15,000723.XSHE,0.6422629356384277
2026-05-22,000723.XSHE,0.6541832685470581
2026-05-29,000723.XSHE,0.7257283926010132
2026-06-05,000723.XSHE,0.7644064426422119
2026-06-12,000723.XSHE,0.75931316614151
2026-06-22,000723.XSHE,0.739274263381958
2026-06-29,000723.XSHE,0.7295279502868652
2026-07-06,000723.XSHE,0.6849175691604614
2026-07-13,000723.XSHE,0.6590895056724548
2026-07-20,000723.XSHE,0.6795061826705933
2026-07-27,000723.XSHE,0.7214260697364807
2026-01-09,000728.XSHE,0.8255504369735718
2026-01-16,000728.XSHE,0.8008110523223877
2026-01-23,000728.XSHE,0.7870252728462219
2026-01-30,000728.XSHE,0.7543146014213562
2026-02-06,000728.XSHE,0.7674548029899597
2026-02-13,000728.XSHE,0.7748080492019653
2026-03-02,000728.XSHE,0.7812377214431763
2026-03-09,000728.XSHE,0.7767101526260376
2026-03-16,000728.XSHE,0.753567099571228
2026-03-23,000728.XSHE,0.6901279091835022
2026-03-30,000728.XSHE,0.6502605080604553
2026-04-07,000728.XSHE,0.6830408573150635
2026-04-14,000728.XSHE,0.6835430860519409
2026-04-21,000728.XSHE,0.18316175043582916
2026-04-28,000728.XSHE,0.18688738346099854
2026-05-08,000728.XSHE,0.3416576385498047
2026-05-15,000728.XSHE,0.398004949092865
2026-05-22,000728.XSHE,0.34279078245162964
2026-05-29,000728.XSHE,0.48245322704315186
2026-06-05,000728.XSHE,0.632290780544281
2026-06-12,000728.XSHE,0.6190452575683594
2026-06-22,000728.XSHE,0.5315283536911011
2026-06-29,000728.XSHE,0.6171059012413025
2026-07-06,000728.XSHE,0.6519108414649963
2026-07-13,000728.XSHE,0.6385508179664612
2026-07-20,000728.XSHE,0.6928055882453918
2026-07-27,000728.XSHE,0.7430252432823181
2026-01-09,000729.XSHE,0.5234764218330383
2026-01-16,000729.XSHE,0.5585428476333618
2026-01-23,000729.XSHE,0.6290290951728821
2026-01-30,000729.XSHE,0.5492640137672424
2026-02-06,000729.XSHE,0.7123793363571167
2026-02-13,000729.XSHE,0.7830827236175537
2026-03-02,000729.XSHE,0.8624005913734436
2026-03-09,000729.XSHE,0.9159579873085022
2026-03-16,000729.XSHE,0.9315806031227112
2026-03-23,000729.XSHE,0.8657780289649963
2026-03-30,000729.XSHE,0.7392551302909851
2026-04-07,000729.XSHE,0.22052815556526184
2026-04-14,000729.XSHE,0.058397144079208374
2026-04-21,000729.XSHE,0.21319794654846191
2026-04-28,000729.XSHE,0.3053920865058899
2026-05-08,000729.XSHE,0.3635846674442291
2026-05-15,000729.XSHE,0.40791088342666626
2026-05-22,000729.XSHE,0.4017202854156494
2026-05-29,000729.XSHE,0.049141183495521545
2026-06-05,000729.XSHE,0.06281284987926483
2026-06-12,000729.XSHE,0.1357712745666504
2026-06-22,000729.XSHE,0.24713999032974243
2026-06-29,000729.XSHE,0.2500229477882385
2026-07-06,000729.XSHE,0.3792654871940613
2026-07-13,000729.XSHE,0.2824411690235138
2026-07-20,000729.XSHE,0.22610774636268616
2026-07-27,000729.XSHE,0.16622334718704224
2026-03-09,000733.XSHE,0.6283964514732361
2026-03-16,000733.XSHE,0.6741161942481995
2026-03-23,000733.XSHE,0.7250986695289612
2026-03-30,000733.XSHE,0.7394939661026001
2026-04-07,000733.XSHE,0.7109083533287048
2026-04-14,000733.XSHE,0.663421630859375
2026-04-21,000733.XSHE,0.6403633952140808
2026-04-28,000733.XSHE,0.6975038647651672
2026-05-08,000733.XSHE,0.5380691289901733
2026-05-15,000733.XSHE,0.5460799336433411
2026-05-22,000733.XSHE,0.20397284626960754
2026-05-29,000733.XSHE,0.3068307340145111
2026-06-05,000733.XSHE,0.2724921703338623
2026-06-12,000733.XSHE,0.30225321650505066
2026-06-22,000733.XSHE,0.21350902318954468
2026-06-29,000733.XSHE,0.21427977085113525
2026-07-06,000733.XSHE,0.17801164090633392
2026-07-13,000733.XSHE,0.12649890780448914
2026-07-20,000733.XSHE,0.09704829752445221
2026-07-27,000733.XSHE,0.10639838874340057
2026-01-09,000738.XSHE,-0.1318013221025467
2026-01-16,000738.XSHE,0.01740756630897522
2026-01-23,000738.XSHE,0.08265072107315063
2026-01-30,000738.XSHE,0.16760019958019257
2026-02-06,000738.XSHE,0.15853092074394226
2026-02-13,000738.XSHE,-0.33520764112472534
2026-03-02,000738.XSHE,-0.4743610620498657
2026-03-09,000738.XSHE,-0.49287980794906616
2026-03-16,000738.XSHE,-0.4970395565032959
2026-03-23,000738.XSHE,-0.4716227054595947
2026-03-30,000738.XSHE,-0.40876317024230957
2026-04-07,000738.XSHE,-0.2772755026817322
2026-04-14,000738.XSHE,-0.023317351937294006
2026-04-21,000738.XSHE,0.21938063204288483
2026-04-28,000738.XSHE,0.49743330478668213
2026-05-08,000738.XSHE,0.4237179160118103
2026-05-15,000738.XSHE,0.7780558466911316
2026-05-22,000738.XSHE,0.8165575861930847
2026-05-29,000738.XSHE,0.8312292098999023
2026-06-05,000738.XSHE,0.8210963606834412
2026-06-12,000738.XSHE,0.6503453254699707
2026-06-22,000738.XSHE,0.8022673726081848
2026-06-29,000738.XSHE,0.8062601685523987
2026-07-06,000738.XSHE,0.770205557346344
2026-07-13,000738.XSHE,0.7215469479560852
2026-07-20,000738.XSHE,0.7540867924690247
2026-07-27,000738.XSHE,0.7571314573287964
2026-01-09,000739.XSHE,0.3901519775390625
2026-01-16,000739.XSHE,0.31015658378601074
2026-01-23,000739.XSHE,0.1799781173467636
2026-01-30,000739.XSHE,0.1052515059709549
2026-02-06,000739.XSHE,-0.01090414822101593
2026-02-13,000739.XSHE,0.04626487195491791
2026-03-02,000739.XSHE,0.2956075072288513
2026-03-09,000739.XSHE,0.5788804292678833
2026-03-16,000739.XSHE,0.7223531007766724
2026-03-23,000739.XSHE,0.6978010535240173
2026-03-30,000739.XSHE,0.6926805377006531
2026-04-07,000739.XSHE,0.6902065873146057
2026-04-14,000739.XSHE,0.7292943000793457
2026-04-21,000739.XSHE,0.3014906346797943
2026-04-28,000739.XSHE,0.4142512083053589
2026-05-08,000739.XSHE,0.5395289063453674
2026-05-15,000739.XSHE,0.5811809301376343
2026-05-22,000739.XSHE,0.738723874092102
2026-05-29,000739.XSHE,0.8199350833892822
2026-06-05,000739.XSHE,0.8522548079490662
2026-06-12,000739.XSHE,0.8034055829048157
2026-06-22,000739.XSHE,0.9057456851005554
2026-06-29,000739.XSHE,0.6192359328269958
2026-07-06,000739.XSHE,0.6263909339904785
2026-07-13,000739.XSHE,0.5458876490592957
2026-07-20,000739.XSHE,0.39040833711624146
2026-07-27,000739.XSHE,0.2741994857788086
2026-01-09,000750.XSHE,0.8526954650878906
2026-01-16,000750.XSHE,0.8604140877723694
2026-01-23,000750.XSHE,0.8524230122566223
2026-01-30,000750.XSHE,0.8446133136749268
2026-02-06,000750.XSHE,0.8262989521026611
2026-02-13,000750.XSHE,0.7895110845565796
2026-03-02,000750.XSHE,0.7765922546386719
2026-03-09,000750.XSHE,0.7848502993583679
2026-03-16,000750.XSHE,0.7615200877189636
2026-03-23,000750.XSHE,0.6852318048477173
2026-03-30,000750.XSHE,0.6502833366394043
2026-04-07,000750.XSHE,0.6625186204910278
2026-04-14,000750.XSHE,0.725532591342926
2026-04-21,000750.XSHE,0.7209393978118896
2026-04-28,000750.XSHE,0.7090060114860535
2026-05-08,000750.XSHE,0.7681424617767334
2026-05-15,000750.XSHE,0.7483620047569275
2026-05-22,000750.XSHE,0.7405164241790771
2026-05-29,000750.XSHE,0.722922682762146
2026-06-05,000750.XSHE,0.760621190071106
2026-06-12,000750.XSHE,0.6401551961898804
2026-06-22,000750.XSHE,0.7241763472557068
2026-06-29,000750.XSHE,0.8596314787864685
2026-07-06,000750.XSHE,0.8656801581382751
2026-07-13,000750.XSHE,0.8974893689155579
2026-07-20,000750.XSHE,0.9348577857017517
2026-07-27,000750.XSHE,0.9936046004295349
2026-01-09,000783.XSHE,0.8809865713119507
2026-01-16,000783.XSHE,1.0315190553665161
2026-01-23,000783.XSHE,1.0431034564971924
2026-01-30,000783.XSHE,0.9661155343055725
2026-02-06,000783.XSHE,0.9161202311515808
2026-02-13,000783.XSHE,0.8720238208770752
2026-03-02,000783.XSHE,0.8490126132965088
2026-03-09,000783.XSHE,0.8429162502288818
2026-03-16,000783.XSHE,0.7688429951667786
2026-03-23,000783.XSHE,0.7604221701622009
2026-03-30,000783.XSHE,0.7582398056983948
2026-04-07,000783.XSHE,0.7754450440406799
2026-04-14,000783.XSHE,0.7504160404205322
2026-04-21,000783.XSHE,0.7396296262741089
2026-04-28,000783.XSHE,0.5202178955078125
2026-05-08,000783.XSHE,0.2971440553665161
2026-05-15,000783.XSHE,0.41573262214660645
2026-05-22,000783.XSHE,0.5282887816429138
2026-05-29,000783.XSHE,0.5739919543266296
2026-06-05,000783.XSHE,0.5583652257919312
2026-06-12,000783.XSHE,0.2295193076133728
2026-06-22,000783.XSHE,-0.12490524351596832
2026-06-29,000783.XSHE,-0.21821849048137665
2026-07-06,000783.XSHE,-0.14790339767932892
2026-07-13,000783.XSHE,-0.15904133021831512
2026-07-20,000783.XSHE,-0.0570283979177475
2026-07-27,000783.XSHE,0.09658536314964294
2026-01-09,000785.XSHE,0.28937840461730957
2026-01-16,000785.XSHE,0.20809674263000488
2026-01-23,000785.XSHE,0.391299843788147
2026-01-30,000785.XSHE,0.6300255656242371
2026-02-06,000785.XSHE,0.7233265042304993
2026-02-13,000785.XSHE,0.7455046772956848
2026-03-02,000785.XSHE,0.739188551902771
2026-03-09,000785.XSHE,0.7821096777915955
2026-03-16,000785.XSHE,0.753753662109375
2026-03-23,000785.XSHE,0.5986804962158203
2026-03-30,000785.XSHE,0.5288676023483276
2026-04-07,000785.XSHE,0.5394335985183716
2026-04-14,000785.XSHE,0.5742062330245972
2026-04-21,000785.XSHE,0.6066505908966064
2026-04-28,000785.XSHE,0.6941743493080139
2026-05-08,000785.XSHE,0.7383279204368591
2026-05-15,000785.XSHE,0.7489118576049805
2026-05-22,000785.XSHE,0.7710490226745605
2026-05-29,000785.XSHE,0.7898258566856384
2026-06-05,000785.XSHE,0.4045974016189575
2026-06-12,000785.XSHE,0.5242981910705566
2026-06-22,000785.XSHE,0.5286568403244019
2026-06-29,000785.XSHE,0.5085263252258301
2026-07-06,000785.XSHE,0.5248772501945496
2026-07-13,000785.XSHE,0.6132468581199646
2026-07-20,000785.XSHE,0.7609903216362
2026-07-27,000785.XSHE,0.8248559832572937
2026-01-09,000825.XSHE,0.18277594447135925
2026-01-16,000825.XSHE,0.3277045488357544
2026-01-23,000825.XSHE,0.21578215062618256
2026-01-30,000825.XSHE,0.2922668755054474
2026-02-06,000825.XSHE,0.3723318874835968
2026-02-13,000825.XSHE,0.4471208453178406
2026-03-02,000825.XSHE,0.26211491227149963
2026-03-09,000825.XSHE,0.3321678042411804
2026-03-16,000825.XSHE,0.4249558448791504
2026-03-23,000825.XSHE,0.5602657794952393
2026-03-30,000825.XSHE,0.7103636860847473
2026-04-07,000825.XSHE,0.8896400332450867
2026-04-14,000825.XSHE,0.9970798492431641
2026-04-21,000825.XSHE,1.0172350406646729
2026-04-28,000825.XSHE,0.8303529024124146
2026-05-08,000825.XSHE,0.6062564253807068
2026-05-15,000825.XSHE,0.6685484647750854
2026-05-22,000825.XSHE,0.7142034769058228
2026-05-29,000825.XSHE,0.8011763095855713
2026-06-05,000825.XSHE,0.8439791798591614
2026-06-12,000825.XSHE,0.8498883843421936
2026-06-22,000825.XSHE,0.8897907137870789
2026-06-29,000825.XSHE,0.8516867160797119
2026-07-06,000825.XSHE,0.813564658164978
2026-07-13,000825.XSHE,0.8360708355903625
2026-07-20,000825.XSHE,0.9170268774032593
2026-07-27,000825.XSHE,0.8527433276176453
2026-01-09,000830.XSHE,0.028356924653053284
2026-01-16,000830.XSHE,-0.17454011738300323
2026-01-23,000830.XSHE,-0.30300939083099365
2026-01-30,000830.XSHE,-0.3591843247413635
2026-02-06,000830.XSHE,-0.3377854824066162
2026-02-13,000830.XSHE,0.059170350432395935
2026-03-02,000830.XSHE,0.17852073907852173
2026-03-09,000830.XSHE,0.3309851288795471
2026-03-16,000830.XSHE,0.35521575808525085
2026-03-23,000830.XSHE,0.4868723154067993
2026-03-30,000830.XSHE,0.41947317123413086
2026-04-07,000830.XSHE,0.1875210851430893
2026-04-14,000830.XSHE,0.32663142681121826
2026-04-21,000830.XSHE,0.4805503487586975
2026-04-28,000830.XSHE,0.5492488145828247
2026-05-08,000830.XSHE,0.7153924107551575
2026-05-15,000830.XSHE,0.7618263363838196
2026-05-22,000830.XSHE,0.7672189474105835
2026-05-29,000830.XSHE,0.8293278813362122
2026-06-05,000830.XSHE,0.8130375742912292
2026-06-12,000830.XSHE,0.6787047982215881
2026-06-22,000830.XSHE,0.584418773651123
2026-06-29,000830.XSHE,0.6771860122680664
2026-07-06,000830.XSHE,0.6362678408622742
2026-07-13,000830.XSHE,0.643076479434967
2026-07-20,000830.XSHE,0.6726205945014954
2026-07-27,000830.XSHE,0.6663446426391602
2026-01-09,000831.XSHE,0.6761406660079956
2026-01-16,000831.XSHE,0.678826630115509
2026-01-23,000831.XSHE,0.6820113062858582
2026-01-30,000831.XSHE,0.6329568028450012
2026-02-06,000831.XSHE,0.5325115323066711
2026-02-13,000831.XSHE,0.584453821182251
2026-03-02,000831.XSHE,0.5153361558914185
2026-03-09,000831.XSHE,0.6188091039657593
2026-03-16,000831.XSHE,0.744860827922821
2026-03-23,000831.XSHE,0.6557614207267761
2026-03-30,000831.XSHE,0.7087153792381287
2026-04-07,000831.XSHE,0.4864320755004883
2026-04-14,000831.XSHE,0.5057365894317627
2026-04-21,000831.XSHE,0.40596458315849304
2026-04-28,000831.XSHE,0.4924485683441162
2026-05-08,000831.XSHE,0.5946313738822937
2026-05-15,000831.XSHE,0.37781935930252075
2026-05-22,000831.XSHE,0.481731653213501
2026-05-29,000831.XSHE,0.5379387140274048
2026-06-05,000831.XSHE,0.509459912776947
2026-06-12,000831.XSHE,0.4166645407676697
2026-06-22,000831.XSHE,0.17928862571716309
2026-06-29,000831.XSHE,0.20839878916740417
2026-07-06,000831.XSHE,0.2633712887763977
2026-07-13,000831.XSHE,0.48018813133239746
2026-07-20,000831.XSHE,0.820431649684906
2026-07-27,000831.XSHE,0.9740180373191833
2026-01-09,000878.XSHE,0.18747076392173767
2026-01-16,000878.XSHE,0.35086268186569214
2026-01-23,000878.XSHE,0.5871373414993286
2026-01-30,000878.XSHE,0.5343461632728577
2026-02-06,000878.XSHE,0.6804698705673218
2026-02-13,000878.XSHE,0.7956690192222595
2026-03-02,000878.XSHE,0.6375945806503296
2026-03-09,000878.XSHE,0.5570796728134155
2026-03-16,000878.XSHE,0.4322475790977478
2026-03-23,000878.XSHE,0.23813113570213318
2026-03-30,000878.XSHE,0.17227758467197418
2026-04-07,000878.XSHE,0.17083729803562164
2026-04-14,000878.XSHE,0.11959324777126312
2026-04-21,000878.XSHE,0.21013052761554718
2026-04-28,000878.XSHE,0.31366103887557983
2026-05-08,000878.XSHE,0.3463602662086487
2026-05-15,000878.XSHE,0.3882332146167755
2026-05-22,000878.XSHE,0.3774334788322449
2026-05-29,000878.XSHE,0.48239850997924805
2026-06-05,000878.XSHE,0.5549197196960449
2026-06-12,000878.XSHE,0.4604352116584778
2026-06-22,000878.XSHE,0.5378219485282898
2026-06-29,000878.XSHE,0.648161768913269
2026-07-06,000878.XSHE,0.7091653943061829
2026-07-13,000878.XSHE,0.7143837213516235
2026-07-20,000878.XSHE,0.7087392807006836
2026-07-27,000878.XSHE,0.7204630970954895
2026-01-09,000883.XSHE,0.6254797577857971
2026-01-16,000883.XSHE,0.5027415156364441
2026-01-23,000883.XSHE,0.5535279512405396
2026-01-30,000883.XSHE,0.5351137518882751
2026-02-06,000883.XSHE,0.5512017607688904
2026-02-13,000883.XSHE,0.4264146685600281
2026-03-02,000883.XSHE,0.0809018462896347
2026-03-09,000883.XSHE,0.060850486159324646
2026-03-16,000883.XSHE,0.0336211621761322
2026-03-23,000883.XSHE,-0.018485084176063538
2026-03-30,000883.XSHE,-0.048025742173194885
2026-04-07,000883.XSHE,0.046425268054008484
2026-04-14,000883.XSHE,0.1573130190372467
2026-04-21,000883.XSHE,0.16428229212760925
2026-04-28,000883.XSHE,0.032614871859550476
2026-05-08,000883.XSHE,-0.0013678818941116333
2026-05-15,000883.XSHE,0.0325402170419693
2026-05-22,000883.XSHE,0.12271085381507874
2026-05-29,000883.XSHE,-0.12192235887050629
2026-06-05,000883.XSHE,-0.10296790301799774
2026-06-12,000883.XSHE,-0.02148158848285675
2026-06-22,000883.XSHE,0.06113387644290924
2026-06-29,000883.XSHE,0.14384683966636658
2026-07-06,000883.XSHE,0.4299391508102417
2026-07-13,000883.XSHE,0.7135021090507507
2026-07-20,000883.XSHE,0.8797267079353333
2026-07-27,000883.XSHE,1.0835942029953003
2026-01-09,000887.XSHE,0.7572345733642578
2026-01-16,000887.XSHE,0.7029369473457336
2026-01-23,000887.XSHE,0.751400887966156
2026-01-30,000887.XSHE,0.7694740891456604
2026-02-06,000887.XSHE,0.8163257837295532
2026-02-13,000887.XSHE,0.8724850416183472
2026-03-02,000887.XSHE,0.8449721932411194
2026-03-09,000887.XSHE,0.7631620764732361
2026-03-16,000887.XSHE,0.7259925007820129
2026-03-23,000887.XSHE,0.7569662928581238
2026-03-30,000887.XSHE,0.756382167339325
2026-04-07,000887.XSHE,0.7296982407569885
2026-04-14,000887.XSHE,0.6984356045722961
2026-04-21,000887.XSHE,0.6930252909660339
2026-04-28,000887.XSHE,0.6173967719078064
2026-05-08,000887.XSHE,0.5043226480484009
2026-05-15,000887.XSHE,0.2817375659942627
2026-05-22,000887.XSHE,0.2367841750383377
2026-05-29,000887.XSHE,0.43426066637039185
2026-06-05,000887.XSHE,0.3810727000236511
2026-06-12,000887.XSHE,0.4145227074623108
2026-06-22,000887.XSHE,0.14170968532562256
2026-06-29,000887.XSHE,0.17298947274684906
2026-07-06,000887.XSHE,0.03361235558986664
2026-07-13,000887.XSHE,-0.11458338797092438
2026-07-20,000887.XSHE,-0.0339120477437973
2026-07-27,000887.XSHE,0.07248849421739578
2026-01-09,000893.XSHE,0.9413532018661499
2026-01-16,000893.XSHE,1.044185996055603
2026-01-23,000893.XSHE,1.064700722694397
2026-01-30,000893.XSHE,1.0302714109420776
2026-02-06,000893.XSHE,0.9012712240219116
2026-02-13,000893.XSHE,0.8770413398742676
2026-03-02,000893.XSHE,0.3271409273147583
2026-03-09,000893.XSHE,-0.01198604702949524
2026-03-16,000893.XSHE,-0.26379305124282837
2026-03-23,000893.XSHE,-0.3437841534614563
2026-03-30,000893.XSHE,-0.4117266535758972
2026-04-07,000893.XSHE,-0.49328988790512085
2026-04-14,000893.XSHE,-0.7516964077949524
2026-04-21,000893.XSHE,-0.8320499062538147
2026-04-28,000893.XSHE,-0.85500568151474
2026-05-08,000893.XSHE,-0.6218625903129578
2026-05-15,000893.XSHE,-0.39498376846313477
2026-05-22,000893.XSHE,-0.020133569836616516
2026-05-29,000893.XSHE,0.4454612135887146
2026-06-05,000893.XSHE,0.6092119812965393
2026-06-12,000893.XSHE,0.951904833316803
2026-06-22,000893.XSHE,0.8812897205352783
2026-06-29,000893.XSHE,0.93462735414505
2026-07-06,000893.XSHE,0.9236739277839661
2026-07-13,000893.XSHE,0.8098023533821106
2026-07-20,000893.XSHE,0.6774656176567078
2026-07-27,000893.XSHE,0.7232199907302856
2026-01-09,000898.XSHE,0.8542096018791199
2026-01-16,000898.XSHE,0.7944433689117432
2026-01-23,000898.XSHE,0.6373043060302734
2026-01-30,000898.XSHE,0.6616176962852478
2026-02-06,000898.XSHE,0.6409336924552917
2026-02-13,000898.XSHE,0.43894097208976746
2026-03-02,000898.XSHE,0.30189841985702515
2026-03-09,000898.XSHE,0.34557580947875977
2026-03-16,000898.XSHE,0.25496211647987366
2026-03-23,000898.XSHE,0.19444644451141357
2026-03-30,000898.XSHE,0.13864612579345703
2026-04-07,000898.XSHE,0.1556887924671173
2026-04-14,000898.XSHE,0.18657755851745605
2026-04-21,000898.XSHE,0.3150988221168518
2026-04-28,000898.XSHE,0.4620734453201294
2026-05-08,000898.XSHE,0.5641747713088989
2026-05-15,000898.XSHE,0.5760268568992615
2026-05-22,000898.XSHE,0.6176939606666565
2026-05-29,000898.XSHE,0.6339437365531921
2026-06-05,000898.XSHE,0.6162095069885254
2026-06-12,000898.XSHE,0.6096234917640686
2026-06-22,000898.XSHE,0.645613968372345
2026-06-29,000898.XSHE,0.6873214244842529
2026-07-06,000898.XSHE,0.7324855327606201
2026-07-13,000898.XSHE,0.8010364174842834
2026-07-20,000898.XSHE,0.7797205448150635
2026-07-27,000898.XSHE,0.869276225566864
2026-02-06,000921.XSHE,0.5071570873260498
2026-02-13,000921.XSHE,0.5189700126647949
2026-03-02,000921.XSHE,0.47986382246017456
2026-03-09,000921.XSHE,0.48476505279541016
2026-03-16,000921.XSHE,0.5082154870033264
2026-03-23,000921.XSHE,0.3916980028152466
2026-03-30,000921.XSHE,0.3174426555633545
2026-04-07,000921.XSHE,0.3916807770729065
2026-04-14,000921.XSHE,0.4843473434448242
2026-04-21,000921.XSHE,0.6282686591148376
2026-04-28,000921.XSHE,0.7615633606910706
2026-05-08,000921.XSHE,0.9765890836715698
2026-05-15,000921.XSHE,0.8401538133621216
2026-05-22,000921.XSHE,1.0692111253738403
2026-05-29,000921.XSHE,0.9448332786560059
2026-06-05,000921.XSHE,0.898145318031311
2026-06-12,000921.XSHE,0.7202337384223938
2026-06-22,000921.XSHE,0.7219420075416565
2026-06-29,000921.XSHE,0.35687941312789917
2026-07-06,000921.XSHE,0.384382426738739
2026-07-13,000921.XSHE,0.4664006233215332
2026-07-20,000921.XSHE,0.4927665591239929
2026-07-27,000921.XSHE,0.2414994239807129
2026-01-09,000932.XSHE,0.7241846919059753
2026-01-16,000932.XSHE,0.7040576338768005
2026-01-23,000932.XSHE,0.7325083613395691
2026-01-30,000932.XSHE,0.5026336312294006
2026-02-06,000932.XSHE,0.5709725022315979
2026-02-13,000932.XSHE,0.5263428092002869
2026-03-02,000932.XSHE,0.4821680188179016
2026-03-09,000932.XSHE,0.52882319688797
2026-03-16,000932.XSHE,0.5011741518974304
2026-03-23,000932.XSHE,0.5113717317581177
2026-03-30,000932.XSHE,0.5750065445899963
2026-04-07,000932.XSHE,0.6666420698165894
2026-04-14,000932.XSHE,0.6811496019363403
2026-04-21,000932.XSHE,0.6807772517204285
2026-04-28,000932.XSHE,0.6540248990058899
2026-05-08,000932.XSHE,0.6508244872093201
2026-05-15,000932.XSHE,0.5873663425445557
2026-05-22,000932.XSHE,0.5843424201011658
2026-05-29,000932.XSHE,0.5248120427131653
2026-06-05,000932.XSHE,0.5827142000198364
2026-06-12,000932.XSHE,0.3824974596500397
2026-06-22,000932.XSHE,0.3928315043449402
2026-06-29,000932.XSHE,0.18180054426193237
2026-07-06,000932.XSHE,0.3438531756401062
2026-07-13,000932.XSHE,0.35638415813446045
2026-07-20,000932.XSHE,0.3326200842857361
2026-07-27,000932.XSHE,0.47126078605651855
2026-01-09,000933.XSHE,0.8104422688484192
2026-01-16,000933.XSHE,0.6928126215934753
2026-01-23,000933.XSHE,0.5444602966308594
2026-01-30,000933.XSHE,0.34707581996917725
2026-02-06,000933.XSHE,0.21680186688899994
2026-02-13,000933.XSHE,0.2566797733306885
2026-03-02,000933.XSHE,0.18914881348609924
2026-03-09,000933.XSHE,0.09523006528615952
2026-03-16,000933.XSHE,0.10468227416276932
2026-03-23,000933.XSHE,0.38367152214050293
2026-03-30,000933.XSHE,0.3547251522541046
2026-04-07,000933.XSHE,0.5223805904388428
2026-04-14,000933.XSHE,0.5262816548347473
2026-04-21,000933.XSHE,0.6513093113899231
2026-04-28,000933.XSHE,0.7654349207878113
2026-05-08,000933.XSHE,0.8091571927070618
2026-01-09,000937.XSHE,0.4297157824039459
2026-01-16,000937.XSHE,0.4803468585014343
2026-01-23,000937.XSHE,0.5277957320213318
2026-01-30,000937.XSHE,0.38522210717201233
2026-02-06,000937.XSHE,0.41450631618499756
2026-02-13,000937.XSHE,0.4361621141433716
2026-03-02,000937.XSHE,0.26344916224479675
2026-03-09,000937.XSHE,0.13155131042003632
2026-03-16,000937.XSHE,0.3139510750770569
2026-03-23,000937.XSHE,0.10870619118213654
2026-03-30,000937.XSHE,0.21841514110565186
2026-04-07,000937.XSHE,0.16847921907901764
2026-04-14,000937.XSHE,0.3005494475364685
2026-04-21,000937.XSHE,0.2429499626159668
2026-04-28,000937.XSHE,0.27046847343444824
2026-05-08,000937.XSHE,0.13220541179180145
2026-05-15,000937.XSHE,0.3131817579269409
2026-05-22,000937.XSHE,0.39295896887779236
2026-05-29,000937.XSHE,0.382160484790802
2026-06-05,000937.XSHE,0.37642037868499756
2026-06-12,000937.XSHE,0.42266780138015747
2026-06-22,000937.XSHE,0.30959972739219666
2026-06-29,000937.XSHE,0.23929175734519958
2026-07-06,000937.XSHE,0.33061814308166504
2026-07-13,000937.XSHE,0.6090964674949646
2026-07-20,000937.XSHE,0.6876916289329529
2026-07-27,000937.XSHE,0.3566373288631439
2026-01-09,000958.XSHE,0.7396183013916016
2026-01-16,000958.XSHE,0.7971076369285583
2026-01-23,000958.XSHE,0.7774848341941833
2026-01-30,000958.XSHE,0.73637855052948
2026-02-06,000958.XSHE,0.7117695212364197
2026-02-13,000958.XSHE,0.6832917332649231
2026-03-02,000958.XSHE,0.6668461561203003
2026-03-09,000958.XSHE,0.6880519986152649
2026-03-16,000958.XSHE,0.7197562456130981
2026-03-23,000958.XSHE,0.6589096784591675
2026-03-30,000958.XSHE,0.585914671421051
2026-04-07,000958.XSHE,0.5542605519294739
2026-04-14,000958.XSHE,0.5916075706481934
2026-04-21,000958.XSHE,0.5768685340881348
2026-04-28,000958.XSHE,0.5374941229820251
2026-05-08,000958.XSHE,0.5856310725212097
2026-01-09,000959.XSHE,0.19043689966201782
2026-01-16,000959.XSHE,0.20540663599967957
2026-01-23,000959.XSHE,0.19092659652233124
2026-01-30,000959.XSHE,0.1686611771583557
2026-02-06,000959.XSHE,0.2498842030763626
2026-02-13,000959.XSHE,0.35496145486831665
2026-03-02,000959.XSHE,0.4724321961402893
2026-03-09,000959.XSHE,0.6954891085624695
2026-03-16,000959.XSHE,0.8430421948432922
2026-03-23,000959.XSHE,0.8281395435333252
2026-04-28,000959.XSHE,0.9311986565589905
2026-05-08,000959.XSHE,0.9555893540382385
2026-05-15,000959.XSHE,0.9144273400306702
2026-05-22,000959.XSHE,0.8526169657707214
2026-05-29,000959.XSHE,0.8283033967018127
2026-06-05,000959.XSHE,0.813564121723175
2026-06-12,000959.XSHE,0.6171901822090149
2026-06-22,000959.XSHE,0.6970083713531494
2026-06-29,000959.XSHE,0.5607532858848572
2026-07-06,000959.XSHE,0.7871137261390686
2026-07-13,000959.XSHE,0.7846684455871582
2026-07-20,000959.XSHE,0.8990811109542847
2026-07-27,000959.XSHE,0.9280514717102051
2026-01-09,000960.XSHE,0.6666696667671204
2026-01-16,000960.XSHE,0.5324923992156982
2026-01-23,000960.XSHE,0.5193750858306885
2026-01-30,000960.XSHE,0.410488486289978
2026-02-06,000960.XSHE,0.45888084173202515
2026-02-13,000960.XSHE,0.4257897734642029
2026-03-02,000960.XSHE,0.17914004623889923
2026-03-09,000960.XSHE,0.23231156170368195
2026-03-16,000960.XSHE,0.24405570328235626
2026-03-23,000960.XSHE,0.20025984942913055
2026-03-30,000960.XSHE,0.14487884938716888
2026-04-07,000960.XSHE,0.1871698647737503
2026-04-14,000960.XSHE,0.14114485681056976
2026-04-21,000960.XSHE,0.1068226620554924
2026-04-28,000960.XSHE,0.07412926107645035
2026-05-08,000960.XSHE,0.21726094186306
2026-05-15,000960.XSHE,0.34836018085479736
2026-05-22,000960.XSHE,0.35770660638809204
2026-05-29,000960.XSHE,0.3961528539657593
2026-06-05,000960.XSHE,0.25200197100639343
2026-06-12,000960.XSHE,0.06263716518878937
2026-06-22,000960.XSHE,-0.018744423985481262
2026-06-29,000960.XSHE,-0.18614988029003143
2026-07-06,000960.XSHE,-0.22195838391780853
2026-07-13,000960.XSHE,-0.22901012003421783
2026-07-20,000960.XSHE,-0.1851128190755844
2026-07-27,000960.XSHE,-0.08934454619884491
2026-01-09,000967.XSHE,0.7655925154685974
2026-01-16,000967.XSHE,0.7465512156486511
2026-01-23,000967.XSHE,0.6657081842422485
2026-01-30,000967.XSHE,0.6516894698143005
2026-02-06,000967.XSHE,0.721524715423584
2026-02-13,000967.XSHE,0.6212753057479858
2026-03-02,000967.XSHE,0.5258467793464661
2026-03-09,000967.XSHE,0.10241442918777466
2026-03-16,000967.XSHE,-0.013616040349006653
2026-03-23,000967.XSHE,-0.003081217408180237
2026-03-30,000967.XSHE,0.10923634469509125
2026-04-07,000967.XSHE,0.0393783301115036
2026-04-14,000967.XSHE,0.025948062539100647
2026-04-21,000967.XSHE,-0.09774725139141083
2026-04-28,000967.XSHE,0.13387708365917206
2026-05-08,000967.XSHE,0.22010795772075653
2026-05-15,000967.XSHE,0.30918556451797485
2026-05-22,000967.XSHE,0.33986157178878784
2026-05-29,000967.XSHE,0.5246195197105408
2026-06-05,000967.XSHE,0.5921322703361511
2026-06-12,000967.XSHE,0.6176284551620483
2026-06-22,000967.XSHE,0.5223275423049927
2026-06-29,000967.XSHE,0.3539700210094452
2026-07-06,000967.XSHE,0.2715085446834564
2026-07-13,000967.XSHE,0.25311797857284546
2026-07-20,000967.XSHE,0.3070378303527832
2026-07-27,000967.XSHE,0.009802386164665222
2026-06-29,000983.XSHE,0.981680691242218
2026-07-06,000983.XSHE,0.8412091135978699
2026-07-13,000983.XSHE,0.8233591914176941
2026-07-20,000983.XSHE,0.8416957259178162
2026-07-27,000983.XSHE,0.8260405659675598
2026-01-09,000987.XSHE,0.3535414934158325
2026-01-16,000987.XSHE,0.20685207843780518
2026-01-23,000987.XSHE,0.2233916074037552
2026-01-30,000987.XSHE,0.4682459831237793
2026-02-06,000987.XSHE,0.6354762315750122
2026-02-13,000987.XSHE,0.670814573764801
2026-03-02,000987.XSHE,0.6471689343452454
2026-03-09,000987.XSHE,0.5578815937042236
2026-03-16,000987.XSHE,0.395735502243042
2026-03-23,000987.XSHE,0.3223496675491333
2026-03-30,000987.XSHE,0.1914861798286438
2026-04-07,000987.XSHE,0.26217329502105713
2026-04-14,000987.XSHE,0.2994977533817291
2026-04-21,000987.XSHE,0.293995201587677
2026-04-28,000987.XSHE,0.3199635148048401
2026-05-08,000987.XSHE,0.4384180009365082
2026-05-15,000987.XSHE,0.5819782018661499
2026-05-22,000987.XSHE,0.7382155060768127
2026-05-29,000987.XSHE,0.8657156825065613
2026-06-05,000987.XSHE,0.9415706396102905
2026-06-12,000987.XSHE,0.9034464955329895
2026-06-22,000987.XSHE,0.5230766534805298
2026-06-29,000987.XSHE,0.6701024770736694
2026-07-06,000987.XSHE,0.6653159856796265
2026-07-13,000987.XSHE,0.6856417655944824
2026-07-20,000987.XSHE,0.6923063397407532
2026-07-27,000987.XSHE,0.7187724113464355
2026-01-09,000997.XSHE,0.5619593858718872
2026-01-16,000997.XSHE,0.5732397437095642
2026-01-23,000997.XSHE,0.6137222051620483
2026-01-30,000997.XSHE,0.6732010841369629
2026-02-06,000997.XSHE,0.6691491007804871
2026-02-13,000997.XSHE,0.6636834144592285
2026-03-02,000997.XSHE,0.5067768692970276
2026-03-09,000997.XSHE,0.5052684545516968
2026-03-16,000997.XSHE,0.506378710269928
2026-03-23,000997.XSHE,0.49207603931427
2026-03-30,000997.XSHE,0.4909571409225464
2026-04-07,000997.XSHE,0.5617705583572388
2026-04-14,000997.XSHE,0.5113230347633362
2026-04-21,000997.XSHE,0.5243259072303772
2026-04-28,000997.XSHE,0.5548657774925232
2026-05-08,000997.XSHE,0.24496224522590637
2026-05-15,000997.XSHE,0.42626234889030457
2026-05-22,000997.XSHE,0.33249709010124207
2026-05-29,000997.XSHE,0.5081881284713745
2026-06-05,000997.XSHE,0.45990490913391113
2026-06-12,000997.XSHE,0.3094128966331482
2026-06-22,000997.XSHE,0.13614356517791748
2026-06-29,000997.XSHE,0.1557956337928772
2026-07-06,000997.XSHE,0.15058736503124237
2026-07-13,000997.XSHE,0.20414811372756958
2026-07-20,000997.XSHE,0.2864929139614105
2026-07-27,000997.XSHE,0.43689221143722534
2026-06-29,001203.XSHE,-0.22269003093242645
2026-07-06,001203.XSHE,-0.43584805727005005
2026-07-13,001203.XSHE,-0.5522000789642334
2026-07-20,001203.XSHE,-0.5147014260292053
2026-07-27,001203.XSHE,-0.5537689328193665
2026-01-09,001286.XSHE,0.7830818891525269
2026-01-16,001286.XSHE,1.1472526788711548
2026-01-23,001286.XSHE,1.2020363807678223
2026-01-30,001286.XSHE,1.0685991048812866
2026-02-06,001286.XSHE,1.0102283954620361
2026-02-13,001286.XSHE,0.86827152967453
2026-03-02,001286.XSHE,0.49101799726486206
2026-03-09,001286.XSHE,0.34196531772613525
2026-03-16,001286.XSHE,0.15922339260578156
2026-03-23,001286.XSHE,0.10670565068721771
2026-03-30,001286.XSHE,0.1475064903497696
2026-04-07,001286.XSHE,0.3083339333534241
2026-04-14,001286.XSHE,0.3477976620197296
2026-04-21,001286.XSHE,0.06251266598701477
2026-04-28,001286.XSHE,0.2234276533126831
2026-05-08,001286.XSHE,0.26597127318382263
2026-05-15,001286.XSHE,0.2851370871067047
2026-05-22,001286.XSHE,0.2952619791030884
2026-05-29,001286.XSHE,0.016933053731918335
2026-06-05,001286.XSHE,-0.03412286937236786
2026-06-12,001286.XSHE,-0.14549337327480316
2026-06-22,001286.XSHE,-0.098909392952919
2026-06-29,001286.XSHE,0.13589312136173248
2026-07-06,001286.XSHE,0.3199330270290375
2026-07-13,001286.XSHE,0.40522098541259766
2026-07-20,001286.XSHE,0.4471096992492676
2026-07-27,001286.XSHE,0.4170529246330261
2026-01-09,002008.XSHE,0.1650596559047699
2026-01-16,002008.XSHE,0.1449851244688034
2026-01-23,002008.XSHE,0.22824878990650177
2026-01-30,002008.XSHE,0.3348240852355957
2026-02-06,002008.XSHE,0.4915148615837097
2026-02-13,002008.XSHE,0.3215445280075073
2026-03-02,002008.XSHE,0.37521716952323914
2026-03-09,002008.XSHE,0.2615380585193634
2026-03-16,002008.XSHE,0.23006245493888855
2026-03-23,002008.XSHE,0.1986905336380005
2026-03-30,002008.XSHE,0.20024016499519348
2026-04-07,002008.XSHE,0.2155887335538864
2026-04-14,002008.XSHE,-0.06547217071056366
2026-04-21,002008.XSHE,-0.010232403874397278
2026-04-28,002008.XSHE,0.13868947327136993
2026-05-08,002008.XSHE,0.3474366068840027
2026-05-15,002008.XSHE,0.5449434518814087
2026-05-22,002008.XSHE,0.7466978430747986
2026-05-29,002008.XSHE,0.9545194506645203
2026-06-05,002008.XSHE,0.9638921618461609
2026-06-12,002008.XSHE,0.9465287327766418
2026-06-22,002008.XSHE,0.832793116569519
2026-06-29,002008.XSHE,0.7778869271278381
2026-07-06,002008.XSHE,0.6386078000068665
2026-07-13,002008.XSHE,0.5192797183990479
2026-07-20,002008.XSHE,0.38810378313064575
2026-07-27,002008.XSHE,0.2837015390396118
2026-01-09,002025.XSHE,-0.32192152738571167
2026-01-16,002025.XSHE,-0.34736043214797974
2026-01-23,002025.XSHE,-0.397430956363678
2026-01-30,002025.XSHE,-0.2197851687669754
2026-02-06,002025.XSHE,-0.05961151421070099
2026-02-13,002025.XSHE,0.015183016657829285
2026-03-02,002025.XSHE,-0.06939767301082611
2026-03-09,002025.XSHE,0.07069692760705948
2026-03-16,002025.XSHE,-0.1057121604681015
2026-03-23,002025.XSHE,-0.3316803574562073
2026-03-30,002025.XSHE,-0.5088827013969421
2026-04-07,002025.XSHE,-0.5294077396392822
2026-04-14,002025.XSHE,-0.46982985734939575
2026-04-21,002025.XSHE,-0.5911567211151123
2026-04-28,002025.XSHE,-0.5912573933601379
2026-05-08,002025.XSHE,-0.5904648900032043
2026-05-15,002025.XSHE,-0.7228185534477234
2026-05-22,002025.XSHE,-0.9190593361854553
2026-05-29,002025.XSHE,-0.8124225735664368
2026-06-05,002025.XSHE,-0.581796407699585
2026-06-12,002025.XSHE,-0.33357173204421997
2026-06-22,002025.XSHE,-0.1122310608625412
2026-06-29,002025.XSHE,0.02589474618434906
2026-07-06,002025.XSHE,-0.3380250930786133
2026-07-13,002025.XSHE,-0.38600581884384155
2026-07-20,002025.XSHE,-0.24091629683971405
2026-07-27,002025.XSHE,0.07892213761806488
2026-01-09,002044.XSHE,0.5692532062530518
2026-01-16,002044.XSHE,0.1838534027338028
2026-01-23,002044.XSHE,0.06426477432250977
2026-01-30,002044.XSHE,0.041483074426651
2026-02-06,002044.XSHE,-0.057033196091651917
2026-02-13,002044.XSHE,-0.28274857997894287
2026-03-02,002044.XSHE,-0.5288093090057373
2026-03-09,002044.XSHE,-0.6011455655097961
2026-03-16,002044.XSHE,-0.4087691903114319
2026-03-23,002044.XSHE,-0.06715525686740875
2026-03-30,002044.XSHE,0.3363172113895416
2026-04-07,002044.XSHE,0.6771897673606873
2026-04-14,002044.XSHE,0.8378050923347473
2026-04-21,002044.XSHE,0.9013908505439758
2026-04-28,002044.XSHE,0.9070829749107361
2026-05-08,002044.XSHE,0.7777232527732849
2026-05-15,002044.XSHE,0.8418054580688477
2026-05-22,002044.XSHE,0.9809761047363281
2026-05-29,002044.XSHE,0.9749786257743835
2026-06-05,002044.XSHE,0.9283611178398132
2026-06-12,002044.XSHE,0.878824770450592
2026-06-22,002044.XSHE,0.8824183344841003
2026-06-29,002044.XSHE,0.8872030377388
2026-07-06,002044.XSHE,0.871139645576477
2026-07-13,002044.XSHE,0.8303507566452026
2026-07-20,002044.XSHE,0.8329669833183289
2026-07-27,002044.XSHE,0.7728126645088196
2026-01-09,002056.XSHE,0.7858683466911316
2026-01-16,002056.XSHE,0.8474525213241577
2026-01-23,002056.XSHE,0.6926379203796387
2026-01-30,002056.XSHE,0.6396176815032959
2026-02-06,002056.XSHE,0.5651195049285889
2026-02-13,002056.XSHE,0.5529810190200806
2026-03-02,002056.XSHE,0.5190444588661194
2026-03-09,002056.XSHE,0.43116509914398193
2026-03-16,002056.XSHE,0.1035042256116867
2026-03-23,002056.XSHE,0.1801506131887436
2026-03-30,002056.XSHE,0.09041307866573334
2026-04-07,002056.XSHE,0.25110942125320435
2026-04-14,002056.XSHE,0.4908515214920044
2026-04-21,002056.XSHE,0.6596741080284119
2026-04-28,002056.XSHE,0.7954522371292114
2026-05-08,002056.XSHE,0.8445581793785095
2026-05-15,002056.XSHE,0.883438766002655
2026-05-22,002056.XSHE,0.8441087603569031
2026-05-29,002056.XSHE,0.6382541656494141
2026-06-05,002056.XSHE,0.4238191843032837
2026-06-12,002056.XSHE,0.59979647397995
2026-06-22,002056.XSHE,0.45562225580215454
2026-06-29,002056.XSHE,0.5575794577598572
2026-07-06,002056.XSHE,0.561495840549469
2026-07-13,002056.XSHE,0.7274482250213623
2026-07-20,002056.XSHE,0.8107852935791016
2026-07-27,002056.XSHE,0.6440277099609375
2026-01-09,002064.XSHE,0.6510702967643738
2026-01-16,002064.XSHE,0.9516656994819641
2026-01-23,002064.XSHE,0.6548670530319214
2026-01-30,002064.XSHE,0.6822116374969482
2026-02-06,002064.XSHE,0.42612069845199585
2026-02-13,002064.XSHE,0.44099175930023193
2026-03-02,002064.XSHE,0.26495271921157837
2026-03-09,002064.XSHE,0.09490382671356201
2026-03-16,002064.XSHE,-0.09527896344661713
2026-03-23,002064.XSHE,-0.2506862282752991
2026-03-30,002064.XSHE,-0.2765810489654541
2026-04-07,002064.XSHE,-0.19039194285869598
2026-04-14,002064.XSHE,-0.08979226648807526
2026-04-21,002064.XSHE,0.011445656418800354
2026-04-28,002064.XSHE,0.2122078388929367
2026-05-08,002064.XSHE,0.3870958685874939
2026-05-15,002064.XSHE,0.3988271951675415
2026-05-22,002064.XSHE,0.6301043629646301
2026-05-29,002064.XSHE,0.7744625210762024
2026-06-05,002064.XSHE,0.6871429085731506
2026-06-12,002064.XSHE,0.6132283806800842
2026-06-22,002064.XSHE,0.35240501165390015
2026-06-29,002064.XSHE,0.38206052780151367
2026-07-06,002064.XSHE,0.0647251158952713
2026-07-13,002064.XSHE,0.17828041315078735
2026-07-20,002064.XSHE,0.32198435068130493
2026-07-27,002064.XSHE,0.42195671796798706
2026-01-09,002065.XSHE,0.7606347799301147
2026-01-16,002065.XSHE,0.8240305781364441
2026-01-23,002065.XSHE,0.8254120945930481
2026-01-30,002065.XSHE,0.8234939575195312
2026-02-06,002065.XSHE,0.7591860890388489
2026-02-13,002065.XSHE,0.8019861578941345
2026-03-02,002065.XSHE,0.6970312595367432
2026-03-09,002065.XSHE,0.540955126285553
2026-03-16,002065.XSHE,0.6027364134788513
2026-03-23,002065.XSHE,0.6512303948402405
2026-03-30,002065.XSHE,0.6471765637397766
2026-04-07,002065.XSHE,0.6582503914833069
2026-04-14,002065.XSHE,0.6678552031517029
2026-04-21,002065.XSHE,0.6665627956390381
2026-04-28,002065.XSHE,0.6970527172088623
2026-05-08,002065.XSHE,0.5915425419807434
2026-05-15,002065.XSHE,0.6807396411895752
2026-05-22,002065.XSHE,0.7312379479408264
2026-05-29,002065.XSHE,0.7323243021965027
2026-06-05,002065.XSHE,0.728281557559967
2026-06-12,002065.XSHE,0.7512781023979187
2026-06-22,002065.XSHE,0.7799046635627747
2026-06-29,002065.XSHE,0.8395364880561829
2026-07-06,002065.XSHE,0.7818008065223694
2026-07-13,002065.XSHE,0.7423069477081299
2026-07-20,002065.XSHE,0.6779041886329651
2026-07-27,002065.XSHE,0.6127539873123169
2026-01-09,002078.XSHE,0.24132513999938965
2026-01-16,002078.XSHE,0.4453853368759155
2026-01-23,002078.XSHE,0.5876152515411377
2026-01-30,002078.XSHE,0.5069056749343872
2026-02-06,002078.XSHE,0.47826772928237915
2026-02-13,002078.XSHE,0.5181206464767456
2026-03-02,002078.XSHE,0.507187008857727
2026-03-09,002078.XSHE,0.5691763162612915
2026-03-16,002078.XSHE,0.4991699457168579
2026-03-23,002078.XSHE,0.5528900027275085
2026-03-30,002078.XSHE,0.6712183356285095
2026-04-07,002078.XSHE,0.8010051846504211
2026-04-14,002078.XSHE,0.8317049145698547
2026-04-21,002078.XSHE,0.5073900818824768
2026-04-28,002078.XSHE,0.6039718389511108
2026-05-08,002078.XSHE,0.6493207216262817
2026-05-15,002078.XSHE,0.6236841082572937
2026-05-22,002078.XSHE,0.6107088327407837
2026-05-29,002078.XSHE,0.6230579614639282
2026-06-05,002078.XSHE,0.6969627737998962
2026-06-12,002078.XSHE,0.5901094675064087
2026-06-22,002078.XSHE,0.530038595199585
2026-06-29,002078.XSHE,0.40189337730407715
2026-07-06,002078.XSHE,0.41736939549446106
2026-07-13,002078.XSHE,0.4188538193702698
2026-07-20,002078.XSHE,0.37180376052856445
2026-07-27,002078.XSHE,0.38309425115585327
2026-01-09,002080.XSHE,-0.08425234258174896
2026-01-16,002080.XSHE,-0.057931214570999146
2026-01-23,002080.XSHE,-0.05421923100948334
2026-01-30,002080.XSHE,-0.16337056457996368
2026-02-06,002080.XSHE,-0.003496512770652771
2026-02-13,002080.XSHE,0.12821805477142334
2026-03-02,002080.XSHE,0.5933759808540344
2026-03-09,002080.XSHE,0.8952288627624512
2026-03-16,002080.XSHE,0.9926978945732117
2026-03-23,002080.XSHE,1.0537115335464478
2026-03-30,002080.XSHE,0.9970950484275818
2026-04-07,002080.XSHE,0.9548478722572327
2026-04-14,002080.XSHE,0.6375123858451843
2026-04-21,002080.XSHE,0.5086408257484436
2026-04-28,002080.XSHE,0.41888201236724854
2026-05-08,002080.XSHE,0.4212576746940613
2026-01-09,002085.XSHE,0.698377788066864
2026-01-16,002085.XSHE,0.6873202919960022
2026-01-23,002085.XSHE,0.6539413332939148
2026-01-30,002085.XSHE,0.6333243250846863
2026-02-06,002085.XSHE,0.666151225566864
2026-02-13,002085.XSHE,0.6665026545524597
2026-03-02,002085.XSHE,0.6458152532577515
2026-03-09,002085.XSHE,0.6777092814445496
2026-03-16,002085.XSHE,0.6490027904510498
2026-03-23,002085.XSHE,0.6482484936714172
2026-03-30,002085.XSHE,0.6572646498680115
2026-04-07,002085.XSHE,0.6231729388237
2026-04-14,002085.XSHE,0.5524585247039795
2026-04-21,002085.XSHE,0.5765926837921143
2026-04-28,002085.XSHE,0.6207292079925537
2026-05-08,002085.XSHE,0.626853346824646
2026-05-15,002085.XSHE,0.6099621057510376
2026-05-22,002085.XSHE,0.5359752178192139
2026-05-29,002085.XSHE,0.5550798177719116
2026-06-05,002085.XSHE,0.5263716578483582
2026-06-12,002085.XSHE,0.4505143165588379
2026-06-22,002085.XSHE,0.41288822889328003
2026-06-29,002085.XSHE,0.276706337928772
2026-07-06,002085.XSHE,0.35123249888420105
2026-07-13,002085.XSHE,0.45407330989837646
2026-07-20,002085.XSHE,0.5556116104125977
2026-07-27,002085.XSHE,0.6511318683624268
2026-01-09,002120.XSHE,0.7050841450691223
2026-01-16,002120.XSHE,0.7224040627479553
2026-01-23,002120.XSHE,0.6721546649932861
2026-01-30,002120.XSHE,0.6692806482315063
2026-02-06,002120.XSHE,0.6959497332572937
2026-02-13,002120.XSHE,0.681124210357666
2026-03-02,002120.XSHE,0.6598852276802063
2026-03-09,002120.XSHE,0.6794970035552979
2026-03-16,002120.XSHE,0.6923208832740784
2026-03-23,002120.XSHE,0.6083633899688721
2026-03-30,002120.XSHE,0.6312417387962341
2026-04-07,002120.XSHE,0.6955751776695251
2026-04-14,002120.XSHE,0.7022950053215027
2026-04-21,002120.XSHE,0.6240794062614441
2026-04-28,002120.XSHE,0.2496844083070755
2026-05-08,002120.XSHE,0.38966530561447144
2026-05-15,002120.XSHE,0.38863328099250793
2026-05-22,002120.XSHE,0.4732058644294739
2026-05-29,002120.XSHE,0.574174165725708
2026-06-05,002120.XSHE,0.6409215927124023
2026-06-12,002120.XSHE,0.796280026435852
2026-06-22,002120.XSHE,0.799717128276825
2026-06-29,002120.XSHE,0.7966979146003723
2026-07-06,002120.XSHE,0.69596928358078
2026-07-13,002120.XSHE,0.7117488980293274
2026-07-20,002120.XSHE,0.7113680839538574
2026-07-27,002120.XSHE,0.5674747824668884
2026-01-09,002128.XSHE,-0.06055830419063568
2026-01-16,002128.XSHE,-0.268979549407959
2026-01-23,002128.XSHE,-0.3165830969810486
2026-01-30,002128.XSHE,-0.24953944981098175
2026-02-06,002128.XSHE,-0.15257830917835236
2026-02-13,002128.XSHE,0.040327295660972595
2026-03-02,002128.XSHE,-0.240025594830513
2026-03-09,002128.XSHE,-0.16891463100910187
2026-03-16,002128.XSHE,0.014779210090637207
2026-03-23,002128.XSHE,0.08786329627037048
2026-03-30,002128.XSHE,0.1501917690038681
2026-04-07,002128.XSHE,0.289628267288208
2026-04-14,002128.XSHE,0.5047763586044312
2026-04-21,002128.XSHE,0.6754142642021179
2026-04-28,002128.XSHE,0.8434748649597168
2026-05-08,002128.XSHE,0.9400056600570679
2026-01-09,002131.XSHE,-0.16686661541461945
2026-02-06,002131.XSHE,-0.21948616206645966
2026-02-13,002131.XSHE,-0.15644781291484833
2026-03-02,002131.XSHE,0.13654382526874542
2026-03-09,002131.XSHE,0.431038498878479
2026-03-16,002131.XSHE,0.5968976616859436
2026-03-23,002131.XSHE,0.7245169281959534
2026-03-30,002131.XSHE,0.8331451416015625
2026-04-07,002131.XSHE,0.9128840565681458
2026-04-14,002131.XSHE,0.9375343322753906
2026-04-21,002131.XSHE,0.995751142501831
2026-04-28,002131.XSHE,1.0895007848739624
2026-05-08,002131.XSHE,1.0435649156570435
2026-05-15,002131.XSHE,0.8362981677055359
2026-05-22,002131.XSHE,0.7728341817855835
2026-05-29,002131.XSHE,0.7199461460113525
2026-06-05,002131.XSHE,0.6500959992408752
2026-06-12,002131.XSHE,0.5846107006072998
2026-06-22,002131.XSHE,0.5097729563713074
2026-06-29,002131.XSHE,0.5284345746040344
2026-07-06,002131.XSHE,0.580211877822876
2026-07-13,002131.XSHE,0.5915613770484924
2026-07-20,002131.XSHE,0.6699017286300659
2026-07-27,002131.XSHE,0.6191529631614685
2026-01-09,002138.XSHE,0.19520354270935059
2026-01-16,002138.XSHE,0.30260390043258667
2026-01-23,002138.XSHE,0.436563104391098
2026-01-30,002138.XSHE,0.5134922862052917
2026-02-06,002138.XSHE,0.627144455909729
2026-02-13,002138.XSHE,0.6883951425552368
2026-03-02,002138.XSHE,0.5882982611656189
2026-03-09,002138.XSHE,0.6378232836723328
2026-03-16,002138.XSHE,0.6301349997520447
2026-03-23,002138.XSHE,0.6763599514961243
2026-03-30,002138.XSHE,0.7122241854667664
2026-04-07,002138.XSHE,0.7214431166648865
2026-04-14,002138.XSHE,0.5494988560676575
2026-04-21,002138.XSHE,0.6235952973365784
2026-04-28,002138.XSHE,0.6778277158737183
2026-05-08,002138.XSHE,0.5254720449447632
2026-05-15,002138.XSHE,0.5602259635925293
2026-05-22,002138.XSHE,0.16234812140464783
2026-05-29,002138.XSHE,0.02937762439250946
2026-06-05,002138.XSHE,-0.034288063645362854
2026-06-12,002138.XSHE,0.06509701907634735
2026-06-22,002138.XSHE,0.1705925315618515
2026-06-29,002138.XSHE,0.18915419280529022
2026-07-06,002138.XSHE,0.33086472749710083
2026-07-13,002138.XSHE,0.4307977557182312
2026-07-20,002138.XSHE,0.5022315979003906
2026-07-27,002138.XSHE,0.5006580948829651
2026-01-09,002152.XSHE,0.6214581727981567
2026-01-16,002152.XSHE,0.7263078093528748
2026-01-23,002152.XSHE,0.7854452133178711
2026-01-30,002152.XSHE,0.8086846470832825
2026-02-06,002152.XSHE,0.7979669570922852
2026-02-13,002152.XSHE,0.7644721865653992
2026-03-02,002152.XSHE,0.8093598484992981
2026-03-09,002152.XSHE,0.7753734588623047
2026-03-16,002152.XSHE,0.7139860391616821
2026-03-23,002152.XSHE,0.593020498752594
2026-03-30,002152.XSHE,0.5070011615753174
2026-04-07,002152.XSHE,0.5587998628616333
2026-04-14,002152.XSHE,0.7165611386299133
2026-04-21,002152.XSHE,0.7240450978279114
2026-04-28,002152.XSHE,0.6527252197265625
2026-05-08,002152.XSHE,0.6326091289520264
2026-05-15,002152.XSHE,0.6838984489440918
2026-05-22,002152.XSHE,0.7259795069694519
2026-05-29,002152.XSHE,0.7097575664520264
2026-06-05,002152.XSHE,0.698374330997467
2026-06-12,002152.XSHE,0.7449864745140076
2026-06-22,002152.XSHE,0.7570684552192688
2026-06-29,002152.XSHE,0.8196031451225281
2026-07-06,002152.XSHE,0.728305459022522
2026-07-13,002152.XSHE,0.5222103595733643
2026-07-20,002152.XSHE,0.4665810465812683
2026-07-27,002152.XSHE,0.44443821907043457
2026-01-09,002153.XSHE,0.37318792939186096
2026-01-16,002153.XSHE,0.30495017766952515
2026-01-23,002153.XSHE,0.4140193462371826
2026-01-30,002153.XSHE,0.5124539136886597
2026-02-06,002153.XSHE,0.5194436311721802
2026-02-13,002153.XSHE,0.5613794922828674
2026-03-02,002153.XSHE,0.6211556792259216
2026-03-09,002153.XSHE,0.6525471210479736
2026-03-16,002153.XSHE,0.7878193259239197
2026-03-23,002153.XSHE,0.9403407573699951
2026-03-30,002153.XSHE,0.9452993273735046
2026-04-07,002153.XSHE,0.8860741257667542
2026-04-14,002153.XSHE,0.872697114944458
2026-04-21,002153.XSHE,0.8480203747749329
2026-04-28,002153.XSHE,0.7568702697753906
2026-05-08,002153.XSHE,0.766281247138977
2026-05-15,002153.XSHE,0.8296181559562683
2026-05-22,002153.XSHE,0.8052029013633728
2026-05-29,002153.XSHE,0.7866098880767822
2026-06-05,002153.XSHE,0.7837085127830505
2026-06-12,002153.XSHE,0.805732011795044
2026-06-22,002153.XSHE,0.8089891076087952
2026-06-29,002153.XSHE,0.8477067351341248
2026-07-06,002153.XSHE,0.8005357384681702
2026-07-13,002153.XSHE,0.7826980352401733
2026-07-20,002153.XSHE,0.7475350499153137
2026-07-27,002153.XSHE,0.663755476474762
2026-01-09,002155.XSHE,0.7761805653572083
2026-02-06,002155.XSHE,0.3337516784667969
2026-02-13,002155.XSHE,0.47861337661743164
2026-03-02,002155.XSHE,0.2838771343231201
2026-03-09,002155.XSHE,0.5139449834823608
2026-03-16,002155.XSHE,0.6568336486816406
2026-03-23,002155.XSHE,0.8260457515716553
2026-03-30,002155.XSHE,0.7718168497085571
2026-04-07,002155.XSHE,0.8310335874557495
2026-04-14,002155.XSHE,0.8587061166763306
2026-04-21,002155.XSHE,0.7789646983146667
2026-04-28,002155.XSHE,0.7528489232063293
2026-05-08,002155.XSHE,0.689598023891449
2026-05-15,002155.XSHE,0.6896826028823853
2026-05-22,002155.XSHE,0.7011608481407166
2026-05-29,002155.XSHE,0.7755846381187439
2026-06-05,002155.XSHE,0.8040651679039001
2026-06-12,002155.XSHE,0.8023567795753479
2026-06-22,002155.XSHE,0.5884255766868591
2026-06-29,002155.XSHE,0.6274092197418213
2026-07-06,002155.XSHE,0.5607649683952332
2026-07-13,002155.XSHE,0.5782060623168945
2026-01-09,002156.XSHE,0.9914842844009399
2026-01-16,002156.XSHE,0.6528811454772949
2026-01-23,002156.XSHE,0.5556932687759399
2026-01-30,002156.XSHE,0.5298804640769958
2026-02-06,002156.XSHE,0.5343383550643921
2026-02-13,002156.XSHE,0.49345386028289795
2026-03-02,002156.XSHE,0.517451286315918
2026-03-09,002156.XSHE,0.5790404081344604
2026-03-16,002156.XSHE,0.49847179651260376
2026-03-23,002156.XSHE,0.5553086400032043
2026-03-30,002156.XSHE,0.5787124037742615
2026-04-07,002156.XSHE,0.5487290024757385
2026-04-14,002156.XSHE,0.4884127974510193
2026-04-21,002156.XSHE,0.3996502459049225
2026-04-28,002156.XSHE,0.2506437599658966
2026-05-08,002156.XSHE,0.062215059995651245
2026-01-09,002185.XSHE,0.7289411425590515
2026-01-16,002185.XSHE,0.4492059350013733
2026-01-23,002185.XSHE,0.39320385456085205
2026-01-30,002185.XSHE,0.4144554138183594
2026-02-06,002185.XSHE,0.5201570987701416
2026-02-13,002185.XSHE,0.5114426612854004
2026-03-02,002185.XSHE,0.6234345436096191
2026-03-09,002185.XSHE,0.6839971542358398
2026-03-16,002185.XSHE,0.5107685327529907
2026-03-23,002185.XSHE,0.4751347303390503
2026-03-30,002185.XSHE,0.41404712200164795
2026-04-07,002185.XSHE,0.32189542055130005
2026-04-14,002185.XSHE,0.26047924160957336
2026-04-21,002185.XSHE,0.3770543932914734
2026-04-28,002185.XSHE,0.5320044159889221
2026-05-08,002185.XSHE,0.6563757658004761
2026-05-15,002185.XSHE,0.6402286887168884
2026-05-22,002185.XSHE,0.5342576503753662
2026-05-29,002185.XSHE,0.2790491580963135
2026-06-05,002185.XSHE,0.33417677879333496
2026-06-12,002185.XSHE,0.34115928411483765
2026-06-22,002185.XSHE,0.14350688457489014
2026-06-29,002185.XSHE,0.14858341217041016
2026-07-06,002185.XSHE,-0.0552607923746109
2026-07-13,002185.XSHE,-0.18236277997493744
2026-07-20,002185.XSHE,-0.24504773318767548
2026-07-27,002185.XSHE,-0.34936684370040894
2026-01-09,002195.XSHE,0.4599892497062683
2026-01-16,002195.XSHE,0.23383620381355286
2026-01-23,002195.XSHE,-0.2646547555923462
2026-01-30,002195.XSHE,-0.35064464807510376
2026-02-06,002195.XSHE,-0.26332753896713257
2026-02-13,002195.XSHE,-0.062023624777793884
2026-03-02,002195.XSHE,0.2917194962501526
2026-03-09,002195.XSHE,0.6946753263473511
2026-03-16,002195.XSHE,1.0648161172866821
2026-03-23,002195.XSHE,1.3209586143493652
2026-03-30,002195.XSHE,1.3605598211288452
2026-04-07,002195.XSHE,1.2093967199325562
2026-04-14,002195.XSHE,1.143785834312439
2026-04-21,002195.XSHE,1.0616880655288696
2026-04-28,002195.XSHE,0.9785458445549011
2026-05-08,002195.XSHE,0.9204792380332947
2026-05-15,002195.XSHE,0.77523273229599
2026-05-22,002195.XSHE,0.7814748883247375
2026-05-29,002195.XSHE,0.7889041304588318
2026-06-05,002195.XSHE,0.7869372367858887
2026-06-12,002195.XSHE,0.7914770245552063
2026-06-22,002195.XSHE,0.7846608757972717
2026-06-29,002195.XSHE,0.797005832195282
2026-07-06,002195.XSHE,0.7898424863815308
2026-07-13,002195.XSHE,0.7630344033241272
2026-07-20,002195.XSHE,0.7491621375083923
2026-07-27,002195.XSHE,0.4742812514305115
2026-02-06,002202.XSHE,-1.2933067083358765
2026-02-13,002202.XSHE,-1.1533482074737549
2026-03-02,002202.XSHE,-0.9437658190727234
2026-03-09,002202.XSHE,-0.6243942975997925
2026-03-16,002202.XSHE,-0.394772469997406
2026-03-23,002202.XSHE,0.04953412711620331
2026-03-30,002202.XSHE,0.4702954888343811
2026-04-07,002202.XSHE,0.5669403076171875
2026-04-14,002202.XSHE,0.788103461265564
2026-04-21,002202.XSHE,1.003925085067749
2026-04-28,002202.XSHE,1.0806176662445068
2026-05-08,002202.XSHE,1.0451289415359497
2026-01-09,002203.XSHE,0.0760309174656868
2026-01-16,002203.XSHE,-0.0022365599870681763
2026-01-23,002203.XSHE,-0.03432229161262512
2026-01-30,002203.XSHE,0.056443095207214355
2026-02-06,002203.XSHE,0.26994895935058594
2026-02-13,002203.XSHE,0.3957573175430298
2026-03-02,002203.XSHE,0.6673799753189087
2026-03-09,002203.XSHE,0.8597742915153503
2026-03-16,002203.XSHE,0.9237307906150818
2026-03-23,002203.XSHE,1.0630565881729126
2026-03-30,002203.XSHE,1.0225577354431152
2026-04-07,002203.XSHE,0.9575434923171997
2026-04-14,002203.XSHE,0.6179718375205994
2026-04-21,002203.XSHE,0.4407411217689514
2026-04-28,002203.XSHE,0.2884702682495117
2026-05-08,002203.XSHE,-0.023334532976150513
2026-05-15,002203.XSHE,0.0877690464258194
2026-05-22,002203.XSHE,0.3113585412502289
2026-05-29,002203.XSHE,0.4138143062591553
2026-06-05,002203.XSHE,0.6767452359199524
2026-06-12,002203.XSHE,0.3817936182022095
2026-06-22,002203.XSHE,0.25172001123428345
2026-06-29,002203.XSHE,0.47242069244384766
2026-07-06,002203.XSHE,0.42881327867507935
2026-07-13,002203.XSHE,0.3422625660896301
2026-07-20,002203.XSHE,0.3216913938522339
2026-07-27,002203.XSHE,0.2663300633430481
2026-01-09,002223.XSHE,0.25719550251960754
2026-01-16,002223.XSHE,0.1585426926612854
2026-01-23,002223.XSHE,0.25889918208122253
2026-01-30,002223.XSHE,0.3026028275489807
2026-02-06,002223.XSHE,0.45136988162994385
2026-02-13,002223.XSHE,0.5959205627441406
2026-03-02,002223.XSHE,0.7595049738883972
2026-03-09,002223.XSHE,0.9037207961082458
2026-03-16,002223.XSHE,0.8898963332176208
2026-03-23,002223.XSHE,0.8995720744132996
2026-03-30,002223.XSHE,0.885463297367096
2026-04-07,002223.XSHE,0.7705358266830444
2026-04-14,002223.XSHE,0.5305933952331543
2026-04-21,002223.XSHE,0.6286439299583435
2026-04-28,002223.XSHE,0.5116848349571228
2026-05-08,002223.XSHE,0.5096905827522278
2026-05-15,002223.XSHE,0.5349713563919067
2026-05-22,002223.XSHE,0.5564599633216858
2026-05-29,002223.XSHE,0.4869239330291748
2026-06-05,002223.XSHE,0.5536842346191406
2026-06-12,002223.XSHE,0.5825682878494263
2026-06-22,002223.XSHE,0.6204310655593872
2026-06-29,002223.XSHE,0.5488097071647644
2026-07-06,002223.XSHE,0.6023476719856262
2026-07-13,002223.XSHE,0.4661691188812256
2026-07-20,002223.XSHE,0.47531676292419434
2026-07-27,002223.XSHE,0.5498840808868408
2026-01-09,002244.XSHE,0.19369637966156006
2026-01-16,002244.XSHE,0.3353959023952484
2026-01-23,002244.XSHE,0.5480381846427917
2026-01-30,002244.XSHE,0.7108115553855896
2026-02-06,002244.XSHE,0.9076477885246277
2026-02-13,002244.XSHE,1.046461582183838
2026-03-02,002244.XSHE,1.1367745399475098
2026-03-09,002244.XSHE,1.1591209173202515
2026-03-16,002244.XSHE,1.0526275634765625
2026-03-23,002244.XSHE,1.1208524703979492
2026-03-30,002244.XSHE,1.0322990417480469
2026-04-07,002244.XSHE,0.9669302105903625
2026-04-14,002244.XSHE,0.6896213889122009
2026-04-21,002244.XSHE,0.7825965285301208
2026-04-28,002244.XSHE,0.6705818772315979
2026-05-08,002244.XSHE,0.419278085231781
2026-05-15,002244.XSHE,0.8770381212234497
2026-05-22,002244.XSHE,0.8503749370574951
2026-05-29,002244.XSHE,0.7631373405456543
2026-06-05,002244.XSHE,0.7758842706680298
2026-06-12,002244.XSHE,0.6714465022087097
2026-06-22,002244.XSHE,0.6189484596252441
2026-06-29,002244.XSHE,0.6481838226318359
2026-07-06,002244.XSHE,0.6042682528495789
2026-07-13,002244.XSHE,0.6622295379638672
2026-07-20,002244.XSHE,0.46778154373168945
2026-07-27,002244.XSHE,0.5279146432876587
2026-02-06,002261.XSHE,0.7605446577072144
2026-02-13,002261.XSHE,0.5529190301895142
2026-03-02,002261.XSHE,0.45370030403137207
2026-03-09,002261.XSHE,0.27274808287620544
2026-03-16,002261.XSHE,0.5485159158706665
2026-03-23,002261.XSHE,0.7508717179298401
2026-03-30,002261.XSHE,0.7724180817604065
2026-04-07,002261.XSHE,0.7753836512565613
2026-04-14,002261.XSHE,0.7852373719215393
2026-04-21,002261.XSHE,0.7371689677238464
2026-04-28,002261.XSHE,0.5697934031486511
2026-05-08,002261.XSHE,0.5470750331878662
2026-05-15,002261.XSHE,0.3691559135913849
2026-05-22,002261.XSHE,0.36819028854370117
2026-05-29,002261.XSHE,0.472697377204895
2026-06-05,002261.XSHE,0.569633960723877
2026-06-12,002261.XSHE,0.6416919231414795
2026-06-22,002261.XSHE,0.6883590221405029
2026-06-29,002261.XSHE,0.6930777430534363
2026-07-06,002261.XSHE,0.6108288764953613
2026-07-13,002261.XSHE,0.5750389099121094
2026-07-20,002261.XSHE,0.6352907419204712
2026-07-27,002261.XSHE,0.552775502204895
2026-01-09,002262.XSHE,0.6634340882301331
2026-01-16,002262.XSHE,0.7424003481864929
2026-01-23,002262.XSHE,0.7528788447380066
2026-01-30,002262.XSHE,0.8067678213119507
2026-02-06,002262.XSHE,0.8195413947105408
2026-02-13,002262.XSHE,0.837221086025238
2026-03-02,002262.XSHE,0.7789199948310852
2026-03-09,002262.XSHE,0.6618305444717407
2026-03-16,002262.XSHE,0.5776565074920654
2026-03-23,002262.XSHE,0.5963050127029419
2026-03-30,002262.XSHE,0.6650798916816711
2026-04-07,002262.XSHE,0.6243899464607239
2026-04-14,002262.XSHE,0.59373939037323
2026-04-21,002262.XSHE,0.5559918284416199
2026-04-28,002262.XSHE,0.8316053152084351
2026-05-08,002262.XSHE,0.908222496509552
2026-05-15,002262.XSHE,0.8947998881340027
2026-05-22,002262.XSHE,0.8549516797065735
2026-05-29,002262.XSHE,0.7686532735824585
2026-06-05,002262.XSHE,0.7758036851882935
2026-06-12,002262.XSHE,0.7796328067779541
2026-06-22,002262.XSHE,0.7346754670143127
2026-06-29,002262.XSHE,0.4716753363609314
2026-07-06,002262.XSHE,0.4716688394546509
2026-07-13,002262.XSHE,0.712978720664978
2026-07-20,002262.XSHE,0.6234980225563049
2026-07-27,002262.XSHE,0.45186835527420044
2026-01-09,002266.XSHE,0.8939991593360901
2026-01-16,002266.XSHE,0.973658561706543
2026-01-23,002266.XSHE,0.6191654801368713
2026-01-30,002266.XSHE,0.5530907511711121
2026-02-06,002266.XSHE,0.2702261805534363
2026-02-13,002266.XSHE,0.12893608212471008
2026-03-02,002266.XSHE,0.003473058342933655
2026-03-09,002266.XSHE,-0.018610402941703796
2026-03-16,002266.XSHE,0.06629307568073273
2026-03-23,002266.XSHE,0.2906622290611267
2026-03-30,002266.XSHE,0.5808733701705933
2026-04-07,002266.XSHE,0.8557456135749817
2026-04-14,002266.XSHE,0.9908931851387024
2026-04-21,002266.XSHE,1.064806580543518
2026-04-28,002266.XSHE,1.031958818435669
2026-05-08,002266.XSHE,0.8122671842575073
2026-05-15,002266.XSHE,0.6749027371406555
2026-05-22,002266.XSHE,0.4190359115600586
2026-05-29,002266.XSHE,0.3448185324668884
2026-06-05,002266.XSHE,0.3187698721885681
2026-06-12,002266.XSHE,0.33377695083618164
2026-06-22,002266.XSHE,0.17071391642093658
2026-06-29,002266.XSHE,0.29113176465034485
2026-07-06,002266.XSHE,0.36795324087142944
2026-07-13,002266.XSHE,0.4480423927307129
2026-07-20,002266.XSHE,0.6884828209877014
2026-07-27,002266.XSHE,0.9169647097587585
2026-01-09,002273.XSHE,0.6684977412223816
2026-01-16,002273.XSHE,0.7389450669288635
2026-01-23,002273.XSHE,0.7474306225776672
2026-01-30,002273.XSHE,0.8114493489265442
2026-02-06,002273.XSHE,0.6969530582427979
2026-02-13,002273.XSHE,0.8048179745674133
2026-03-02,002273.XSHE,0.7529425621032715
2026-03-09,002273.XSHE,0.6368006467819214
2026-03-16,002273.XSHE,0.5159502625465393
2026-03-23,002273.XSHE,0.45186179876327515
2026-03-30,002273.XSHE,0.48283499479293823
2026-04-07,002273.XSHE,0.2808002829551697
2026-04-14,002273.XSHE,0.2574204206466675
2026-04-21,002273.XSHE,-0.1145532876253128
2026-04-28,002273.XSHE,0.016767635941505432
2026-05-08,002273.XSHE,-0.07214944064617157
2026-05-15,002273.XSHE,-0.007121190428733826
2026-05-22,002273.XSHE,-0.02910129725933075
2026-05-29,002273.XSHE,0.09329479932785034
2026-06-05,002273.XSHE,0.34922894835472107
2026-06-12,002273.XSHE,0.5701401829719543
2026-06-22,002273.XSHE,0.7145551443099976
2026-06-29,002273.XSHE,0.7175853848457336
2026-07-06,002273.XSHE,0.6277331709861755
2026-07-13,002273.XSHE,0.631510317325592
2026-07-20,002273.XSHE,0.6437662839889526
2026-07-27,002273.XSHE,0.6211833357810974
2026-01-09,002281.XSHE,0.42871201038360596
2026-01-16,002281.XSHE,0.6265829205513
2026-01-23,002281.XSHE,0.7824710011482239
2026-01-30,002281.XSHE,0.7976948618888855
2026-02-06,002281.XSHE,0.9244159460067749
2026-02-13,002281.XSHE,0.9400884509086609
2026-03-02,002281.XSHE,0.8680687546730042
2026-03-09,002281.XSHE,0.8075914978981018
2026-03-16,002281.XSHE,0.5807523727416992
2026-03-23,002281.XSHE,0.5423001646995544
2026-03-30,002281.XSHE,0.26490873098373413
2026-04-07,002281.XSHE,0.08621956408023834
2026-04-14,002281.XSHE,0.08651379495859146
2026-04-21,002281.XSHE,0.16117534041404724
2026-04-28,002281.XSHE,0.24628591537475586
2026-05-08,002281.XSHE,0.16658353805541992
2026-05-15,002281.XSHE,0.18829992413520813
2026-05-22,002281.XSHE,0.23221078515052795
2026-05-29,002281.XSHE,0.24580241739749908
2026-06-05,002281.XSHE,0.06705710291862488
2026-06-12,002281.XSHE,0.014872059226036072
2026-06-22,002281.XSHE,-0.16332189738750458
2026-06-29,002281.XSHE,-0.2145911604166031
2026-07-06,002281.XSHE,-0.2047506421804428
2026-07-13,002281.XSHE,-0.15481869876384735
2026-07-20,002281.XSHE,-0.13392813503742218
2026-07-27,002281.XSHE,-0.15247325599193573
2026-01-09,002294.XSHE,0.4107097387313843
2026-01-16,002294.XSHE,0.5803723335266113
2026-01-23,002294.XSHE,0.6163074374198914
2026-01-30,002294.XSHE,0.5929265022277832
2026-02-06,002294.XSHE,0.5906354188919067
2026-02-13,002294.XSHE,0.6063160300254822
2026-03-02,002294.XSHE,0.6316988468170166
2026-03-09,002294.XSHE,0.6602824330329895
2026-03-16,002294.XSHE,0.31071656942367554
2026-03-23,002294.XSHE,0.4629220962524414
2026-03-30,002294.XSHE,0.34445640444755554
2026-04-07,002294.XSHE,0.3055874705314636
2026-04-14,002294.XSHE,0.3658792972564697
2026-04-21,002294.XSHE,0.26346853375434875
2026-04-28,002294.XSHE,0.3959459662437439
2026-05-08,002294.XSHE,0.29824548959732056
2026-01-09,002299.XSHE,0.5563126802444458
2026-01-16,002299.XSHE,0.639843761920929
2026-01-23,002299.XSHE,0.7066466808319092
2026-01-30,002299.XSHE,0.4231581687927246
2026-02-06,002299.XSHE,0.14206649363040924
2026-02-13,002299.XSHE,0.369039386510849
2026-03-02,002299.XSHE,0.41092997789382935
2026-03-09,002299.XSHE,0.5294122695922852
2026-03-16,002299.XSHE,0.6836388111114502
2026-03-23,002299.XSHE,0.7656440734863281
2026-03-30,002299.XSHE,0.8696706295013428
2026-04-07,002299.XSHE,0.8907139897346497
2026-04-14,002299.XSHE,0.8519554138183594
2026-04-21,002299.XSHE,0.773403525352478
2026-04-28,002299.XSHE,0.8138282895088196
2026-05-08,002299.XSHE,0.8572115302085876
2026-05-15,002299.XSHE,0.877709686756134
2026-05-22,002299.XSHE,0.9376956224441528
2026-05-29,002299.XSHE,0.9044095873832703
2026-06-05,002299.XSHE,0.9151503443717957
2026-06-12,002299.XSHE,0.9037715792655945
2026-06-22,002299.XSHE,0.8802509903907776
2026-06-29,002299.XSHE,0.8822391629219055
2026-07-06,002299.XSHE,0.8464277386665344
2026-07-13,002299.XSHE,0.887046754360199
2026-07-20,002299.XSHE,0.88444584608078
2026-07-27,002299.XSHE,0.8455674052238464
2026-01-09,002340.XSHE,0.3011823296546936
2026-01-16,002340.XSHE,0.5989518165588379
2026-01-23,002340.XSHE,0.633697509765625
2026-01-30,002340.XSHE,0.7354637384414673
2026-02-06,002340.XSHE,0.7945890426635742
2026-02-13,002340.XSHE,0.6931230425834656
2026-03-02,002340.XSHE,0.5928665995597839
2026-03-09,002340.XSHE,0.534338116645813
2026-03-16,002340.XSHE,0.4807608723640442
2026-03-23,002340.XSHE,0.3393745422363281
2026-03-30,002340.XSHE,0.2572425901889801
2026-04-07,002340.XSHE,0.1609165072441101
2026-04-14,002340.XSHE,0.10781556367874146
2026-04-21,002340.XSHE,0.1344321221113205
2026-04-28,002340.XSHE,0.12590020895004272
2026-05-08,002340.XSHE,0.13015063107013702
2026-05-15,002340.XSHE,0.35393160581588745
2026-05-22,002340.XSHE,0.6151675581932068
2026-05-29,002340.XSHE,0.812525749206543
2026-06-05,002340.XSHE,0.8624163269996643
2026-06-12,002340.XSHE,0.8429908156394958
2026-06-22,002340.XSHE,0.5825652480125427
2026-06-29,002340.XSHE,0.6033120155334473
2026-07-06,002340.XSHE,0.5394843816757202
2026-07-13,002340.XSHE,0.6164364218711853
2026-07-20,002340.XSHE,0.7122617363929749
2026-07-27,002340.XSHE,0.7760210633277893
2026-01-09,002353.XSHE,0.755929172039032
2026-01-16,002353.XSHE,0.679640531539917
2026-01-23,002353.XSHE,0.7572268843650818
2026-01-30,002353.XSHE,0.8593255281448364
2026-02-06,002353.XSHE,0.8710309863090515
2026-02-13,002353.XSHE,0.7774822115898132
2026-03-02,002353.XSHE,0.5478496551513672
2026-03-09,002353.XSHE,0.4762570261955261
2026-03-16,002353.XSHE,0.34630951285362244
2026-03-23,002353.XSHE,0.30270975828170776
2026-03-30,002353.XSHE,0.229665607213974
2026-04-07,002353.XSHE,0.24134540557861328
2026-04-14,002353.XSHE,0.26609480381011963
2026-04-21,002353.XSHE,0.27097493410110474
2026-04-28,002353.XSHE,0.29644131660461426
2026-05-08,002353.XSHE,0.2681002914905548
2026-01-09,002372.XSHE,0.4320994019508362
2026-01-16,002372.XSHE,0.4902949929237366
2026-01-23,002372.XSHE,0.6637535691261292
2026-01-30,002372.XSHE,0.7841377854347229
2026-02-06,002372.XSHE,0.8995094299316406
2026-02-13,002372.XSHE,0.8932515382766724
2026-03-02,002372.XSHE,0.8351185321807861
2026-03-09,002372.XSHE,0.8259289860725403
2026-03-16,002372.XSHE,0.8489188551902771
2026-03-23,002372.XSHE,0.7940617799758911
2026-03-30,002372.XSHE,0.5286415815353394
2026-04-07,002372.XSHE,0.25844210386276245
2026-04-14,002372.XSHE,0.13303057849407196
2026-04-21,002372.XSHE,0.18959565460681915
2026-04-28,002372.XSHE,0.3268381357192993
2026-05-08,002372.XSHE,0.27322494983673096
2026-01-09,002385.XSHE,0.6668972969055176
2026-01-16,002385.XSHE,0.7021243572235107
2026-01-23,002385.XSHE,0.7147197723388672
2026-01-30,002385.XSHE,0.2240123748779297
2026-02-06,002385.XSHE,0.3668487071990967
2026-02-13,002385.XSHE,0.3107857406139374
2026-03-02,002385.XSHE,0.19077986478805542
2026-03-09,002385.XSHE,0.09333649277687073
2026-03-16,002385.XSHE,0.10388997197151184
2026-03-23,002385.XSHE,0.06372030079364777
2026-03-30,002385.XSHE,-0.20053298771381378
2026-04-07,002385.XSHE,-0.23715011775493622
2026-04-14,002385.XSHE,-0.2146177738904953
2026-04-21,002385.XSHE,-0.07662464678287506
2026-04-28,002385.XSHE,0.06633243709802628
2026-05-08,002385.XSHE,0.23433363437652588
2026-06-29,002407.XSHE,0.6135607957839966
2026-07-06,002407.XSHE,0.0803527683019638
2026-07-13,002407.XSHE,0.19995084404945374
2026-07-20,002407.XSHE,0.11654103547334671
2026-07-27,002407.XSHE,-0.23058609664440155
2026-01-09,002409.XSHE,0.18480579555034637
2026-01-16,002409.XSHE,0.05674907565116882
2026-01-23,002409.XSHE,0.21202781796455383
2026-01-30,002409.XSHE,0.26850980520248413
2026-02-06,002409.XSHE,0.4493710398674011
2026-02-13,002409.XSHE,0.5759416818618774
2026-03-02,002409.XSHE,0.6806269884109497
2026-03-09,002409.XSHE,0.7215530872344971
2026-03-16,002409.XSHE,0.7453811764717102
2026-03-23,002409.XSHE,0.8200543522834778
2026-03-30,002409.XSHE,0.6431461572647095
2026-04-07,002409.XSHE,0.635818362236023
2026-04-14,002409.XSHE,0.4281617999076843
2026-04-21,002409.XSHE,0.3349739909172058
2026-04-28,002409.XSHE,0.025024324655532837
2026-05-08,002409.XSHE,-0.11554400622844696
2026-05-15,002409.XSHE,-0.5331023931503296
2026-05-22,002409.XSHE,-0.7782475352287292
2026-05-29,002409.XSHE,-0.7972862720489502
2026-06-05,002409.XSHE,-0.8047374486923218
2026-06-12,002409.XSHE,-0.7996363639831543
2026-06-22,002409.XSHE,-1.1039546728134155
2026-06-29,002409.XSHE,-1.341611385345459
2026-07-06,002409.XSHE,-1.3321088552474976
2026-07-13,002409.XSHE,-1.2438002824783325
2026-07-20,002409.XSHE,-1.0811033248901367
2026-07-27,002409.XSHE,-1.3549084663391113
2026-01-09,002414.XSHE,0.554426372051239
2026-01-16,002414.XSHE,0.3102229833602905
2026-01-23,002414.XSHE,0.4658622741699219
2026-01-30,002414.XSHE,0.4240093231201172
2026-02-06,002414.XSHE,0.46082597970962524
2026-02-13,002414.XSHE,0.3823501467704773
2026-03-02,002414.XSHE,0.31892216205596924
2026-03-09,002414.XSHE,0.5119997262954712
2026-03-16,002414.XSHE,0.6376810073852539
2026-03-23,002414.XSHE,0.7871962785720825
2026-03-30,002414.XSHE,0.8422672748565674
2026-04-07,002414.XSHE,0.9804720282554626
2026-04-14,002414.XSHE,1.0370742082595825
2026-04-21,002414.XSHE,0.5476224422454834
2026-04-28,002414.XSHE,0.6590286493301392
2026-05-08,002414.XSHE,0.6906023025512695
2026-05-15,002414.XSHE,0.7025590538978577
2026-05-22,002414.XSHE,0.689993679523468
2026-05-29,002414.XSHE,0.7303085327148438
2026-06-05,002414.XSHE,0.7869521975517273
2026-06-12,002414.XSHE,0.7545157074928284
2026-06-22,002414.XSHE,0.8169464468955994
2026-06-29,002414.XSHE,0.7494402527809143
2026-07-06,002414.XSHE,0.7305088639259338
2026-07-13,002414.XSHE,0.2688080668449402
2026-07-20,002414.XSHE,0.05063749849796295
2026-07-27,002414.XSHE,-0.006679028272628784
2026-01-09,002423.XSHE,0.7130785584449768
2026-01-16,002423.XSHE,0.7219879031181335
2026-01-23,002423.XSHE,0.6755084991455078
2026-01-30,002423.XSHE,0.5977078080177307
2026-02-06,002423.XSHE,0.49594777822494507
2026-02-13,002423.XSHE,0.4587869644165039
2026-03-02,002423.XSHE,0.540273904800415
2026-03-09,002423.XSHE,0.59799724817276
2026-03-16,002423.XSHE,0.3411870002746582
2026-03-23,002423.XSHE,0.6387858986854553
2026-03-30,002423.XSHE,0.5291327238082886
2026-04-07,002423.XSHE,0.4503750205039978
2026-04-14,002423.XSHE,0.5045034885406494
2026-04-21,002423.XSHE,0.5130723714828491
2026-04-28,002423.XSHE,0.5913254618644714
2026-05-08,002423.XSHE,0.6726155877113342
2026-05-15,002423.XSHE,0.6586787104606628
2026-05-22,002423.XSHE,0.6685203313827515
2026-05-29,002423.XSHE,0.7050825953483582
2026-06-05,002423.XSHE,0.777858316898346
2026-06-12,002423.XSHE,0.7987512946128845
2026-06-22,002423.XSHE,0.6908519864082336
2026-06-29,002423.XSHE,0.7620331645011902
2026-07-06,002423.XSHE,0.7303524613380432
2026-07-13,002423.XSHE,0.7302518486976624
2026-07-20,002423.XSHE,0.6275748014450073
2026-07-27,002423.XSHE,0.6078055500984192
2026-01-09,002429.XSHE,0.72368985414505
2026-01-16,002429.XSHE,0.6918694376945496
2026-01-23,002429.XSHE,0.8079126477241516
2026-01-30,002429.XSHE,0.8900930285453796
2026-02-06,002429.XSHE,0.9832421541213989
2026-02-13,002429.XSHE,0.7227526307106018
2026-03-02,002429.XSHE,0.7668494582176208
2026-03-09,002429.XSHE,0.6376247406005859
2026-03-16,002429.XSHE,0.4675944447517395
2026-03-23,002429.XSHE,0.41229069232940674
2026-03-30,002429.XSHE,0.3022521734237671
2026-04-07,002429.XSHE,0.19680285453796387
2026-04-14,002429.XSHE,0.04973319172859192
2026-04-21,002429.XSHE,-0.0971413105726242
2026-04-28,002429.XSHE,-0.18379153311252594
2026-05-08,002429.XSHE,-0.09746412932872772
2026-05-15,002429.XSHE,0.14391721785068512
2026-05-22,002429.XSHE,0.39265871047973633
2026-05-29,002429.XSHE,0.6629920601844788
2026-06-05,002429.XSHE,0.863627016544342
2026-06-12,002429.XSHE,0.9820228219032288
2026-06-22,002429.XSHE,1.0093605518341064
2026-06-29,002429.XSHE,1.0025583505630493
2026-07-06,002429.XSHE,0.6614572405815125
2026-07-13,002429.XSHE,0.6556311845779419
2026-07-20,002429.XSHE,0.6234142184257507
2026-07-27,002429.XSHE,0.6239915490150452
2026-01-09,002430.XSHE,-0.9690887331962585
2026-01-16,002430.XSHE,-0.8446604609489441
2026-01-23,002430.XSHE,-0.6854646801948547
2026-01-30,002430.XSHE,-0.49080121517181396
2026-02-06,002430.XSHE,-0.13133792579174042
2026-02-13,002430.XSHE,0.23310421407222748
2026-03-02,002430.XSHE,0.4304540753364563
2026-03-09,002430.XSHE,0.6688267588615417
2026-03-16,002430.XSHE,0.6454429626464844
2026-03-23,002430.XSHE,0.22929057478904724
2026-03-30,002430.XSHE,0.3039253056049347
2026-04-07,002430.XSHE,0.2827844023704529
2026-04-14,002430.XSHE,0.40431225299835205
2026-04-21,002430.XSHE,0.03986211121082306
2026-04-28,002430.XSHE,-0.07123284041881561
2026-05-08,002430.XSHE,0.11407674849033356
2026-05-15,002430.XSHE,0.3297632038593292
2026-05-22,002430.XSHE,0.5768808722496033
2026-05-29,002430.XSHE,0.7870321869850159
2026-06-05,002430.XSHE,0.9179163575172424
2026-06-12,002430.XSHE,0.7708242535591125
2026-06-22,002430.XSHE,0.5598007440567017
2026-06-29,002430.XSHE,0.37553441524505615
2026-07-06,002430.XSHE,0.3858029246330261
2026-07-13,002430.XSHE,-0.010855108499526978
2026-07-20,002430.XSHE,0.09613104164600372
2026-07-27,002430.XSHE,0.30270713567733765
2026-01-09,002432.XSHE,0.6786572933197021
2026-01-16,002432.XSHE,0.8481404185295105
2026-01-23,002432.XSHE,0.8139870762825012
2026-01-30,002432.XSHE,0.8819929361343384
2026-02-06,002432.XSHE,0.743503987789154
2026-02-13,002432.XSHE,0.8102732300758362
2026-03-02,002432.XSHE,0.26740390062332153
2026-03-09,002432.XSHE,0.18334327638149261
2026-03-16,002432.XSHE,0.12005473673343658
2026-03-23,002432.XSHE,0.12868322432041168
2026-03-30,002432.XSHE,0.1496046930551529
2026-04-07,002432.XSHE,0.2696356773376465
2026-04-14,002432.XSHE,0.10962873697280884
2026-04-21,002432.XSHE,0.3569275736808777
2026-04-28,002432.XSHE,0.4833263158798218
2026-05-08,002432.XSHE,0.4945187568664551
2026-05-15,002432.XSHE,0.4515460133552551
2026-05-22,002432.XSHE,3.032386302947998e-05
2026-05-29,002432.XSHE,-0.20996879041194916
2026-06-05,002432.XSHE,-0.357524573802948
2026-06-12,002432.XSHE,-0.4304647445678711
2026-06-22,002432.XSHE,-0.4801119565963745
2026-06-29,002432.XSHE,-0.5166594386100769
2026-07-06,002432.XSHE,-0.4017302393913269
2026-07-13,002432.XSHE,-0.2150091677904129
2026-07-20,002432.XSHE,-0.32324081659317017
2026-07-27,002432.XSHE,-0.4141424894332886
2026-02-06,002436.XSHE,0.6905825138092041
2026-02-13,002436.XSHE,0.7120355367660522
2026-03-02,002436.XSHE,0.7797706127166748
2026-03-09,002436.XSHE,0.7410926818847656
2026-03-16,002436.XSHE,0.6936869025230408
2026-03-23,002436.XSHE,0.689851701259613
2026-03-30,002436.XSHE,0.6949597001075745
2026-04-07,002436.XSHE,0.6250135898590088
2026-04-14,002436.XSHE,0.3163002133369446
2026-04-21,002436.XSHE,0.16527989506721497
2026-04-28,002436.XSHE,0.18595170974731445
2026-05-08,002436.XSHE,0.18907763063907623
2026-05-15,002436.XSHE,0.25003841519355774
2026-05-22,002436.XSHE,0.11122876405715942
2026-05-29,002436.XSHE,0.0554838627576828
2026-06-05,002436.XSHE,0.13671407103538513
2026-06-12,002436.XSHE,0.2699827551841736
2026-06-22,002436.XSHE,0.3331449627876282
2026-06-29,002436.XSHE,0.41909289360046387
2026-07-06,002436.XSHE,0.31867915391921997
2026-07-13,002436.XSHE,0.2696273922920227
2026-07-20,002436.XSHE,0.14959363639354706
2026-07-27,002436.XSHE,-0.19595326483249664
2026-01-09,002439.XSHE,0.5946332216262817
2026-01-16,002439.XSHE,0.450306236743927
2026-01-23,002439.XSHE,0.44570475816726685
2026-01-30,002439.XSHE,0.41976046562194824
2026-02-06,002439.XSHE,0.4438864588737488
2026-02-13,002439.XSHE,0.30371108651161194
2026-03-02,002439.XSHE,0.4046499729156494
2026-03-09,002439.XSHE,0.17409038543701172
2026-03-16,002439.XSHE,0.38591212034225464
2026-03-23,002439.XSHE,0.49196821451187134
2026-03-30,002439.XSHE,0.53511643409729
2026-04-07,002439.XSHE,0.5902523398399353
2026-04-14,002439.XSHE,0.12500762939453125
2026-04-21,002439.XSHE,0.21234899759292603
2026-04-28,002439.XSHE,0.3177677094936371
2026-05-08,002439.XSHE,0.06800730526447296
2026-01-09,002444.XSHE,0.6438381671905518
2026-01-16,002444.XSHE,0.8526643514633179
2026-01-23,002444.XSHE,0.9594696164131165
2026-01-30,002444.XSHE,0.993951141834259
2026-02-06,002444.XSHE,0.9715034365653992
2026-02-13,002444.XSHE,0.8652626872062683
2026-03-02,002444.XSHE,0.7856683135032654
2026-03-09,002444.XSHE,0.6645110249519348
2026-03-16,002444.XSHE,0.6670656800270081
2026-03-23,002444.XSHE,0.5313159227371216
2026-03-30,002444.XSHE,0.5740963220596313
2026-04-07,002444.XSHE,0.5884502530097961
2026-04-14,002444.XSHE,0.39715576171875
2026-04-21,002444.XSHE,0.43523329496383667
2026-04-28,002444.XSHE,0.15385986864566803
2026-05-08,002444.XSHE,0.03617633879184723
2026-05-15,002444.XSHE,0.06773487478494644
2026-05-22,002444.XSHE,0.20288985967636108
2026-05-29,002444.XSHE,0.34489691257476807
2026-06-05,002444.XSHE,0.4895527958869934
2026-06-12,002444.XSHE,0.6207777261734009
2026-06-22,002444.XSHE,0.626239001750946
2026-06-29,002444.XSHE,0.6292780637741089
2026-07-06,002444.XSHE,0.6332228779792786
2026-07-13,002444.XSHE,0.5778588652610779
2026-07-20,002444.XSHE,0.620869517326355
2026-07-27,002444.XSHE,0.5392394661903381
2026-01-09,002465.XSHE,0.24665656685829163
2026-01-16,002465.XSHE,0.11241962760686874
2026-01-23,002465.XSHE,-0.41276782751083374
2026-01-30,002465.XSHE,-0.5107253193855286
2026-02-06,002465.XSHE,-0.5534254312515259
2026-02-13,002465.XSHE,-0.401766836643219
2026-03-02,002465.XSHE,-0.3310885429382324
2026-03-09,002465.XSHE,0.011575654149055481
2026-03-16,002465.XSHE,0.39387595653533936
2026-03-23,002465.XSHE,0.7161293625831604
2026-03-30,002465.XSHE,0.8344476222991943
2026-04-07,002465.XSHE,0.8979926109313965
2026-04-14,002465.XSHE,0.845547080039978
2026-04-21,002465.XSHE,0.8438320755958557
2026-04-28,002465.XSHE,0.8210983872413635
2026-05-08,002465.XSHE,0.7101776003837585
2026-05-15,002465.XSHE,0.7486016154289246
2026-05-22,002465.XSHE,0.7187670469284058
2026-05-29,002465.XSHE,0.6304476261138916
2026-06-05,002465.XSHE,0.23038509488105774
2026-06-12,002465.XSHE,0.27303004264831543
2026-06-22,002465.XSHE,0.3718497157096863
2026-06-29,002465.XSHE,0.4882715344429016
2026-07-06,002465.XSHE,0.6395422220230103
2026-07-13,002465.XSHE,0.6789129972457886
2026-07-20,002465.XSHE,0.6807169318199158
2026-07-27,002465.XSHE,0.6948801875114441
2026-01-09,002472.XSHE,0.592396080493927
2026-01-16,002472.XSHE,0.376062273979187
2026-01-23,002472.XSHE,0.4051203727722168
2026-01-30,002472.XSHE,0.4782490134239197
2026-02-06,002472.XSHE,0.6013602614402771
2026-02-13,002472.XSHE,0.7265174984931946
2026-03-02,002472.XSHE,0.7532004714012146
2026-03-09,002472.XSHE,0.7787789106369019
2026-03-16,002472.XSHE,0.796386182308197
2026-03-23,002472.XSHE,0.8695866465568542
2026-03-30,002472.XSHE,0.8381020426750183
2026-04-07,002472.XSHE,0.7368640303611755
2026-04-14,002472.XSHE,0.7124552130699158
2026-04-21,002472.XSHE,0.7161546945571899
2026-04-28,002472.XSHE,0.7537254095077515
2026-05-08,002472.XSHE,0.48105162382125854
2026-05-15,002472.XSHE,0.44888705015182495
2026-05-22,002472.XSHE,0.5508755445480347
2026-05-29,002472.XSHE,0.40875673294067383
2026-06-05,002472.XSHE,0.055892497301101685
2026-06-12,002472.XSHE,-0.05556510388851166
2026-06-22,002472.XSHE,-0.13371185958385468
2026-06-29,002472.XSHE,-0.14225433766841888
2026-07-06,002472.XSHE,-0.3566598892211914
2026-07-13,002472.XSHE,-0.43229711055755615
2026-07-20,002472.XSHE,-0.49889832735061646
2026-07-27,002472.XSHE,-0.4681510925292969
2026-06-29,002487.XSHE,-0.19281534850597382
2026-07-06,002487.XSHE,-0.12102855741977692
2026-07-13,002487.XSHE,-0.017078444361686707
2026-07-20,002487.XSHE,0.18224714696407318
2026-07-27,002487.XSHE,-0.05807332694530487
2026-01-09,002500.XSHE,0.7060752511024475
2026-01-16,002500.XSHE,0.7233395576477051
2026-01-23,002500.XSHE,0.7301914691925049
2026-01-30,002500.XSHE,0.6953147649765015
2026-02-06,002500.XSHE,0.7100110054016113
2026-02-13,002500.XSHE,0.7156887650489807
2026-03-02,002500.XSHE,0.7193450331687927
2026-03-09,002500.XSHE,0.7140340805053711
2026-03-16,002500.XSHE,0.7154904007911682
2026-03-23,002500.XSHE,0.5688202381134033
2026-03-30,002500.XSHE,0.5683905482292175
2026-04-07,002500.XSHE,0.6409255266189575
2026-04-14,002500.XSHE,0.7117846608161926
2026-04-21,002500.XSHE,0.6844179630279541
2026-04-28,002500.XSHE,0.6275818347930908
2026-05-08,002500.XSHE,0.6964925527572632
2026-05-15,002500.XSHE,0.5076976418495178
2026-05-22,002500.XSHE,0.4466894268989563
2026-05-29,002500.XSHE,0.4303417205810547
2026-06-05,002500.XSHE,0.6038503050804138
2026-06-12,002500.XSHE,0.4639328718185425
2026-06-22,002500.XSHE,0.5047032237052917
2026-06-29,002500.XSHE,0.8064699172973633
2026-07-06,002500.XSHE,0.8538723587989807
2026-07-13,002500.XSHE,0.876658022403717
2026-07-20,002500.XSHE,0.8209326863288879
2026-07-27,002500.XSHE,0.8534801006317139
2026-01-09,002508.XSHE,0.6623595356941223
2026-01-16,002508.XSHE,0.6723628640174866
2026-01-23,002508.XSHE,0.7585605978965759
2026-01-30,002508.XSHE,0.6153525710105896
2026-02-06,002508.XSHE,0.36623629927635193
2026-02-13,002508.XSHE,0.26567983627319336
2026-03-02,002508.XSHE,0.15286387503147125
2026-03-09,002508.XSHE,0.171335831284523
2026-03-16,002508.XSHE,0.17396076023578644
2026-03-23,002508.XSHE,0.4153318405151367
2026-03-30,002508.XSHE,0.5544706583023071
2026-04-07,002508.XSHE,0.5195879340171814
2026-04-14,002508.XSHE,0.4701741337776184
2026-04-21,002508.XSHE,0.5497704148292542
2026-04-28,002508.XSHE,0.6472322344779968
2026-05-08,002508.XSHE,0.7257261276245117
2026-05-15,002508.XSHE,0.7510343790054321
2026-05-22,002508.XSHE,0.7709110975265503
2026-05-29,002508.XSHE,0.637774646282196
2026-06-05,002508.XSHE,0.4086380898952484
2026-06-12,002508.XSHE,0.4169706702232361
2026-06-22,002508.XSHE,0.39191412925720215
2026-06-29,002508.XSHE,0.22380876541137695
2026-07-06,002508.XSHE,0.3896937370300293
2026-07-13,002508.XSHE,0.5066169500350952
2026-07-20,002508.XSHE,0.41711485385894775
2026-07-27,002508.XSHE,0.47580188512802124
2026-01-09,002517.XSHE,0.34408700466156006
2026-01-16,002517.XSHE,0.43589621782302856
2026-01-23,002517.XSHE,0.5348948836326599
2026-01-30,002517.XSHE,0.6676425933837891
2026-02-06,002517.XSHE,0.7775412797927856
2026-02-13,002517.XSHE,0.8124051690101624
2026-03-02,002517.XSHE,0.8229132294654846
2026-03-09,002517.XSHE,0.8654661774635315
2026-03-16,002517.XSHE,0.7583567500114441
2026-03-23,002517.XSHE,0.7823742032051086
2026-03-30,002517.XSHE,0.7782255411148071
2026-04-07,002517.XSHE,0.7947662472724915
2026-04-14,002517.XSHE,0.5106095671653748
2026-04-21,002517.XSHE,0.5104795098304749
2026-04-28,002517.XSHE,0.37026864290237427
2026-05-08,002517.XSHE,0.3393215537071228
2026-05-15,002517.XSHE,0.38316261768341064
2026-05-22,002517.XSHE,0.5006521344184875
2026-05-29,002517.XSHE,0.4993411898612976
2026-06-05,002517.XSHE,0.47884058952331543
2026-06-12,002517.XSHE,0.3618043065071106
2026-06-22,002517.XSHE,0.24186618626117706
2026-06-29,002517.XSHE,0.26667582988739014
2026-07-06,002517.XSHE,0.2085692286491394
2026-07-13,002517.XSHE,0.21956613659858704
2026-07-20,002517.XSHE,0.07713332772254944
2026-07-27,002517.XSHE,0.1119830310344696
2026-01-09,002532.XSHE,0.4291808009147644
2026-01-16,002532.XSHE,0.21117711067199707
2026-01-23,002532.XSHE,0.06379486620426178
2026-01-30,002532.XSHE,-0.11019839346408844
2026-02-06,002532.XSHE,-0.24664638936519623
2026-02-13,002532.XSHE,-0.13390372693538666
2026-03-02,002532.XSHE,-0.09449480473995209
2026-03-09,002532.XSHE,0.15267112851142883
2026-03-16,002532.XSHE,0.4507408142089844
2026-03-23,002532.XSHE,0.5869209170341492
2026-03-30,002532.XSHE,0.7125777006149292
2026-04-07,002532.XSHE,0.3830222487449646
2026-04-14,002532.XSHE,0.45284491777420044
2026-04-21,002532.XSHE,0.5611972808837891
2026-04-28,002532.XSHE,0.6615233421325684
2026-05-08,002532.XSHE,0.7442105412483215
2026-01-09,002558.XSHE,0.16412340104579926
2026-01-16,002558.XSHE,0.32668447494506836
2026-01-23,002558.XSHE,0.5308933854103088
2026-01-30,002558.XSHE,0.7573345899581909
2026-02-06,002558.XSHE,0.8723932504653931
2026-02-13,002558.XSHE,1.01094388961792
2026-03-02,002558.XSHE,0.9808928370475769
2026-03-09,002558.XSHE,0.8793402910232544
2026-03-16,002558.XSHE,0.8578711152076721
2026-03-23,002558.XSHE,0.8283877372741699
2026-03-30,002558.XSHE,0.8676201701164246
2026-04-07,002558.XSHE,0.7479004263877869
2026-04-14,002558.XSHE,0.5066900849342346
2026-04-21,002558.XSHE,0.49803775548934937
2026-04-28,002558.XSHE,0.27295243740081787
2026-05-08,002558.XSHE,0.24290025234222412
2026-01-09,002568.XSHE,0.42956578731536865
2026-01-16,002568.XSHE,0.45172202587127686
2026-01-23,002568.XSHE,0.4450035095214844
2026-01-30,002568.XSHE,0.36327844858169556
2026-02-06,002568.XSHE,0.3800821900367737
2026-02-13,002568.XSHE,0.42985063791275024
2026-03-02,002568.XSHE,0.4936649799346924
2026-03-09,002568.XSHE,0.5373109579086304
2026-03-16,002568.XSHE,0.5981863141059875
2026-03-23,002568.XSHE,0.6639564037322998
2026-03-30,002568.XSHE,0.6609260439872742
2026-04-07,002568.XSHE,0.6413536071777344
2026-04-14,002568.XSHE,0.655093252658844
2026-04-21,002568.XSHE,0.6567115783691406
2026-04-28,002568.XSHE,0.6888939738273621
2026-05-08,002568.XSHE,0.6924168467521667
2026-05-15,002568.XSHE,0.6670114994049072
2026-05-22,002568.XSHE,0.5546972155570984
2026-05-29,002568.XSHE,0.06646415591239929
2026-06-05,002568.XSHE,0.1621389389038086
2026-06-12,002568.XSHE,0.21781025826931
2026-06-22,002568.XSHE,8.61138105392456e-05
2026-06-29,002568.XSHE,-0.13116882741451263
2026-07-06,002568.XSHE,-0.05361178517341614
2026-07-13,002568.XSHE,-0.26255470514297485
2026-07-20,002568.XSHE,-0.3327091336250305
2026-07-27,002568.XSHE,-0.255318820476532
2026-01-09,002583.XSHE,0.0781211331486702
2026-01-16,002583.XSHE,0.17170622944831848
2026-01-23,002583.XSHE,0.22227635979652405
2026-01-30,002583.XSHE,0.4258762001991272
2026-02-06,002583.XSHE,0.5972974896430969
2026-02-13,002583.XSHE,0.695449948310852
2026-03-02,002583.XSHE,0.5800989866256714
2026-03-09,002583.XSHE,0.8175255656242371
2026-03-16,002583.XSHE,0.8491671681404114
2026-03-23,002583.XSHE,0.7526691555976868
2026-03-30,002583.XSHE,0.673905611038208
2026-04-07,002583.XSHE,0.5202651023864746
2026-04-14,002583.XSHE,0.4019313454627991
2026-04-21,002583.XSHE,0.2735590934753418
2026-04-28,002583.XSHE,0.2140590101480484
2026-05-08,002583.XSHE,0.15715311467647552
2026-05-15,002583.XSHE,0.36780938506126404
2026-05-22,002583.XSHE,0.682517945766449
2026-05-29,002583.XSHE,0.95644611120224
2026-06-05,002583.XSHE,0.7865713238716125
2026-06-12,002583.XSHE,0.8719696998596191
2026-06-22,002583.XSHE,0.9550570249557495
2026-06-29,002583.XSHE,0.9049457907676697
2026-07-06,002583.XSHE,0.7835257053375244
2026-07-13,002583.XSHE,0.742238461971283
2026-07-20,002583.XSHE,0.6791084408760071
2026-07-27,002583.XSHE,0.3952915072441101
2026-01-09,002595.XSHE,0.743838906288147
2026-01-16,002595.XSHE,0.874864399433136
2026-01-23,002595.XSHE,0.949734091758728
2026-01-30,002595.XSHE,0.8990561366081238
2026-02-06,002595.XSHE,0.9349598288536072
2026-02-13,002595.XSHE,0.818777322769165
2026-03-02,002595.XSHE,0.6877953410148621
2026-03-09,002595.XSHE,0.6051687002182007
2026-03-16,002595.XSHE,0.504542887210846
2026-03-23,002595.XSHE,0.38843655586242676
2026-03-30,002595.XSHE,0.31292933225631714
2026-04-07,002595.XSHE,0.3133416771888733
2026-04-14,002595.XSHE,0.3246116042137146
2026-04-21,002595.XSHE,0.28545305132865906
2026-04-28,002595.XSHE,0.35973936319351196
2026-05-08,002595.XSHE,0.4093884825706482
2026-01-09,002603.XSHE,0.5070657730102539
2026-01-16,002603.XSHE,0.6177657246589661
2026-01-23,002603.XSHE,0.6393953561782837
2026-01-30,002603.XSHE,0.72944176197052
2026-02-06,002603.XSHE,0.3660854697227478
2026-02-13,002603.XSHE,0.548503041267395
2026-03-02,002603.XSHE,0.692021906375885
2026-03-09,002603.XSHE,0.7461567521095276
2026-03-16,002603.XSHE,0.7694377899169922
2026-03-23,002603.XSHE,0.796072244644165
2026-03-30,002603.XSHE,0.6279488801956177
2026-04-07,002603.XSHE,0.6509236097335815
2026-04-14,002603.XSHE,0.6915720105171204
2026-04-21,002603.XSHE,0.7205187082290649
2026-04-28,002603.XSHE,0.5055502653121948
2026-05-08,002603.XSHE,0.5515837073326111
2026-05-15,002603.XSHE,0.6309581398963928
2026-05-22,002603.XSHE,0.6755064725875854
2026-05-29,002603.XSHE,0.6326141357421875
2026-06-05,002603.XSHE,0.6180869936943054
2026-06-12,002603.XSHE,0.6498535871505737
2026-06-22,002603.XSHE,0.6454379558563232
2026-06-29,002603.XSHE,0.5348371267318726
2026-07-06,002603.XSHE,0.7049633860588074
2026-07-13,002603.XSHE,0.44678938388824463
2026-07-20,002603.XSHE,0.49755507707595825
2026-07-27,002603.XSHE,0.6958919763565063
2026-01-09,002607.XSHE,0.07433556020259857
2026-01-16,002607.XSHE,0.01958318054676056
2026-01-23,002607.XSHE,0.04201285541057587
2026-01-30,002607.XSHE,0.0838715210556984
2026-02-06,002607.XSHE,0.16435571014881134
2026-02-13,002607.XSHE,0.29894232749938965
2026-03-02,002607.XSHE,0.40766197443008423
2026-03-09,002607.XSHE,0.6843904256820679
2026-03-16,002607.XSHE,0.882794976234436
2026-03-23,002607.XSHE,0.8531587719917297
2026-03-30,002607.XSHE,0.8735573291778564
2026-04-07,002607.XSHE,0.9011744260787964
2026-04-14,002607.XSHE,0.9026374816894531
2026-04-21,002607.XSHE,0.8345875144004822
2026-04-28,002607.XSHE,0.7875276803970337
2026-05-08,002607.XSHE,0.7604074478149414
2026-01-09,002608.XSHE,0.8618103265762329
2026-01-16,002608.XSHE,0.6706058979034424
2026-01-23,002608.XSHE,0.6836139559745789
2026-01-30,002608.XSHE,0.6249379515647888
2026-02-06,002608.XSHE,0.6368303298950195
2026-02-13,002608.XSHE,0.6014466285705566
2026-03-02,002608.XSHE,0.26881641149520874
2026-03-09,002608.XSHE,0.30754968523979187
2026-03-16,002608.XSHE,0.2691842317581177
2026-03-23,002608.XSHE,0.23777545988559723
2026-03-30,002608.XSHE,0.12161368131637573
2026-04-07,002608.XSHE,0.12125076353549957
2026-04-14,002608.XSHE,0.25720474123954773
2026-04-21,002608.XSHE,0.05682574212551117
2026-04-28,002608.XSHE,0.12042529881000519
2026-05-08,002608.XSHE,0.2266974300146103
2026-05-15,002608.XSHE,0.27060946822166443
2026-05-22,002608.XSHE,0.3068852722644806
2026-05-29,002608.XSHE,0.11008886992931366
2026-06-05,002608.XSHE,-0.04616011679172516
2026-06-12,002608.XSHE,0.19200164079666138
2026-06-22,002608.XSHE,0.32082536816596985
2026-06-29,002608.XSHE,0.31278517842292786
2026-07-06,002608.XSHE,0.36899399757385254
2026-07-13,002608.XSHE,0.45147866010665894
2026-07-20,002608.XSHE,0.293983519077301
2026-07-27,002608.XSHE,0.4122532606124878
2026-01-09,002624.XSHE,0.5754296183586121
2026-01-16,002624.XSHE,0.5456316471099854
2026-01-23,002624.XSHE,0.5690574049949646
2026-01-30,002624.XSHE,0.5121361613273621
2026-02-06,002624.XSHE,-0.005634203553199768
2026-02-13,002624.XSHE,-0.1545713096857071
2026-03-02,002624.XSHE,-0.1613045185804367
2026-03-09,002624.XSHE,-0.02890525758266449
2026-03-16,002624.XSHE,0.136748805642128
2026-03-23,002624.XSHE,0.392849862575531
2026-03-30,002624.XSHE,0.5737172961235046
2026-04-07,002624.XSHE,0.6282418370246887
2026-04-14,002624.XSHE,0.6882585287094116
2026-04-21,002624.XSHE,0.7259737849235535
2026-04-28,002624.XSHE,0.48862963914871216
2026-05-08,002624.XSHE,0.5032427906990051
2026-05-15,002624.XSHE,0.5393611788749695
2026-05-22,002624.XSHE,0.6297805309295654
2026-05-29,002624.XSHE,0.7018702030181885
2026-06-05,002624.XSHE,0.5361473560333252
2026-06-12,002624.XSHE,0.5224939584732056
2026-06-22,002624.XSHE,0.46069270372390747
2026-06-29,002624.XSHE,0.26518192887306213
2026-07-06,002624.XSHE,0.34350067377090454
2026-07-13,002624.XSHE,0.2518845498561859
2026-07-20,002624.XSHE,0.2528783977031708
2026-07-27,002624.XSHE,0.12830093502998352
2026-01-09,002670.XSHE,0.7576549053192139
2026-01-16,002670.XSHE,0.7538180351257324
2026-01-23,002670.XSHE,0.7801690697669983
2026-01-30,002670.XSHE,0.7599787712097168
2026-02-06,002670.XSHE,0.7787267565727234
2026-02-13,002670.XSHE,0.7823905348777771
2026-03-02,002670.XSHE,0.795301079750061
2026-03-09,002670.XSHE,0.8236962556838989
2026-03-16,002670.XSHE,0.8108853697776794
2026-03-23,002670.XSHE,0.801209568977356
2026-03-30,002670.XSHE,0.7837483286857605
2026-04-07,002670.XSHE,0.7548611760139465
2026-04-14,002670.XSHE,0.7456863522529602
2026-04-21,002670.XSHE,0.4220612943172455
2026-04-28,002670.XSHE,0.4176163375377655
2026-05-08,002670.XSHE,0.5089704990386963
2026-05-15,002670.XSHE,0.6156505346298218
2026-05-22,002670.XSHE,0.670714795589447
2026-05-29,002670.XSHE,0.7246959209442139
2026-06-05,002670.XSHE,0.738817036151886
2026-06-12,002670.XSHE,0.7807192802429199
2026-06-22,002670.XSHE,0.6509202718734741
2026-06-29,002670.XSHE,0.7462593913078308
2026-07-06,002670.XSHE,0.7115021347999573
2026-07-13,002670.XSHE,0.6939791440963745
2026-07-20,002670.XSHE,0.7377495169639587
2026-07-27,002670.XSHE,0.6505808234214783
2026-01-09,002673.XSHE,0.7400514483451843
2026-01-16,002673.XSHE,0.7264440655708313
2026-01-23,002673.XSHE,0.7326952815055847
2026-01-30,002673.XSHE,0.7446507215499878
2026-02-06,002673.XSHE,0.761604905128479
2026-02-13,002673.XSHE,0.7312242388725281
2026-03-02,002673.XSHE,0.7438666224479675
2026-03-09,002673.XSHE,0.7511138319969177
2026-03-16,002673.XSHE,0.6987961530685425
2026-03-23,002673.XSHE,0.6556059122085571
2026-03-30,002673.XSHE,0.6398080587387085
2026-04-07,002673.XSHE,0.6114432215690613
2026-04-14,002673.XSHE,0.602208137512207
2026-04-21,002673.XSHE,0.563959538936615
2026-04-28,002673.XSHE,0.5019498467445374
2026-05-08,002673.XSHE,0.5775887966156006
2026-05-15,002673.XSHE,0.5872523188591003
2026-05-22,002673.XSHE,0.6176404356956482
2026-05-29,002673.XSHE,0.6158676147460938
2026-06-05,002673.XSHE,0.6713572144508362
2026-06-12,002673.XSHE,0.5328493118286133
2026-06-22,002673.XSHE,0.45733678340911865
2026-06-29,002673.XSHE,0.7052170634269714
2026-07-06,002673.XSHE,0.6932395100593567
2026-07-13,002673.XSHE,0.7243008017539978
2026-07-20,002673.XSHE,0.6966164708137512
2026-07-27,002673.XSHE,0.7391621470451355
2026-01-09,002683.XSHE,0.4314992427825928
2026-01-16,002683.XSHE,0.5296043753623962
2026-01-23,002683.XSHE,0.6266252398490906
2026-01-30,002683.XSHE,0.70428866147995
2026-02-06,002683.XSHE,0.7663810849189758
2026-02-13,002683.XSHE,0.8121864199638367
2026-03-02,002683.XSHE,0.6798715591430664
2026-03-09,002683.XSHE,0.7187279462814331
2026-03-16,002683.XSHE,0.7376299500465393
2026-03-23,002683.XSHE,0.7922895550727844
2026-03-30,002683.XSHE,0.8786420226097107
2026-04-07,002683.XSHE,0.9486472010612488
2026-04-14,002683.XSHE,0.9193658828735352
2026-04-21,002683.XSHE,0.9343923330307007
2026-04-28,002683.XSHE,0.7650567293167114
2026-05-08,002683.XSHE,0.44058704376220703
2026-05-15,002683.XSHE,0.5953153967857361
2026-05-22,002683.XSHE,0.6828916072845459
2026-05-29,002683.XSHE,0.7488698363304138
2026-06-05,002683.XSHE,0.7113758325576782
2026-06-12,002683.XSHE,0.7758355736732483
2026-06-22,002683.XSHE,0.7922794222831726
2026-06-29,002683.XSHE,0.813275158405304
2026-07-06,002683.XSHE,0.8367728590965271
2026-07-13,002683.XSHE,0.8300488591194153
2026-07-20,002683.XSHE,0.7372249364852905
2026-07-27,002683.XSHE,0.5526403784751892
2026-01-09,002738.XSHE,0.05919007956981659
2026-01-16,002738.XSHE,0.2933323085308075
2026-01-23,002738.XSHE,0.4085885286331177
2026-01-30,002738.XSHE,0.5409267544746399
2026-02-06,002738.XSHE,0.5700033903121948
2026-02-13,002738.XSHE,0.5665873885154724
2026-03-02,002738.XSHE,0.586942195892334
2026-03-09,002738.XSHE,0.5841416120529175
2026-03-16,002738.XSHE,0.6138005256652832
2026-03-23,002738.XSHE,0.5214136242866516
2026-03-30,002738.XSHE,0.4884476661682129
2026-04-07,002738.XSHE,0.5330981612205505
2026-04-14,002738.XSHE,0.5084683299064636
2026-04-21,002738.XSHE,0.4616422653198242
2026-04-28,002738.XSHE,0.4410228133201599
2026-05-08,002738.XSHE,0.30966562032699585
2026-05-15,002738.XSHE,0.11144603788852692
2026-05-22,002738.XSHE,0.36818021535873413
2026-05-29,002738.XSHE,0.717934787273407
2026-06-05,002738.XSHE,0.6182016730308533
2026-06-12,002738.XSHE,0.39768677949905396
2026-06-22,002738.XSHE,0.32475942373275757
2026-06-29,002738.XSHE,0.3886229693889618
2026-07-06,002738.XSHE,0.33132338523864746
2026-07-13,002738.XSHE,0.36620792746543884
2026-07-20,002738.XSHE,0.39511436223983765
2026-07-27,002738.XSHE,0.4980454444885254
2026-01-09,002739.XSHE,0.4597216844558716
2026-01-16,002739.XSHE,0.4814033508300781
2026-01-23,002739.XSHE,0.5246119499206543
2026-01-30,002739.XSHE,0.5373509526252747
2026-02-06,002739.XSHE,0.48050129413604736
2026-02-13,002739.XSHE,0.4851765036582947
2026-03-02,002739.XSHE,0.34152036905288696
2026-03-09,002739.XSHE,0.06295107305049896
2026-03-16,002739.XSHE,-0.05283181369304657
2026-03-23,002739.XSHE,-0.09915117919445038
2026-03-30,002739.XSHE,-0.1175573319196701
2026-04-07,002739.XSHE,0.007902875542640686
2026-04-14,002739.XSHE,0.05418024957180023
2026-04-21,002739.XSHE,0.008429750800132751
2026-04-28,002739.XSHE,0.0821622982621193
2026-05-08,002739.XSHE,0.19336868822574615
2026-05-15,002739.XSHE,0.36013513803482056
2026-05-22,002739.XSHE,0.4318494200706482
2026-05-29,002739.XSHE,0.44758129119873047
2026-06-05,002739.XSHE,0.6820060610771179
2026-06-12,002739.XSHE,0.7471339702606201
2026-06-22,002739.XSHE,0.7607710957527161
2026-06-29,002739.XSHE,0.6222670078277588
2026-07-06,002739.XSHE,0.5352351069450378
2026-07-13,002739.XSHE,0.3178756833076477
2026-07-20,002739.XSHE,-0.012961000204086304
2026-07-27,002739.XSHE,0.04282163083553314
2026-01-09,002756.XSHE,0.6044808030128479
2026-01-16,002756.XSHE,0.6325218081474304
2026-01-23,002756.XSHE,0.20748262107372284
2026-01-30,002756.XSHE,0.15455934405326843
2026-02-06,002756.XSHE,-0.10757653415203094
2026-02-13,002756.XSHE,-0.26049238443374634
2026-03-02,002756.XSHE,-0.4309348464012146
2026-03-09,002756.XSHE,-0.5128178000450134
2026-03-16,002756.XSHE,-0.4666135907173157
2026-03-23,002756.XSHE,-0.618553102016449
2026-03-30,002756.XSHE,-0.6110244393348694
2026-04-07,002756.XSHE,-0.5367726683616638
2026-04-14,002756.XSHE,-0.5618057250976562
2026-04-21,002756.XSHE,-0.47296810150146484
2026-04-28,002756.XSHE,-0.4386763572692871
2026-05-08,002756.XSHE,-0.3119680881500244
2026-05-15,002756.XSHE,-0.20662017166614532
2026-05-22,002756.XSHE,-0.032386764883995056
2026-05-29,002756.XSHE,0.1606389731168747
2026-06-05,002756.XSHE,0.3708842992782593
2026-06-12,002756.XSHE,0.3436865210533142
2026-06-22,002756.XSHE,0.4166691303253174
2026-06-29,002756.XSHE,0.5170229077339172
2026-07-06,002756.XSHE,0.5909798741340637
2026-07-13,002756.XSHE,0.7356233596801758
2026-07-20,002756.XSHE,0.7733184099197388
2026-07-27,002756.XSHE,0.6950836777687073
2026-01-09,002797.XSHE,0.6794233918190002
2026-01-16,002797.XSHE,0.687591016292572
2026-01-23,002797.XSHE,0.6959079504013062
2026-01-30,002797.XSHE,0.7046058773994446
2026-02-06,002797.XSHE,0.7162805795669556
2026-02-13,002797.XSHE,0.3560122847557068
2026-03-02,002797.XSHE,0.3672198951244354
2026-03-09,002797.XSHE,0.3721621036529541
2026-03-16,002797.XSHE,0.3379056453704834
2026-03-23,002797.XSHE,0.26271671056747437
2026-03-30,002797.XSHE,0.4004688858985901
2026-04-07,002797.XSHE,0.3392570912837982
2026-04-14,002797.XSHE,0.26966577768325806
2026-04-21,002797.XSHE,0.2559966444969177
2026-04-28,002797.XSHE,-0.007461920380592346
2026-05-08,002797.XSHE,0.057059839367866516
2026-05-15,002797.XSHE,0.1095598042011261
2026-05-22,002797.XSHE,0.15118920803070068
2026-05-29,002797.XSHE,0.2007896602153778
2026-06-05,002797.XSHE,0.2907555103302002
2026-06-12,002797.XSHE,0.1665765345096588
2026-06-22,002797.XSHE,0.111210897564888
2026-06-29,002797.XSHE,0.4412435293197632
2026-07-06,002797.XSHE,0.563048779964447
2026-07-13,002797.XSHE,0.6543368101119995
2026-07-20,002797.XSHE,0.6733906269073486
2026-07-27,002797.XSHE,0.7110707759857178
2026-01-09,002821.XSHE,0.7133766412734985
2026-01-16,002821.XSHE,0.782980740070343
2026-01-23,002821.XSHE,0.8087008595466614
2026-01-30,002821.XSHE,0.7913100123405457
2026-02-06,002821.XSHE,0.7589747905731201
2026-02-13,002821.XSHE,0.7797720432281494
2026-03-02,002821.XSHE,0.7654298543930054
2026-03-09,002821.XSHE,0.7788362503051758
2026-03-16,002821.XSHE,0.8029018640518188
2026-03-23,002821.XSHE,0.8616661429405212
2026-03-30,002821.XSHE,0.8696289658546448
2026-04-07,002821.XSHE,0.52860426902771
2026-04-14,002821.XSHE,0.5766153931617737
2026-04-21,002821.XSHE,0.6028818488121033
2026-04-28,002821.XSHE,0.08839587867259979
2026-05-08,002821.XSHE,0.10148784518241882
2026-05-15,002821.XSHE,0.1908477246761322
2026-05-22,002821.XSHE,0.24353155493736267
2026-05-29,002821.XSHE,0.3616275191307068
2026-06-05,002821.XSHE,0.520197331905365
2026-06-12,002821.XSHE,0.6340698599815369
2026-06-22,002821.XSHE,0.7268933653831482
2026-06-29,002821.XSHE,0.36495882272720337
2026-07-06,002821.XSHE,0.24509701132774353
2026-07-13,002821.XSHE,0.22200950980186462
2026-07-20,002821.XSHE,0.307992547750473
2026-07-27,002821.XSHE,0.44824111461639404
2026-01-09,002831.XSHE,-0.22614504396915436
2026-01-16,002831.XSHE,0.20354478061199188
2026-01-23,002831.XSHE,0.5908100605010986
2026-01-30,002831.XSHE,0.4126133918762207
2026-02-06,002831.XSHE,0.5869197845458984
2026-02-13,002831.XSHE,0.28992903232574463
2026-03-02,002831.XSHE,0.3948804438114166
2026-03-09,002831.XSHE,0.461073637008667
2026-03-16,002831.XSHE,0.047497719526290894
2026-03-23,002831.XSHE,0.17324553430080414
2026-03-30,002831.XSHE,0.3199630379676819
2026-04-07,002831.XSHE,0.3429872989654541
2026-04-14,002831.XSHE,0.5033219456672668
2026-04-21,002831.XSHE,0.4369347095489502
2026-04-28,002831.XSHE,0.506878674030304
2026-05-08,002831.XSHE,0.5018513798713684
2026-05-15,002831.XSHE,0.6728500127792358
2026-05-22,002831.XSHE,0.5538393259048462
2026-05-29,002831.XSHE,0.6957900524139404
2026-06-05,002831.XSHE,0.7540867328643799
2026-06-12,002831.XSHE,0.7835225462913513
2026-06-22,002831.XSHE,0.4615477919578552
2026-06-29,002831.XSHE,0.3816925585269928
2026-07-06,002831.XSHE,0.3659861087799072
2026-07-13,002831.XSHE,0.4369540214538574
2026-07-20,002831.XSHE,0.42919349670410156
2026-07-27,002831.XSHE,0.5414749979972839
2026-01-09,002850.XSHE,0.5431974530220032
2026-01-16,002850.XSHE,0.43687403202056885
2026-01-23,002850.XSHE,0.45753294229507446
2026-01-30,002850.XSHE,0.49558621644973755
2026-02-06,002850.XSHE,0.3547164797782898
2026-02-13,002850.XSHE,0.529387891292572
2026-03-02,002850.XSHE,0.5874832272529602
2026-03-09,002850.XSHE,0.6675095558166504
2026-03-16,002850.XSHE,0.7655928730964661
2026-03-23,002850.XSHE,0.7135986089706421
2026-03-30,002850.XSHE,0.45792704820632935
2026-04-07,002850.XSHE,0.4054896831512451
2026-04-14,002850.XSHE,0.3372582793235779
2026-04-21,002850.XSHE,0.12503263354301453
2026-04-28,002850.XSHE,0.15015149116516113
2026-05-08,002850.XSHE,0.2535116970539093
2026-05-15,002850.XSHE,0.38519948720932007
2026-05-22,002850.XSHE,0.5705519914627075
2026-05-29,002850.XSHE,0.6293343305587769
2026-06-05,002850.XSHE,0.7673097252845764
2026-06-12,002850.XSHE,0.8024491667747498
2026-06-22,002850.XSHE,0.6385065317153931
2026-06-29,002850.XSHE,0.5840974450111389
2026-07-06,002850.XSHE,0.19193166494369507
2026-07-13,002850.XSHE,0.16878703236579895
2026-07-20,002850.XSHE,0.2471775859594345
2026-07-27,002850.XSHE,0.3238983750343323
2026-01-09,002926.XSHE,0.7791844010353088
2026-01-16,002926.XSHE,0.7864312529563904
2026-01-23,002926.XSHE,0.7900680899620056
2026-01-30,002926.XSHE,0.8001867532730103
2026-02-06,002926.XSHE,0.7867668867111206
2026-02-13,002926.XSHE,0.7290223836898804
2026-03-02,002926.XSHE,0.7355608344078064
2026-03-09,002926.XSHE,0.7508376240730286
2026-03-16,002926.XSHE,0.7469850778579712
2026-03-23,002926.XSHE,0.7583196759223938
2026-03-30,002926.XSHE,0.7207671403884888
2026-04-07,002926.XSHE,0.7148874402046204
2026-04-14,002926.XSHE,0.7275658249855042
2026-04-21,002926.XSHE,0.7400841116905212
2026-04-28,002926.XSHE,0.7560474276542664
2026-05-08,002926.XSHE,0.7857047915458679
2026-05-15,002926.XSHE,0.712408721446991
2026-05-22,002926.XSHE,0.6180346012115479
2026-05-29,002926.XSHE,0.6282796859741211
2026-06-05,002926.XSHE,0.704872190952301
2026-06-12,002926.XSHE,0.7245731353759766
2026-06-22,002926.XSHE,0.7502204179763794
2026-06-29,002926.XSHE,0.9314855933189392
2026-07-06,002926.XSHE,0.7924737334251404
2026-07-13,002926.XSHE,0.7634094953536987
2026-07-20,002926.XSHE,0.7552940249443054
2026-07-27,002926.XSHE,0.61650550365448
2026-01-09,002939.XSHE,0.768490731716156
2026-01-16,002939.XSHE,0.8110933899879456
2026-01-23,002939.XSHE,0.8035827279090881
2026-01-30,002939.XSHE,0.8039233088493347
2026-02-06,002939.XSHE,0.7776637673377991
2026-02-13,002939.XSHE,0.779498279094696
2026-03-02,002939.XSHE,0.7849147915840149
2026-03-09,002939.XSHE,0.7899277210235596
2026-03-16,002939.XSHE,0.779386043548584
2026-03-23,002939.XSHE,0.8225410580635071
2026-03-30,002939.XSHE,0.7937790751457214
2026-04-07,002939.XSHE,0.7622699737548828
2026-04-14,002939.XSHE,0.7444700598716736
2026-04-21,002939.XSHE,0.7053231596946716
2026-04-28,002939.XSHE,0.6756782531738281
2026-05-08,002939.XSHE,0.7204320430755615
2026-05-15,002939.XSHE,0.6953566670417786
2026-05-22,002939.XSHE,0.6184492707252502
2026-05-29,002939.XSHE,0.6086311936378479
2026-06-05,002939.XSHE,0.7142179608345032
2026-06-12,002939.XSHE,0.7328568696975708
2026-06-22,002939.XSHE,0.6740956902503967
2026-06-29,002939.XSHE,0.8378618359565735
2026-07-06,002939.XSHE,0.7995859384536743
2026-07-13,002939.XSHE,0.7798692584037781
2026-07-20,002939.XSHE,0.772393524646759
2026-07-27,002939.XSHE,0.7863754630088806
2026-01-09,002945.XSHE,0.2103949934244156
2026-01-16,002945.XSHE,0.2857314944267273
2026-01-23,002945.XSHE,0.21495886147022247
2026-01-30,002945.XSHE,0.2605435848236084
2026-02-06,002945.XSHE,0.17360404133796692
2026-02-13,002945.XSHE,0.27787742018699646
2026-03-02,002945.XSHE,0.46854740381240845
2026-03-09,002945.XSHE,0.6499449610710144
2026-03-16,002945.XSHE,0.6345311403274536
2026-03-23,002945.XSHE,0.6889371871948242
2026-03-30,002945.XSHE,0.5325320959091187
2026-04-07,002945.XSHE,0.5507391691207886
2026-04-14,002945.XSHE,0.6209244728088379
2026-04-21,002945.XSHE,0.6694045662879944
2026-04-28,002945.XSHE,0.6776869297027588
2026-05-08,002945.XSHE,0.733109176158905
2026-05-15,002945.XSHE,0.7807093858718872
2026-05-22,002945.XSHE,0.7606316208839417
2026-05-29,002945.XSHE,0.7966076731681824
2026-06-05,002945.XSHE,0.8083203434944153
2026-06-12,002945.XSHE,0.7372298836708069
2026-06-22,002945.XSHE,0.685920000076294
2026-06-29,002945.XSHE,0.7182368636131287
2026-07-06,002945.XSHE,0.686887800693512
2026-07-13,002945.XSHE,0.648505687713623
2026-07-20,002945.XSHE,0.7074506878852844
2026-07-27,002945.XSHE,0.7470777034759521
2026-01-09,002958.XSHE,0.7864860892295837
2026-01-16,002958.XSHE,0.7235477566719055
2026-01-23,002958.XSHE,0.6737201809883118
2026-01-30,002958.XSHE,0.6692939400672913
2026-02-06,002958.XSHE,0.5582001805305481
2026-02-13,002958.XSHE,0.6187373399734497
2026-03-02,002958.XSHE,0.647089958190918
2026-03-09,002958.XSHE,0.6880393028259277
2026-03-16,002958.XSHE,0.730891227722168
2026-03-23,002958.XSHE,0.4954185485839844
2026-03-30,002958.XSHE,0.5931740999221802
2026-04-07,002958.XSHE,0.6697999835014343
2026-04-14,002958.XSHE,0.736091673374176
2026-04-21,002958.XSHE,0.7505800724029541
2026-04-28,002958.XSHE,0.8563433289527893
2026-05-08,002958.XSHE,0.8884932398796082
2026-01-09,002966.XSHE,0.7053212523460388
2026-01-16,002966.XSHE,0.6501418352127075
2026-01-23,002966.XSHE,0.6431812047958374
2026-01-30,002966.XSHE,0.5949897766113281
2026-02-06,002966.XSHE,0.6304531693458557
2026-02-13,002966.XSHE,0.6814368963241577
2026-03-02,002966.XSHE,0.5426857471466064
2026-03-09,002966.XSHE,0.6053476929664612
2026-03-16,002966.XSHE,0.6231328845024109
2026-03-23,002966.XSHE,0.5175841450691223
2026-03-30,002966.XSHE,0.5824752449989319
2026-04-07,002966.XSHE,0.6504334211349487
2026-04-14,002966.XSHE,0.7140691876411438
2026-04-21,002966.XSHE,0.7886328101158142
2026-04-28,002966.XSHE,0.7785173654556274
2026-05-08,002966.XSHE,0.7671816945075989
2026-05-15,002966.XSHE,0.7553683519363403
2026-05-22,002966.XSHE,0.6782196164131165
2026-05-29,002966.XSHE,0.5687441825866699
2026-06-05,002966.XSHE,0.6655298471450806
2026-06-12,002966.XSHE,0.7395538687705994
2026-06-22,002966.XSHE,0.601762592792511
2026-06-29,002966.XSHE,0.5516380667686462
2026-07-06,002966.XSHE,0.3039700984954834
2026-07-13,002966.XSHE,0.20962253212928772
2026-07-20,002966.XSHE,0.45612233877182007
2026-07-27,002966.XSHE,0.592597246170044
2026-02-06,002984.XSHE,0.956199586391449
2026-02-13,002984.XSHE,1.0450342893600464
2026-03-02,002984.XSHE,0.9459767937660217
2026-03-09,002984.XSHE,0.8884879946708679
2026-03-16,002984.XSHE,0.8107066750526428
2026-03-23,002984.XSHE,0.7503480911254883
2026-03-30,002984.XSHE,0.7113667130470276
2026-04-07,002984.XSHE,0.7169710993766785
2026-04-14,002984.XSHE,0.7105588912963867
2026-04-21,002984.XSHE,0.7074369788169861
2026-04-28,002984.XSHE,0.5374279022216797
2026-05-08,002984.XSHE,0.5198580026626587
2026-05-15,002984.XSHE,0.5617009401321411
2026-05-22,002984.XSHE,0.6188979148864746
2026-05-29,002984.XSHE,0.6249250769615173
2026-06-05,002984.XSHE,0.5905160307884216
2026-06-12,002984.XSHE,0.43114709854125977
2026-06-22,002984.XSHE,0.4407649636268616
2026-06-29,002984.XSHE,0.4530796408653259
2026-07-06,002984.XSHE,0.39971643686294556
2026-07-13,002984.XSHE,0.5361189246177673
2026-07-20,002984.XSHE,0.684830904006958
2026-07-27,002984.XSHE,0.7369511127471924
2026-01-09,003022.XSHE,0.5742940306663513
2026-01-16,003022.XSHE,0.6785473227500916
2026-01-23,003022.XSHE,0.6177594065666199
2026-01-30,003022.XSHE,0.791779100894928
2026-02-06,003022.XSHE,0.8378847241401672
2026-02-13,003022.XSHE,0.9482413530349731
2026-03-02,003022.XSHE,0.9397427439689636
2026-03-09,003022.XSHE,0.8522483706474304
2026-03-16,003022.XSHE,0.9049625396728516
2026-03-23,003022.XSHE,0.837888240814209
2026-03-30,003022.XSHE,0.7854128479957581
2026-04-07,003022.XSHE,0.5250005722045898
2026-04-14,003022.XSHE,0.5715224146842957
2026-04-21,003022.XSHE,0.3507949113845825
2026-04-28,003022.XSHE,0.14377067983150482
2026-05-08,003022.XSHE,0.21236692368984222
2026-05-15,003022.XSHE,0.1756696105003357
2026-05-22,003022.XSHE,0.24229426681995392
2026-05-29,003022.XSHE,0.3250426650047302
2026-06-05,003022.XSHE,0.21023473143577576
2026-06-12,003022.XSHE,0.1980995237827301
2026-06-22,003022.XSHE,0.17493152618408203
2026-06-29,003022.XSHE,0.2554699778556824
2026-07-06,003022.XSHE,0.3763989806175232
2026-07-13,003022.XSHE,0.5016514658927917
2026-07-20,003022.XSHE,0.6523604393005371
2026-07-27,003022.XSHE,0.6727421283721924
2026-01-09,003031.XSHE,0.24126316606998444
2026-01-16,003031.XSHE,0.399982750415802
2026-01-23,003031.XSHE,0.6345720887184143
2026-01-30,003031.XSHE,0.7491432428359985
2026-02-06,003031.XSHE,0.8843084573745728
2026-02-13,003031.XSHE,1.0272520780563354
2026-03-02,003031.XSHE,1.1218098402023315
2026-03-09,003031.XSHE,1.0816258192062378
2026-03-16,003031.XSHE,0.9099069833755493
2026-03-23,003031.XSHE,0.8627647757530212
2026-03-30,003031.XSHE,0.8008090853691101
2026-04-07,003031.XSHE,0.4234020709991455
2026-04-14,003031.XSHE,0.2724612355232239
2026-04-21,003031.XSHE,0.24330127239227295
2026-04-28,003031.XSHE,0.27642759680747986
2026-05-08,003031.XSHE,0.23351351916790009
2026-05-15,003031.XSHE,0.20532293617725372
2026-05-22,003031.XSHE,0.24615055322647095
2026-05-29,003031.XSHE,0.2937309443950653
2026-06-05,003031.XSHE,0.30344706773757935
2026-06-12,003031.XSHE,0.28531211614608765
2026-06-22,003031.XSHE,0.0898296907544136
2026-06-29,003031.XSHE,0.0041344910860061646
2026-07-06,003031.XSHE,-0.0553009957075119
2026-07-13,003031.XSHE,-0.055055007338523865
2026-07-20,003031.XSHE,-0.015021190047264099
2026-07-27,003031.XSHE,0.07324559986591339
2026-01-09,003035.XSHE,0.8583698868751526
2026-01-16,003035.XSHE,0.794492244720459
2026-01-23,003035.XSHE,0.642786979675293
2026-01-30,003035.XSHE,0.3609553575515747
2026-02-06,003035.XSHE,0.19844888150691986
2026-02-13,003035.XSHE,0.164296492934227
2026-03-02,003035.XSHE,0.27997642755508423
2026-03-09,003035.XSHE,0.2732398509979248
2026-03-16,003035.XSHE,0.10965320467948914
2026-03-23,003035.XSHE,0.10040485858917236
2026-03-30,003035.XSHE,0.09708979725837708
2026-04-07,003035.XSHE,0.21884024143218994
2026-04-14,003035.XSHE,0.3312142491340637
2026-04-21,003035.XSHE,0.3405245542526245
2026-04-28,003035.XSHE,0.3369218111038208
2026-05-08,003035.XSHE,0.38650840520858765
2026-05-15,003035.XSHE,0.4720594882965088
2026-05-22,003035.XSHE,0.5336995720863342
2026-05-29,003035.XSHE,0.44371944665908813
2026-06-05,003035.XSHE,0.4510536193847656
2026-06-12,003035.XSHE,0.49341607093811035
2026-06-22,003035.XSHE,0.5624017119407654
2026-06-29,003035.XSHE,0.6889951229095459
2026-07-06,003035.XSHE,0.7969667911529541
2026-07-13,003035.XSHE,0.865095317363739
2026-07-20,003035.XSHE,0.837679922580719
2026-07-27,003035.XSHE,0.880852460861206
2026-01-09,300001.XSHE,0.8945683836936951
2026-01-16,300001.XSHE,0.8042333722114563
2026-01-23,300001.XSHE,0.823338508605957
2026-01-30,300001.XSHE,0.779753565788269
2026-02-06,300001.XSHE,0.7705111503601074
2026-02-13,300001.XSHE,0.7516208291053772
2026-03-02,300001.XSHE,0.6704813838005066
2026-03-09,300001.XSHE,0.5435466170310974
2026-03-16,300001.XSHE,0.4447459578514099
2026-03-23,300001.XSHE,0.42409223318099976
2026-03-30,300001.XSHE,0.46640968322753906
2026-04-07,300001.XSHE,0.5326590538024902
2026-04-14,300001.XSHE,0.6080237030982971
2026-04-21,300001.XSHE,0.6239076852798462
2026-04-28,300001.XSHE,0.5698559284210205
2026-05-08,300001.XSHE,0.5633945465087891
2026-05-15,300001.XSHE,0.41612547636032104
2026-05-22,300001.XSHE,0.1123182475566864
2026-05-29,300001.XSHE,0.07100744545459747
2026-06-05,300001.XSHE,0.0937952846288681
2026-06-12,300001.XSHE,0.21736061573028564
2026-06-22,300001.XSHE,0.4449309706687927
2026-06-29,300001.XSHE,0.5370045900344849
2026-07-06,300001.XSHE,0.6857995986938477
2026-07-13,300001.XSHE,0.8518399596214294
2026-07-20,300001.XSHE,0.7799428105354309
2026-07-27,300001.XSHE,0.5144162774085999
2026-01-09,300002.XSHE,0.534423828125
2026-01-16,300002.XSHE,0.5933769345283508
2026-01-23,300002.XSHE,0.6377139091491699
2026-01-30,300002.XSHE,0.6782904267311096
2026-02-06,300002.XSHE,0.6917534470558167
2026-02-13,300002.XSHE,0.7461646199226379
2026-03-02,300002.XSHE,0.5952363014221191
2026-03-09,300002.XSHE,0.6045854091644287
2026-03-16,300002.XSHE,0.6406382918357849
2026-03-23,300002.XSHE,0.6533595323562622
2026-03-30,300002.XSHE,0.6612651348114014
2026-04-07,300002.XSHE,0.6971032023429871
2026-04-14,300002.XSHE,0.7066112756729126
2026-04-21,300002.XSHE,0.709830641746521
2026-04-28,300002.XSHE,0.7254447340965271
2026-05-08,300002.XSHE,0.7280489206314087
2026-05-15,300002.XSHE,0.8151751756668091
2026-05-22,300002.XSHE,0.8115661144256592
2026-05-29,300002.XSHE,0.7354206442832947
2026-06-05,300002.XSHE,0.6676017045974731
2026-06-12,300002.XSHE,0.6039887070655823
2026-06-22,300002.XSHE,0.6313918828964233
2026-06-29,300002.XSHE,0.4097898006439209
2026-07-06,300002.XSHE,0.6284497380256653
2026-07-13,300002.XSHE,0.6314679384231567
2026-07-20,300002.XSHE,0.6589340567588806
2026-07-27,300002.XSHE,0.7025994062423706
2026-01-09,300003.XSHE,0.7142567038536072
2026-01-16,300003.XSHE,0.6410720348358154
2026-01-23,300003.XSHE,0.6632094383239746
2026-01-30,300003.XSHE,0.752676248550415
2026-02-06,300003.XSHE,0.8069757223129272
2026-02-13,300003.XSHE,0.8317033052444458
2026-03-02,300003.XSHE,0.855661928653717
2026-03-09,300003.XSHE,0.831792414188385
2026-03-16,300003.XSHE,0.5278765559196472
2026-03-23,300003.XSHE,0.5876960754394531
2026-03-30,300003.XSHE,0.6428689956665039
2026-04-07,300003.XSHE,0.6925368905067444
2026-04-14,300003.XSHE,0.645138680934906
2026-04-21,300003.XSHE,0.6688843965530396
2026-04-28,300003.XSHE,0.6452975869178772
2026-05-08,300003.XSHE,0.6429637670516968
2026-05-15,300003.XSHE,0.6390069723129272
2026-05-22,300003.XSHE,0.6469801664352417
2026-05-29,300003.XSHE,0.60377037525177
2026-06-05,300003.XSHE,0.6460016965866089
2026-06-12,300003.XSHE,0.6669315099716187
2026-06-22,300003.XSHE,0.6927986145019531
2026-06-29,300003.XSHE,0.6142723560333252
2026-07-06,300003.XSHE,0.6232283115386963
2026-07-13,300003.XSHE,0.6487594246864319
2026-07-20,300003.XSHE,0.6647372841835022
2026-07-27,300003.XSHE,0.6017144322395325
2026-01-09,300012.XSHE,1.0205714702606201
2026-01-16,300012.XSHE,0.9834657311439514
2026-01-23,300012.XSHE,0.8839619755744934
2026-01-30,300012.XSHE,0.8240967988967896
2026-02-06,300012.XSHE,0.7719594836235046
2026-02-13,300012.XSHE,0.7001933455467224
2026-03-02,300012.XSHE,0.46135836839675903
2026-03-09,300012.XSHE,0.4590170383453369
2026-03-16,300012.XSHE,0.450796902179718
2026-03-23,300012.XSHE,0.3716656565666199
2026-03-30,300012.XSHE,0.4374538064002991
2026-04-07,300012.XSHE,0.5266869068145752
2026-04-14,300012.XSHE,0.5496934056282043
2026-04-21,300012.XSHE,0.12086603045463562
2026-04-28,300012.XSHE,0.037048205733299255
2026-05-08,300012.XSHE,0.12113133817911148
2026-05-15,300012.XSHE,0.2820396423339844
2026-05-22,300012.XSHE,0.5068868398666382
2026-05-29,300012.XSHE,0.6681221127510071
2026-06-05,300012.XSHE,0.7865840792655945
2026-06-12,300012.XSHE,0.8812398314476013
2026-06-22,300012.XSHE,0.9278524518013
2026-06-29,300012.XSHE,1.0094038248062134
2026-07-06,300012.XSHE,0.9900888800621033
2026-07-13,300012.XSHE,0.8266765475273132
2026-07-20,300012.XSHE,0.6031449437141418
2026-07-27,300012.XSHE,0.5279963612556458
2026-01-09,300017.XSHE,0.6353895664215088
2026-01-16,300017.XSHE,0.7818776965141296
2026-01-23,300017.XSHE,0.8637073636054993
2026-01-30,300017.XSHE,0.7542846202850342
2026-02-06,300017.XSHE,0.5947015881538391
2026-02-13,300017.XSHE,0.6501032710075378
2026-03-02,300017.XSHE,0.7282711863517761
2026-03-09,300017.XSHE,0.4192425012588501
2026-03-16,300017.XSHE,0.549195408821106
2026-03-23,300017.XSHE,0.5815478563308716
2026-03-30,300017.XSHE,0.5135205984115601
2026-04-07,300017.XSHE,0.4245857000350952
2026-04-14,300017.XSHE,0.22672989964485168
2026-04-21,300017.XSHE,0.16072814166545868
2026-04-28,300017.XSHE,0.1066771075129509
2026-05-08,300017.XSHE,-0.08257608115673065
2026-05-15,300017.XSHE,-0.3711715340614319
2026-05-22,300017.XSHE,-0.43239259719848633
2026-05-29,300017.XSHE,-0.31099390983581543
2026-06-05,300017.XSHE,-0.05412866175174713
2026-06-12,300017.XSHE,0.22664035856723785
2026-06-22,300017.XSHE,0.49541354179382324
2026-06-29,300017.XSHE,0.7405834794044495
2026-07-06,300017.XSHE,0.9157750010490417
2026-07-13,300017.XSHE,0.9614279866218567
2026-07-20,300017.XSHE,0.8895093202590942
2026-07-27,300017.XSHE,0.932881772518158
2026-01-09,300024.XSHE,0.6882429718971252
2026-01-16,300024.XSHE,0.638721227645874
2026-01-23,300024.XSHE,0.6736424565315247
2026-01-30,300024.XSHE,0.6743143796920776
2026-02-06,300024.XSHE,0.7097604870796204
2026-02-13,300024.XSHE,0.6024953126907349
2026-03-02,300024.XSHE,0.588439404964447
2026-03-09,300024.XSHE,0.6368623375892639
2026-03-16,300024.XSHE,0.6151166558265686
2026-03-23,300024.XSHE,0.6498823165893555
2026-03-30,300024.XSHE,0.6755979061126709
2026-04-07,300024.XSHE,0.6637988090515137
2026-04-14,300024.XSHE,0.6622828841209412
2026-04-21,300024.XSHE,0.6487306356430054
2026-04-28,300024.XSHE,0.6641149520874023
2026-05-08,300024.XSHE,0.4487476348876953
2026-05-15,300024.XSHE,0.21481294929981232
2026-05-22,300024.XSHE,0.43678444623947144
2026-05-29,300024.XSHE,0.43068253993988037
2026-06-05,300024.XSHE,0.18319620192050934
2026-06-12,300024.XSHE,0.37771183252334595
2026-06-22,300024.XSHE,0.26902949810028076
2026-06-29,300024.XSHE,0.10895203799009323
2026-07-06,300024.XSHE,0.025979548692703247
2026-07-13,300024.XSHE,0.040696993470191956
2026-07-20,300024.XSHE,0.09343655407428741
2026-07-27,300024.XSHE,0.07848634570837021
2026-01-09,300037.XSHE,0.7060286998748779
2026-01-16,300037.XSHE,0.8196359872817993
2026-01-23,300037.XSHE,0.8688797354698181
2026-01-30,300037.XSHE,0.9141078591346741
2026-02-06,300037.XSHE,0.7265186905860901
2026-02-13,300037.XSHE,0.661201536655426
2026-03-02,300037.XSHE,0.740291953086853
2026-03-09,300037.XSHE,0.7277466058731079
2026-03-16,300037.XSHE,0.7085813283920288
2026-03-23,300037.XSHE,0.7777259349822998
2026-03-30,300037.XSHE,0.7043760418891907
2026-04-07,300037.XSHE,0.6795317530632019
2026-04-14,300037.XSHE,0.6167760491371155
2026-04-21,300037.XSHE,0.5668678879737854
2026-04-28,300037.XSHE,0.6249620318412781
2026-05-08,300037.XSHE,0.608003556728363
2026-05-15,300037.XSHE,0.6421270370483398
2026-05-22,300037.XSHE,0.2058173567056656
2026-05-29,300037.XSHE,0.20542681217193604
2026-06-05,300037.XSHE,0.21050690114498138
2026-06-12,300037.XSHE,0.264878511428833
2026-06-22,300037.XSHE,0.1804436892271042
2026-06-29,300037.XSHE,0.21405081450939178
2026-07-06,300037.XSHE,0.27158626914024353
2026-07-13,300037.XSHE,0.3843674659729004
2026-07-20,300037.XSHE,0.5388344526290894
2026-07-27,300037.XSHE,0.5971415042877197
2026-02-06,300054.XSHE,0.5362789630889893
2026-02-13,300054.XSHE,0.5671036839485168
2026-03-02,300054.XSHE,0.6277006268501282
2026-03-09,300054.XSHE,0.702992856502533
2026-03-16,300054.XSHE,0.5950738787651062
2026-03-23,300054.XSHE,0.5784505009651184
2026-03-30,300054.XSHE,0.28521060943603516
2026-04-07,300054.XSHE,0.22837483882904053
2026-04-14,300054.XSHE,0.22973746061325073
2026-04-21,300054.XSHE,0.29539158940315247
2026-04-28,300054.XSHE,-0.04212793707847595
2026-05-08,300054.XSHE,-0.308097243309021
2026-05-15,300054.XSHE,-0.502169132232666
2026-05-22,300054.XSHE,-0.6110178828239441
2026-05-29,300054.XSHE,-0.660093367099762
2026-06-05,300054.XSHE,-0.6747912764549255
2026-06-12,300054.XSHE,-0.8914803862571716
2026-06-22,300054.XSHE,-0.9193874001502991
2026-06-29,300054.XSHE,-1.2643733024597168
2026-07-06,300054.XSHE,-1.3046590089797974
2026-07-13,300054.XSHE,-1.2716960906982422
2026-07-20,300054.XSHE,-1.1314352750778198
2026-07-27,300054.XSHE,-0.9661491513252258
2026-01-09,300058.XSHE,-0.6943510174751282
2026-01-16,300058.XSHE,-0.8365309834480286
2026-01-23,300058.XSHE,-1.0195952653884888
2026-01-30,300058.XSHE,-1.2246825695037842
2026-02-06,300058.XSHE,-1.2875349521636963
2026-02-13,300058.XSHE,-1.2547003030776978
2026-03-02,300058.XSHE,-1.1288036108016968
2026-03-09,300058.XSHE,-1.0504730939865112
2026-03-16,300058.XSHE,-0.9046524167060852
2026-03-23,300058.XSHE,-0.673414409160614
2026-03-30,300058.XSHE,-0.41950851678848267
2026-04-07,300058.XSHE,-0.08144621551036835
2026-04-14,300058.XSHE,0.2265772521495819
2026-04-21,300058.XSHE,0.533854067325592
2026-04-28,300058.XSHE,0.9266760945320129
2026-05-08,300058.XSHE,1.0902928113937378
2026-05-15,300058.XSHE,1.2203385829925537
2026-05-22,300058.XSHE,1.2778068780899048
2026-05-29,300058.XSHE,1.1780937910079956
2026-06-05,300058.XSHE,1.1353271007537842
2026-06-12,300058.XSHE,1.0550755262374878
2026-06-22,300058.XSHE,0.8655312657356262
2026-06-29,300058.XSHE,0.7871590852737427
2026-07-06,300058.XSHE,0.7390997409820557
2026-07-13,300058.XSHE,0.7044821977615356
2026-07-20,300058.XSHE,0.6254932880401611
2026-07-27,300058.XSHE,0.5699548125267029
2026-01-09,300070.XSHE,0.5331679582595825
2026-01-16,300070.XSHE,0.4857572913169861
2026-01-23,300070.XSHE,0.5361327528953552
2026-01-30,300070.XSHE,0.48689544200897217
2026-02-06,300070.XSHE,0.43667924404144287
2026-02-13,300070.XSHE,0.4895213842391968
2026-03-02,300070.XSHE,0.4855644106864929
2026-03-09,300070.XSHE,0.36504900455474854
2026-03-16,300070.XSHE,0.5746967196464539
2026-03-23,300070.XSHE,0.4911568760871887
2026-03-30,300070.XSHE,0.4729039669036865
2026-04-07,300070.XSHE,0.48253530263900757
2026-04-14,300070.XSHE,0.3822605609893799
2026-04-21,300070.XSHE,0.7257356643676758
2026-04-28,300070.XSHE,0.5241138339042664
2026-05-08,300070.XSHE,0.4068194031715393
2026-01-09,300073.XSHE,0.5426103472709656
2026-01-16,300073.XSHE,0.5446284413337708
2026-01-23,300073.XSHE,0.5371169447898865
2026-01-30,300073.XSHE,0.7565552592277527
2026-02-06,300073.XSHE,0.7959126830101013
2026-02-13,300073.XSHE,0.8159061074256897
2026-03-02,300073.XSHE,0.7967215180397034
2026-03-09,300073.XSHE,0.7007105946540833
2026-03-16,300073.XSHE,0.7228378653526306
2026-03-23,300073.XSHE,0.7869178652763367
2026-03-30,300073.XSHE,0.7976656556129456
2026-04-07,300073.XSHE,0.7839698195457458
2026-04-14,300073.XSHE,0.786247193813324
2026-04-21,300073.XSHE,0.5804190635681152
2026-04-28,300073.XSHE,0.6141110062599182
2026-05-08,300073.XSHE,0.6367803812026978
2026-05-15,300073.XSHE,0.6483744978904724
2026-05-22,300073.XSHE,0.5300449132919312
2026-05-29,300073.XSHE,0.5633694529533386
2026-06-05,300073.XSHE,0.6375014781951904
2026-06-12,300073.XSHE,0.6320649981498718
2026-06-22,300073.XSHE,0.7253463864326477
2026-06-29,300073.XSHE,0.6836289763450623
2026-07-06,300073.XSHE,0.6744648218154907
2026-07-13,300073.XSHE,0.5916928052902222
2026-07-20,300073.XSHE,0.45701903104782104
2026-07-27,300073.XSHE,0.4684692621231079
2026-01-09,300115.XSHE,-0.5968301892280579
2026-01-16,300115.XSHE,-0.3777415156364441
2026-01-23,300115.XSHE,0.07791455090045929
2026-01-30,300115.XSHE,0.6329088807106018
2026-02-06,300115.XSHE,0.9936189651489258
2026-02-13,300115.XSHE,1.1890913248062134
2026-03-02,300115.XSHE,1.187117576599121
2026-03-09,300115.XSHE,1.161537766456604
2026-03-16,300115.XSHE,1.1220014095306396
2026-03-23,300115.XSHE,1.0555964708328247
2026-03-30,300115.XSHE,1.0513454675674438
2026-04-07,300115.XSHE,0.9471516013145447
2026-04-14,300115.XSHE,0.8436709642410278
2026-04-21,300115.XSHE,0.791506826877594
2026-04-28,300115.XSHE,0.7647704482078552
2026-05-08,300115.XSHE,0.4857577681541443
2026-05-15,300115.XSHE,0.2908761501312256
2026-05-22,300115.XSHE,0.30951061844825745
2026-05-29,300115.XSHE,0.3560154438018799
2026-06-05,300115.XSHE,0.3844570219516754
2026-06-12,300115.XSHE,0.5175884366035461
2026-06-22,300115.XSHE,0.5934574007987976
2026-06-29,300115.XSHE,0.6552932262420654
2026-07-06,300115.XSHE,0.6563423275947571
2026-07-13,300115.XSHE,0.6769649386405945
2026-07-20,300115.XSHE,0.6547594666481018
2026-07-27,300115.XSHE,0.41835275292396545
2026-01-09,300136.XSHE,-1.3926681280136108
2026-01-16,300136.XSHE,-1.4486664533615112
2026-01-23,300136.XSHE,-1.555272102355957
2026-01-30,300136.XSHE,-1.5001440048217773
2026-02-06,300136.XSHE,-1.4541680812835693
2026-02-13,300136.XSHE,-1.3388115167617798
2026-03-02,300136.XSHE,-1.1858861446380615
2026-03-09,300136.XSHE,-0.9616230130195618
2026-03-16,300136.XSHE,-0.6748045086860657
2026-03-23,300136.XSHE,-0.3227687478065491
2026-03-30,300136.XSHE,-0.027683362364768982
2026-04-07,300136.XSHE,0.2759120464324951
2026-04-14,300136.XSHE,0.5198533535003662
2026-04-21,300136.XSHE,0.7517682909965515
2026-04-28,300136.XSHE,1.0256551504135132
2026-05-08,300136.XSHE,1.1817255020141602
2026-05-15,300136.XSHE,1.225401759147644
2026-05-22,300136.XSHE,1.1316215991973877
2026-05-29,300136.XSHE,1.0384747982025146
2026-06-05,300136.XSHE,0.7963318228721619
2026-06-12,300136.XSHE,0.7071556448936462
2026-06-22,300136.XSHE,0.5142127275466919
2026-06-29,300136.XSHE,0.42207780480384827
2026-07-06,300136.XSHE,0.21543048322200775
2026-07-13,300136.XSHE,0.09992934763431549
2026-07-20,300136.XSHE,0.0775643140077591
2026-07-27,300136.XSHE,0.08200402557849884
2026-01-09,300144.XSHE,0.7179960012435913
2026-01-16,300144.XSHE,0.722270131111145
2026-01-23,300144.XSHE,0.710426390171051
2026-01-30,300144.XSHE,0.20482808351516724
2026-02-06,300144.XSHE,-0.05749069154262543
2026-02-13,300144.XSHE,-0.03914712369441986
2026-03-02,300144.XSHE,-0.016257882118225098
2026-03-09,300144.XSHE,0.005143448710441589
2026-03-16,300144.XSHE,0.05310340225696564
2026-03-23,300144.XSHE,0.2707459628582001
2026-03-30,300144.XSHE,0.41729405522346497
2026-04-07,300144.XSHE,0.4775288701057434
2026-04-14,300144.XSHE,0.5348724126815796
2026-04-21,300144.XSHE,0.5834014415740967
2026-04-28,300144.XSHE,0.6299428343772888
2026-05-08,300144.XSHE,0.6473988890647888
2026-05-15,300144.XSHE,0.6405841708183289
2026-05-22,300144.XSHE,0.6320659518241882
2026-05-29,300144.XSHE,0.5403232574462891
2026-06-05,300144.XSHE,0.5717743635177612
2026-06-12,300144.XSHE,0.5044560432434082
2026-06-22,300144.XSHE,0.5422332286834717
2026-06-29,300144.XSHE,0.628089427947998
2026-07-06,300144.XSHE,0.614911675453186
2026-07-13,300144.XSHE,0.6404842138290405
2026-07-20,300144.XSHE,0.659935474395752
2026-07-27,300144.XSHE,0.3871864676475525
2026-01-09,300146.XSHE,1.0157407522201538
2026-01-16,300146.XSHE,1.0001003742218018
2026-01-23,300146.XSHE,0.9499245285987854
2026-01-30,300146.XSHE,0.9368693828582764
2026-02-06,300146.XSHE,0.9879534840583801
2026-02-13,300146.XSHE,0.9663018584251404
2026-03-02,300146.XSHE,0.8147323727607727
2026-03-09,300146.XSHE,0.7622842192649841
2026-03-16,300146.XSHE,0.8784139752388
2026-03-23,300146.XSHE,0.5780779123306274
2026-03-30,300146.XSHE,0.7171908020973206
2026-04-07,300146.XSHE,0.7902892827987671
2026-04-14,300146.XSHE,0.7349628210067749
2026-04-21,300146.XSHE,0.38995885848999023
2026-04-28,300146.XSHE,0.24155139923095703
2026-05-08,300146.XSHE,0.3072241544723511
2026-05-15,300146.XSHE,0.4698721170425415
2026-05-22,300146.XSHE,0.5201894044876099
2026-05-29,300146.XSHE,0.6311053037643433
2026-06-05,300146.XSHE,0.8516620397567749
2026-06-12,300146.XSHE,0.8111051917076111
2026-06-22,300146.XSHE,0.6084966063499451
2026-06-29,300146.XSHE,0.7455544471740723
2026-07-06,300146.XSHE,0.7234674692153931
2026-07-13,300146.XSHE,0.7307169437408447
2026-07-20,300146.XSHE,0.2735610008239746
2026-07-27,300146.XSHE,0.3429820239543915
2026-01-09,300207.XSHE,0.4129481315612793
2026-01-16,300207.XSHE,0.7419987320899963
2026-01-23,300207.XSHE,0.8139130473136902
2026-01-30,300207.XSHE,0.8820820450782776
2026-02-06,300207.XSHE,0.7560376524925232
2026-02-13,300207.XSHE,0.7957107424736023
2026-03-02,300207.XSHE,0.7941060662269592
2026-03-09,300207.XSHE,0.7833495736122131
2026-03-16,300207.XSHE,0.7511449456214905
2026-03-23,300207.XSHE,0.49800682067871094
2026-03-30,300207.XSHE,0.508941113948822
2026-04-07,300207.XSHE,0.5599919557571411
2026-04-14,300207.XSHE,0.2687191367149353
2026-04-21,300207.XSHE,0.30469900369644165
2026-04-28,300207.XSHE,0.4266534447669983
2026-05-08,300207.XSHE,0.5360337495803833
2026-05-15,300207.XSHE,0.6283845901489258
2026-05-22,300207.XSHE,0.7677841782569885
2026-05-29,300207.XSHE,0.8475155234336853
2026-06-05,300207.XSHE,0.8477631211280823
2026-06-12,300207.XSHE,0.7742746472358704
2026-06-22,300207.XSHE,0.8468104600906372
2026-06-29,300207.XSHE,0.7947568893432617
2026-07-06,300207.XSHE,0.786401629447937
2026-07-13,300207.XSHE,0.768764078617096
2026-07-20,300207.XSHE,0.7526247501373291
2026-07-27,300207.XSHE,0.3571498990058899
2026-01-09,300223.XSHE,-0.013383418321609497
2026-01-16,300223.XSHE,-0.3128777742385864
2026-01-23,300223.XSHE,-0.4241364598274231
2026-01-30,300223.XSHE,-0.8558031916618347
2026-02-06,300223.XSHE,-0.9253224730491638
2026-02-13,300223.XSHE,-0.8790499567985535
2026-03-02,300223.XSHE,-0.6876742839813232
2026-03-09,300223.XSHE,-0.4417686462402344
2026-03-16,300223.XSHE,-0.5142955780029297
2026-03-23,300223.XSHE,-0.16872932016849518
2026-03-30,300223.XSHE,0.07866920530796051
2026-04-07,300223.XSHE,0.4198473393917084
2026-04-14,300223.XSHE,0.6557795405387878
2026-04-21,300223.XSHE,0.9028264284133911
2026-04-28,300223.XSHE,0.8983428478240967
2026-05-08,300223.XSHE,0.9930127859115601
2026-05-15,300223.XSHE,1.0164330005645752
2026-05-22,300223.XSHE,0.8409064412117004
2026-05-29,300223.XSHE,0.736750602722168
2026-06-05,300223.XSHE,0.6623119115829468
2026-06-12,300223.XSHE,0.6367886066436768
2026-06-22,300223.XSHE,0.513997495174408
2026-06-29,300223.XSHE,0.3193877935409546
2026-07-06,300223.XSHE,0.21664470434188843
2026-07-13,300223.XSHE,0.1897260993719101
2026-07-20,300223.XSHE,0.34004437923431396
2026-07-27,300223.XSHE,0.4545835852622986
2026-01-09,300285.XSHE,0.14638619124889374
2026-01-16,300285.XSHE,0.28248560428619385
2026-01-23,300285.XSHE,0.3776172399520874
2026-01-30,300285.XSHE,0.5302214622497559
2026-02-06,300285.XSHE,0.6749956011772156
2026-02-13,300285.XSHE,0.7594914436340332
2026-03-02,300285.XSHE,0.6254608631134033
2026-03-09,300285.XSHE,0.6271559000015259
2026-03-16,300285.XSHE,0.6431735157966614
2026-03-23,300285.XSHE,0.7052715420722961
2026-03-30,300285.XSHE,0.8087071776390076
2026-04-07,300285.XSHE,0.7953298687934875
2026-04-14,300285.XSHE,0.787283718585968
2026-04-21,300285.XSHE,0.743480384349823
2026-04-28,300285.XSHE,0.40758728981018066
2026-05-08,300285.XSHE,0.5039122104644775
2026-05-15,300285.XSHE,0.4496653079986572
2026-05-22,300285.XSHE,0.21754254400730133
2026-05-29,300285.XSHE,0.2540205717086792
2026-06-05,300285.XSHE,0.2966243624687195
2026-06-12,300285.XSHE,0.27957791090011597
2026-06-22,300285.XSHE,0.3746548295021057
2026-06-29,300285.XSHE,0.4478102922439575
2026-07-06,300285.XSHE,0.3995765447616577
2026-07-13,300285.XSHE,0.36899179220199585
2026-07-20,300285.XSHE,0.3602069616317749
2026-07-27,300285.XSHE,0.009908512234687805
2026-01-09,300373.XSHE,0.7653313279151917
2026-01-16,300373.XSHE,0.6058411002159119
2026-01-23,300373.XSHE,0.6204545497894287
2026-01-30,300373.XSHE,0.5496746897697449
2026-02-06,300373.XSHE,0.4355458617210388
2026-02-13,300373.XSHE,0.2838343381881714
2026-03-02,300373.XSHE,0.2501338720321655
2026-03-09,300373.XSHE,0.3147210478782654
2026-03-16,300373.XSHE,0.3948918581008911
2026-03-23,300373.XSHE,0.516238808631897
2026-03-30,300373.XSHE,0.5954138040542603
2026-04-07,300373.XSHE,0.5838936567306519
2026-04-14,300373.XSHE,0.5139718055725098
2026-04-21,300373.XSHE,0.42887628078460693
2026-04-28,300373.XSHE,0.3493833541870117
2026-05-08,300373.XSHE,0.32633480429649353
2026-05-15,300373.XSHE,0.31339848041534424
2026-05-22,300373.XSHE,0.11595810204744339
2026-05-29,300373.XSHE,0.20797806978225708
2026-06-05,300373.XSHE,0.31466442346572876
2026-06-12,300373.XSHE,0.39209461212158203
2026-06-22,300373.XSHE,0.2798801064491272
2026-06-29,300373.XSHE,0.08097797632217407
2026-07-06,300373.XSHE,0.18599888682365417
2026-07-13,300373.XSHE,0.26349666714668274
2026-07-20,300373.XSHE,0.25888046622276306
2026-07-27,300373.XSHE,0.2904405891895294
2026-01-09,300383.XSHE,0.3893657922744751
2026-01-16,300383.XSHE,0.49055302143096924
2026-01-23,300383.XSHE,0.5542946457862854
2026-01-30,300383.XSHE,0.596617579460144
2026-02-06,300383.XSHE,0.5350390672683716
2026-02-13,300383.XSHE,0.40943533182144165
2026-03-02,300383.XSHE,0.46796131134033203
2026-03-09,300383.XSHE,0.15247049927711487
2026-03-16,300383.XSHE,0.18532487750053406
2026-03-23,300383.XSHE,0.12501703202724457
2026-03-30,300383.XSHE,-0.011375188827514648
2026-04-07,300383.XSHE,0.03428193926811218
2026-04-14,300383.XSHE,0.021165981888771057
2026-04-21,300383.XSHE,0.1313086450099945
2026-04-28,300383.XSHE,0.28816866874694824
2026-05-08,300383.XSHE,0.35450541973114014
2026-05-15,300383.XSHE,0.2506393790245056
2026-05-22,300383.XSHE,0.09161578863859177
2026-05-29,300383.XSHE,0.09448187053203583
2026-06-05,300383.XSHE,0.24478991329669952
2026-06-12,300383.XSHE,0.418444961309433
2026-06-22,300383.XSHE,0.5184023976325989
2026-06-29,300383.XSHE,0.712768018245697
2026-07-06,300383.XSHE,0.7374151349067688
2026-07-13,300383.XSHE,0.5989114046096802
2026-07-20,300383.XSHE,0.7129285931587219
2026-07-27,300383.XSHE,0.8111432194709778
2026-01-09,300390.XSHE,-0.8783791661262512
2026-01-16,300390.XSHE,-0.8358461260795593
2026-01-23,300390.XSHE,-0.8556132912635803
2026-01-30,300390.XSHE,-0.6031399965286255
2026-02-06,300390.XSHE,-0.3345625400543213
2026-02-13,300390.XSHE,0.08340968191623688
2026-03-02,300390.XSHE,0.47655487060546875
2026-03-09,300390.XSHE,0.8001881837844849
2026-03-16,300390.XSHE,0.875976026058197
2026-03-23,300390.XSHE,0.728524923324585
2026-03-30,300390.XSHE,0.7234963774681091
2026-04-07,300390.XSHE,0.6777157783508301
2026-04-14,300390.XSHE,0.4770071506500244
2026-04-21,300390.XSHE,0.5319487452507019
2026-04-28,300390.XSHE,0.6643755435943604
2026-05-08,300390.XSHE,0.5466377139091492
2026-05-15,300390.XSHE,0.605934739112854
2026-05-22,300390.XSHE,0.6541082262992859
2026-05-29,300390.XSHE,0.6236578822135925
2026-06-05,300390.XSHE,0.4511829614639282
2026-06-12,300390.XSHE,0.21049827337265015
2026-06-22,300390.XSHE,0.04211790859699249
2026-06-29,300390.XSHE,0.00685766339302063
2026-07-06,300390.XSHE,-0.059559330344200134
2026-07-13,300390.XSHE,-0.10267649590969086
2026-07-20,300390.XSHE,-0.015128180384635925
2026-07-27,300390.XSHE,0.12086974084377289
2026-01-09,300395.XSHE,0.3477764129638672
2026-01-16,300395.XSHE,0.35909953713417053
2026-01-23,300395.XSHE,0.4102153182029724
2026-01-30,300395.XSHE,0.09829975664615631
2026-02-06,300395.XSHE,0.1215876042842865
2026-02-13,300395.XSHE,0.1954144984483719
2026-03-02,300395.XSHE,0.18558798730373383
2026-03-09,300395.XSHE,0.25991225242614746
2026-03-16,300395.XSHE,0.20488686859607697
2026-03-23,300395.XSHE,0.5720049738883972
2026-03-30,300395.XSHE,0.8269150257110596
2026-04-07,300395.XSHE,0.9654611349105835
2026-04-14,300395.XSHE,0.945675253868103
2026-04-21,300395.XSHE,0.9324468374252319
2026-04-28,300395.XSHE,0.9554076790809631
2026-05-08,300395.XSHE,0.807162880897522
2026-05-15,300395.XSHE,0.6902123093605042
2026-05-22,300395.XSHE,0.3416619598865509
2026-05-29,300395.XSHE,0.3843808174133301
2026-06-05,300395.XSHE,0.5074931979179382
2026-06-12,300395.XSHE,0.611184298992157
2026-06-22,300395.XSHE,0.6425097584724426
2026-06-29,300395.XSHE,0.6627882719039917
2026-07-06,300395.XSHE,0.7580699324607849
2026-07-13,300395.XSHE,0.8768031001091003
2026-07-20,300395.XSHE,0.7934829592704773
2026-07-27,300395.XSHE,0.7370064854621887
2026-01-09,300474.XSHE,0.682729184627533
2026-01-16,300474.XSHE,0.6350241899490356
2026-01-23,300474.XSHE,0.6648175716400146
2026-01-30,300474.XSHE,0.6973652243614197
2026-02-06,300474.XSHE,0.665791392326355
2026-02-13,300474.XSHE,0.7195624709129333
2026-03-02,300474.XSHE,0.74168461561203
2026-03-09,300474.XSHE,0.6593329310417175
2026-03-16,300474.XSHE,0.5733503699302673
2026-03-23,300474.XSHE,0.5987116694450378
2026-03-30,300474.XSHE,0.5541555881500244
2026-04-07,300474.XSHE,0.5023704767227173
2026-04-14,300474.XSHE,0.5785573124885559
2026-04-21,300474.XSHE,0.6683955192565918
2026-04-28,300474.XSHE,0.7002558708190918
2026-05-08,300474.XSHE,0.7351312041282654
2026-05-15,300474.XSHE,0.7369141578674316
2026-05-22,300474.XSHE,0.6731369495391846
2026-05-29,300474.XSHE,0.5758556723594666
2026-06-05,300474.XSHE,0.6096115708351135
2026-06-12,300474.XSHE,0.6347303986549377
2026-06-22,300474.XSHE,0.6989858150482178
2026-06-29,300474.XSHE,0.7358487844467163
2026-07-06,300474.XSHE,0.7170453667640686
2026-07-13,300474.XSHE,0.6168264150619507
2026-07-20,300474.XSHE,0.4997214078903198
2026-07-27,300474.XSHE,0.5161969065666199
2026-01-09,300487.XSHE,0.597754716873169
2026-01-16,300487.XSHE,0.46106183528900146
2026-01-23,300487.XSHE,0.5239746570587158
2026-01-30,300487.XSHE,0.6353732943534851
2026-02-06,300487.XSHE,0.7499468922615051
2026-02-13,300487.XSHE,0.7580012083053589
2026-03-02,300487.XSHE,0.7329086065292358
2026-03-09,300487.XSHE,0.7307597994804382
2026-03-16,300487.XSHE,0.6565333008766174
2026-03-23,300487.XSHE,0.5529065132141113
2026-03-30,300487.XSHE,0.4888235926628113
2026-04-07,300487.XSHE,0.32685112953186035
2026-04-14,300487.XSHE,0.0697556585073471
2026-04-21,300487.XSHE,-0.5027435421943665
2026-04-28,300487.XSHE,-0.44743049144744873
2026-05-08,300487.XSHE,-0.05408109724521637
2026-05-15,300487.XSHE,0.3133991062641144
2026-05-22,300487.XSHE,0.471566379070282
2026-05-29,300487.XSHE,0.5352301597595215
2026-06-05,300487.XSHE,0.5021278858184814
2026-06-12,300487.XSHE,0.42129528522491455
2026-06-22,300487.XSHE,0.03719346225261688
2026-06-29,300487.XSHE,0.16857115924358368
2026-07-06,300487.XSHE,0.11230701208114624
2026-07-13,300487.XSHE,-0.13417257368564606
2026-07-20,300487.XSHE,-0.06592245399951935
2026-07-27,300487.XSHE,0.04905286431312561
2026-01-09,300496.XSHE,0.398032009601593
2026-01-16,300496.XSHE,0.36876875162124634
2026-01-23,300496.XSHE,0.31745123863220215
2026-01-30,300496.XSHE,0.4113578200340271
2026-02-06,300496.XSHE,0.5226860046386719
2026-02-13,300496.XSHE,0.6149869561195374
2026-03-02,300496.XSHE,0.6265225410461426
2026-03-09,300496.XSHE,0.2786562144756317
2026-03-16,300496.XSHE,0.44142287969589233
2026-03-23,300496.XSHE,0.5459202527999878
2026-03-30,300496.XSHE,0.5761533379554749
2026-04-07,300496.XSHE,0.6193936467170715
2026-04-14,300496.XSHE,0.6938887238502502
2026-04-21,300496.XSHE,0.8283630013465881
2026-04-28,300496.XSHE,0.8908609747886658
2026-05-08,300496.XSHE,0.8571934103965759
2026-05-15,300496.XSHE,0.7408779859542847
2026-05-22,300496.XSHE,0.51729816198349
2026-05-29,300496.XSHE,0.3407812714576721
2026-06-05,300496.XSHE,0.18891584873199463
2026-06-12,300496.XSHE,0.3225167989730835
2026-06-22,300496.XSHE,0.42008960247039795
2026-06-29,300496.XSHE,0.5310502052307129
2026-07-06,300496.XSHE,0.592318058013916
2026-07-13,300496.XSHE,0.6826117634773254
2026-07-20,300496.XSHE,0.5558955669403076
2026-07-27,300496.XSHE,0.6138398051261902
2026-01-09,300529.XSHE,0.6662299633026123
2026-01-16,300529.XSHE,0.6402279734611511
2026-01-23,300529.XSHE,0.5722177624702454
2026-01-30,300529.XSHE,0.5981976389884949
2026-02-06,300529.XSHE,0.608543872833252
2026-02-13,300529.XSHE,0.579380452632904
2026-03-02,300529.XSHE,0.5594277381896973
2026-03-09,300529.XSHE,0.6216269135475159
2026-03-16,300529.XSHE,0.6232203245162964
2026-03-23,300529.XSHE,0.6480145454406738
2026-03-30,300529.XSHE,0.6462970972061157
2026-04-07,300529.XSHE,0.6752013564109802
2026-04-14,300529.XSHE,0.6695897579193115
2026-04-21,300529.XSHE,0.2628377079963684
2026-04-28,300529.XSHE,0.2624660134315491
2026-05-08,300529.XSHE,0.48799145221710205
2026-01-09,300558.XSHE,0.6429396867752075
2026-01-16,300558.XSHE,0.6428048014640808
2026-01-23,300558.XSHE,0.6142273545265198
2026-01-30,300558.XSHE,0.6374772191047668
2026-02-06,300558.XSHE,0.6611414551734924
2026-02-13,300558.XSHE,0.6604496240615845
2026-03-02,300558.XSHE,0.6451824903488159
2026-03-09,300558.XSHE,0.6846224665641785
2026-03-16,300558.XSHE,0.6235037446022034
2026-03-23,300558.XSHE,0.6707180738449097
2026-03-30,300558.XSHE,0.5892280340194702
2026-04-07,300558.XSHE,0.592596709728241
2026-04-14,300558.XSHE,0.4159255623817444
2026-04-21,300558.XSHE,0.4399649500846863
2026-04-28,300558.XSHE,0.26797980070114136
2026-05-08,300558.XSHE,0.2868547737598419
2026-05-15,300558.XSHE,0.20012910664081573
2026-05-22,300558.XSHE,0.24699117243289948
2026-05-29,300558.XSHE,-0.06209789216518402
2026-06-05,300558.XSHE,-0.045727863907814026
2026-06-12,300558.XSHE,-0.016797974705696106
2026-06-22,300558.XSHE,-0.17122702300548553
2026-06-29,300558.XSHE,-0.2791265845298767
2026-07-06,300558.XSHE,-0.19792722165584564
2026-07-13,300558.XSHE,-0.061600491404533386
2026-07-20,300558.XSHE,0.09779806435108185
2026-07-27,300558.XSHE,0.1888665109872818
2026-02-06,300567.XSHE,0.6647359132766724
2026-02-13,300567.XSHE,0.5345650315284729
2026-03-02,300567.XSHE,0.6980410218238831
2026-03-09,300567.XSHE,0.6825776100158691
2026-03-16,300567.XSHE,0.6405910849571228
2026-03-23,300567.XSHE,0.4838865399360657
2026-03-30,300567.XSHE,0.17972040176391602
2026-04-07,300567.XSHE,-0.09104426205158234
2026-04-14,300567.XSHE,-0.2725158929824829
2026-04-21,300567.XSHE,-0.30054908990859985
2026-04-28,300567.XSHE,-0.1202034205198288
2026-05-08,300567.XSHE,0.09178487956523895
2026-05-15,300567.XSHE,-0.08953939378261566
2026-05-22,300567.XSHE,0.04621793329715729
2026-05-29,300567.XSHE,0.12229951471090317
2026-06-05,300567.XSHE,0.09522658586502075
2026-06-12,300567.XSHE,0.013552635908126831
2026-06-22,300567.XSHE,-0.04644617438316345
2026-06-29,300567.XSHE,-0.2939110994338989
2026-07-06,300567.XSHE,-0.3138158917427063
2026-01-09,300601.XSHE,0.5331421494483948
2026-01-16,300601.XSHE,0.563408613204956
2026-01-23,300601.XSHE,0.4612279534339905
2026-01-30,300601.XSHE,0.5632447600364685
2026-02-06,300601.XSHE,0.6504148840904236
2026-02-13,300601.XSHE,0.6691868901252747
2026-03-02,300601.XSHE,0.6181890964508057
2026-03-09,300601.XSHE,0.6410845518112183
2026-03-16,300601.XSHE,0.6348088383674622
2026-03-23,300601.XSHE,0.6141952276229858
2026-03-30,300601.XSHE,0.6247236728668213
2026-04-07,300601.XSHE,0.6422836184501648
2026-04-14,300601.XSHE,0.6219331622123718
2026-04-21,300601.XSHE,0.6214003562927246
2026-04-28,300601.XSHE,0.5093157291412354
2026-05-08,300601.XSHE,0.4351631999015808
2026-01-09,300604.XSHE,0.4320222735404968
2026-01-16,300604.XSHE,0.3596947193145752
2026-01-23,300604.XSHE,0.4083673357963562
2026-01-30,300604.XSHE,0.45982301235198975
2026-02-06,300604.XSHE,0.6258006691932678
2026-02-13,300604.XSHE,0.7589771151542664
2026-03-02,300604.XSHE,0.9354527592658997
2026-03-09,300604.XSHE,1.025460958480835
2026-03-16,300604.XSHE,1.0741569995880127
2026-03-23,300604.XSHE,1.030196189880371
2026-03-30,300604.XSHE,0.9295864701271057
2026-04-07,300604.XSHE,0.7601752877235413
2026-04-14,300604.XSHE,0.625923216342926
2026-04-21,300604.XSHE,0.44808071851730347
2026-04-28,300604.XSHE,0.209410160779953
2026-05-08,300604.XSHE,0.22623027861118317
2026-05-15,300604.XSHE,0.11117896437644958
2026-05-22,300604.XSHE,0.15804758667945862
2026-05-29,300604.XSHE,0.2763250470161438
2026-06-05,300604.XSHE,0.381092369556427
2026-06-12,300604.XSHE,0.4299803078174591
2026-06-22,300604.XSHE,0.4794883728027344
2026-06-29,300604.XSHE,0.43764352798461914
2026-07-06,300604.XSHE,0.4808692932128906
2026-07-13,300604.XSHE,0.4055485427379608
2026-07-20,300604.XSHE,0.27341777086257935
2026-07-27,300604.XSHE,0.16197218000888824
2026-01-09,300676.XSHE,0.2193131148815155
2026-01-16,300676.XSHE,0.25791454315185547
2026-01-23,300676.XSHE,0.26056116819381714
2026-01-30,300676.XSHE,0.38335248827934265
2026-02-06,300676.XSHE,0.5236150622367859
2026-02-13,300676.XSHE,0.5463788509368896
2026-03-02,300676.XSHE,0.5745280981063843
2026-03-09,300676.XSHE,0.5990393161773682
2026-03-16,300676.XSHE,0.5857680439949036
2026-03-23,300676.XSHE,0.4188995361328125
2026-03-30,300676.XSHE,0.3942911624908447
2026-04-07,300676.XSHE,0.4121623933315277
2026-04-14,300676.XSHE,0.40931767225265503
2026-04-21,300676.XSHE,0.42757588624954224
2026-04-28,300676.XSHE,0.4782645106315613
2026-05-08,300676.XSHE,0.37438535690307617
2026-05-15,300676.XSHE,0.6828764081001282
2026-05-22,300676.XSHE,0.5087406039237976
2026-05-29,300676.XSHE,0.4920399785041809
2026-06-05,300676.XSHE,0.4756656289100647
2026-06-12,300676.XSHE,0.48803842067718506
2026-06-22,300676.XSHE,0.4661114811897278
2026-06-29,300676.XSHE,0.48392772674560547
2026-07-06,300676.XSHE,0.5430535078048706
2026-07-13,300676.XSHE,0.398365318775177
2026-07-20,300676.XSHE,0.5132455229759216
2026-07-27,300676.XSHE,0.5343167185783386
2026-01-09,300677.XSHE,0.9164419770240784
2026-01-16,300677.XSHE,0.965997040271759
2026-01-23,300677.XSHE,0.9780004024505615
2026-01-30,300677.XSHE,0.7753379940986633
2026-02-06,300677.XSHE,0.8035771250724792
2026-02-13,300677.XSHE,0.8057870268821716
2026-03-02,300677.XSHE,0.7244864106178284
2026-03-09,300677.XSHE,0.348177433013916
2026-03-16,300677.XSHE,0.29930514097213745
2026-03-23,300677.XSHE,0.09881749749183655
2026-03-30,300677.XSHE,-0.2678614854812622
2026-04-07,300677.XSHE,-0.3191215395927429
2026-04-14,300677.XSHE,-0.23283670842647552
2026-04-21,300677.XSHE,0.09699167311191559
2026-04-28,300677.XSHE,0.3335105776786804
2026-05-08,300677.XSHE,0.5739990472793579
2026-05-15,300677.XSHE,0.8922691941261292
2026-05-22,300677.XSHE,1.0980991125106812
2026-05-29,300677.XSHE,1.2623027563095093
2026-06-05,300677.XSHE,1.2926474809646606
2026-06-12,300677.XSHE,1.1919158697128296
2026-06-22,300677.XSHE,1.0480246543884277
2026-06-29,300677.XSHE,0.7421814799308777
2026-07-06,300677.XSHE,0.25760260224342346
2026-07-13,300677.XSHE,0.18495945632457733
2026-07-20,300677.XSHE,-0.013712897896766663
2026-07-27,300677.XSHE,-0.15654240548610687
2026-01-09,300699.XSHE,-0.40486258268356323
2026-01-16,300699.XSHE,-0.4650351405143738
2026-01-23,300699.XSHE,-0.4010365605354309
2026-01-30,300699.XSHE,-0.1815575212240219
2026-02-06,300699.XSHE,0.09244388341903687
2026-02-13,300699.XSHE,0.3870730400085449
2026-03-02,300699.XSHE,0.6658218502998352
2026-03-09,300699.XSHE,0.8956180214881897
2026-03-16,300699.XSHE,1.0251514911651611
2026-03-23,300699.XSHE,1.1431825160980225
2026-03-30,300699.XSHE,1.1518594026565552
2026-04-07,300699.XSHE,1.0984894037246704
2026-04-14,300699.XSHE,0.9795238375663757
2026-04-21,300699.XSHE,0.9200034737586975
2026-04-28,300699.XSHE,0.8908125758171082
2026-05-08,300699.XSHE,0.6189839243888855
2026-05-15,300699.XSHE,0.6095008850097656
2026-05-22,300699.XSHE,0.4470520615577698
2026-05-29,300699.XSHE,0.454390287399292
2026-06-05,300699.XSHE,0.441886305809021
2026-06-12,300699.XSHE,0.4881123900413513
2026-06-22,300699.XSHE,0.5961025357246399
2026-06-29,300699.XSHE,0.5887436270713806
2026-07-06,300699.XSHE,0.6069942712783813
2026-07-13,300699.XSHE,0.6379746198654175
2026-07-20,300699.XSHE,0.6388131380081177
2026-07-27,300699.XSHE,0.6160746216773987
2026-01-09,300724.XSHE,0.8686017394065857
2026-01-16,300724.XSHE,1.056692361831665
2026-01-23,300724.XSHE,0.7096010446548462
2026-01-30,300724.XSHE,0.8961700797080994
2026-02-06,300724.XSHE,0.8168057203292847
2026-02-13,300724.XSHE,0.8020501732826233
2026-03-02,300724.XSHE,0.721275269985199
2026-03-09,300724.XSHE,0.5189942121505737
2026-03-16,300724.XSHE,0.4164615273475647
2026-03-23,300724.XSHE,0.07102334499359131
2026-03-30,300724.XSHE,-0.09331394731998444
2026-04-07,300724.XSHE,-0.24564184248447418
2026-04-14,300724.XSHE,-0.2682343125343323
2026-04-21,300724.XSHE,-0.03739611804485321
2026-04-28,300724.XSHE,0.25768452882766724
2026-05-08,300724.XSHE,0.47631675004959106
2026-05-15,300724.XSHE,0.5403168201446533
2026-05-22,300724.XSHE,0.6396002173423767
2026-05-29,300724.XSHE,0.6672950983047485
2026-06-05,300724.XSHE,0.6970138549804688
2026-06-12,300724.XSHE,0.7554848194122314
2026-06-22,300724.XSHE,0.686379611492157
2026-06-29,300724.XSHE,0.6480814218521118
2026-07-06,300724.XSHE,0.6518756747245789
2026-07-13,300724.XSHE,0.6437211036682129
2026-07-20,300724.XSHE,0.6607212424278259
2026-07-27,300724.XSHE,0.6728651523590088
2026-01-09,300748.XSHE,0.4457966685295105
2026-01-16,300748.XSHE,0.6422383785247803
2026-01-23,300748.XSHE,0.7665289044380188
2026-01-30,300748.XSHE,0.6677349209785461
2026-02-06,300748.XSHE,0.6260135769844055
2026-02-13,300748.XSHE,0.6617551445960999
2026-03-02,300748.XSHE,0.6930327415466309
2026-03-09,300748.XSHE,0.7276822924613953
2026-03-16,300748.XSHE,0.7785680890083313
2026-03-23,300748.XSHE,0.8093798160552979
2026-03-30,300748.XSHE,0.835231363773346
2026-04-07,300748.XSHE,0.6504197120666504
2026-04-14,300748.XSHE,0.6707038283348083
2026-04-21,300748.XSHE,0.6089553236961365
2026-04-28,300748.XSHE,0.641981840133667
2026-05-08,300748.XSHE,0.6578263640403748
2026-05-15,300748.XSHE,0.4457738399505615
2026-05-22,300748.XSHE,0.4307563900947571
2026-05-29,300748.XSHE,0.4629378318786621
2026-06-05,300748.XSHE,0.49328696727752686
2026-06-12,300748.XSHE,0.5852090120315552
2026-06-22,300748.XSHE,0.5829761028289795
2026-06-29,300748.XSHE,0.6081908345222473
2026-07-06,300748.XSHE,0.5990650653839111
2026-07-13,300748.XSHE,0.5747162103652954
2026-07-20,300748.XSHE,0.6370851397514343
2026-07-27,300748.XSHE,0.6563029289245605
2026-03-09,300751.XSHE,-0.6466159820556641
2026-03-16,300751.XSHE,-0.46197187900543213
2026-03-23,300751.XSHE,-0.5676766633987427
2026-03-30,300751.XSHE,-0.5247989892959595
2026-04-07,300751.XSHE,-0.22889791429042816
2026-04-14,300751.XSHE,0.04582527279853821
2026-04-21,300751.XSHE,0.3296060562133789
2026-04-28,300751.XSHE,0.5467450618743896
2026-05-08,300751.XSHE,0.6673555970191956
2026-05-15,300751.XSHE,0.7357634902000427
2026-05-22,300751.XSHE,0.7217273116111755
2026-05-29,300751.XSHE,0.6868298649787903
2026-06-05,300751.XSHE,0.5424920320510864
2026-06-12,300751.XSHE,0.41346460580825806
2026-06-22,300751.XSHE,0.370656818151474
2026-06-29,300751.XSHE,0.06023372709751129
2026-07-06,300751.XSHE,0.1845855563879013
2026-07-13,300751.XSHE,0.23879705369472504
2026-07-20,300751.XSHE,0.2264123409986496
2026-07-27,300751.XSHE,0.28170329332351685
2026-01-09,300763.XSHE,0.7872393727302551
2026-01-16,300763.XSHE,0.5917057991027832
2026-01-23,300763.XSHE,0.48844224214553833
2026-01-30,300763.XSHE,0.5484417676925659
2026-02-06,300763.XSHE,0.5937639474868774
2026-02-13,300763.XSHE,0.6388208866119385
2026-03-02,300763.XSHE,0.41955798864364624
2026-03-09,300763.XSHE,0.3230277895927429
2026-03-16,300763.XSHE,0.3066236972808838
2026-03-23,300763.XSHE,0.14164434373378754
2026-03-30,300763.XSHE,0.17452377080917358
2026-04-07,300763.XSHE,0.39598149061203003
2026-04-14,300763.XSHE,0.5258116722106934
2026-04-21,300763.XSHE,0.7029619216918945
2026-04-28,300763.XSHE,0.6043165326118469
2026-05-08,300763.XSHE,0.6599125266075134
2026-05-15,300763.XSHE,0.5718210935592651
2026-05-22,300763.XSHE,0.35288047790527344
2026-05-29,300763.XSHE,0.21659594774246216
2026-06-05,300763.XSHE,0.11693158745765686
2026-06-12,300763.XSHE,0.1312399059534073
2026-06-22,300763.XSHE,0.14157937467098236
2026-06-29,300763.XSHE,0.21396486461162567
2026-07-06,300763.XSHE,0.46640366315841675
2026-07-13,300763.XSHE,0.6225082874298096
2026-07-20,300763.XSHE,0.6578994989395142
2026-07-27,300763.XSHE,0.7071640491485596
2026-01-09,300888.XSHE,0.6886069774627686
2026-01-16,300888.XSHE,0.5710043907165527
2026-01-23,300888.XSHE,0.5672023892402649
2026-01-30,300888.XSHE,0.5778700709342957
2026-02-06,300888.XSHE,0.6137006282806396
2026-02-13,300888.XSHE,0.6066144108772278
2026-03-02,300888.XSHE,0.629620373249054
2026-03-09,300888.XSHE,0.6722763776779175
2026-03-16,300888.XSHE,0.6768747568130493
2026-03-23,300888.XSHE,0.7267409563064575
2026-03-30,300888.XSHE,0.6804118752479553
2026-04-07,300888.XSHE,0.6244596838951111
2026-04-14,300888.XSHE,0.5905207395553589
2026-04-21,300888.XSHE,0.6032401919364929
2026-04-28,300888.XSHE,0.6054489016532898
2026-05-08,300888.XSHE,0.6470559239387512
2026-05-15,300888.XSHE,0.6819019317626953
2026-05-22,300888.XSHE,0.7011552453041077
2026-05-29,300888.XSHE,0.6271786689758301
2026-06-05,300888.XSHE,0.6189358830451965
2026-06-12,300888.XSHE,0.6520399451255798
2026-06-22,300888.XSHE,0.7225047945976257
2026-06-29,300888.XSHE,0.4873899817466736
2026-07-06,300888.XSHE,0.5657398700714111
2026-07-13,300888.XSHE,0.6274305582046509
2026-07-20,300888.XSHE,0.5964024662971497
2026-07-27,300888.XSHE,0.6614299416542053
2026-02-06,301358.XSHE,1.1614320278167725
2026-02-13,301358.XSHE,1.3218680620193481
2026-03-02,301358.XSHE,1.2983461618423462
2026-03-09,301358.XSHE,1.0944362878799438
2026-03-16,301358.XSHE,1.032599925994873
2026-03-23,301358.XSHE,0.9085850119590759
2026-03-30,301358.XSHE,0.7735244631767273
2026-04-07,301358.XSHE,0.6327700614929199
2026-04-14,301358.XSHE,0.09644334018230438
2026-04-21,301358.XSHE,-0.03764216601848602
2026-04-28,301358.XSHE,-0.2590346336364746
2026-05-08,301358.XSHE,-0.515047550201416
2026-05-15,301358.XSHE,-0.5324073433876038
2026-05-22,301358.XSHE,-0.3785030245780945
2026-05-29,301358.XSHE,-0.126640185713768
2026-06-05,301358.XSHE,0.19261817634105682
2026-06-12,301358.XSHE,0.6233097910881042
2026-06-22,301358.XSHE,0.6314481496810913
2026-06-29,301358.XSHE,0.6218433976173401
2026-07-06,301358.XSHE,0.6132175922393799
2026-07-13,301358.XSHE,0.6370647549629211
2026-07-20,301358.XSHE,0.7059811353683472
2026-07-27,301358.XSHE,0.7962266802787781
2026-01-09,600004.XSHG,0.6399617195129395
2026-01-16,600004.XSHG,0.7595356106758118
2026-01-23,600004.XSHG,0.7920024991035461
2026-01-30,600004.XSHG,0.8941659331321716
2026-02-06,600004.XSHG,0.7467164993286133
2026-02-13,600004.XSHG,0.7217171788215637
2026-03-02,600004.XSHG,0.6052981019020081
2026-03-09,600004.XSHG,0.6184911727905273
2026-03-16,600004.XSHG,0.6530158519744873
2026-03-23,600004.XSHG,0.5504997968673706
2026-03-30,600004.XSHG,0.6240683197975159
2026-04-07,600004.XSHG,0.6760923266410828
2026-04-14,600004.XSHG,0.6790387034416199
2026-04-21,600004.XSHG,0.7283615469932556
2026-04-28,600004.XSHG,0.6784377098083496
2026-05-08,600004.XSHG,0.5986928343772888
2026-05-15,600004.XSHG,0.5705951452255249
2026-05-22,600004.XSHG,0.5636631846427917
2026-05-29,600004.XSHG,0.491766095161438
2026-06-05,600004.XSHG,0.711778461933136
2026-06-12,600004.XSHG,0.6649448871612549
2026-06-22,600004.XSHG,0.6263688802719116
2026-06-29,600004.XSHG,0.6127045750617981
2026-07-06,600004.XSHG,0.5435964465141296
2026-07-13,600004.XSHG,0.6253342628479004
2026-07-20,600004.XSHG,0.6663163304328918
2026-07-27,600004.XSHG,0.6780368089675903
2026-01-09,600008.XSHG,0.5522085428237915
2026-01-16,600008.XSHG,0.539190411567688
2026-01-23,600008.XSHG,0.5623347759246826
2026-01-30,600008.XSHG,0.5520177483558655
2026-02-06,600008.XSHG,0.5657761693000793
2026-02-13,600008.XSHG,0.5868765115737915
2026-03-02,600008.XSHG,0.5972484946250916
2026-03-09,600008.XSHG,0.7139807939529419
2026-03-16,600008.XSHG,0.8095048666000366
2026-03-23,600008.XSHG,0.700025737285614
2026-03-30,600008.XSHG,0.56410813331604
2026-04-07,600008.XSHG,0.41900813579559326
2026-04-14,600008.XSHG,0.34090089797973633
2026-04-21,600008.XSHG,0.2823968827724457
2026-04-28,600008.XSHG,0.42928335070610046
2026-05-08,600008.XSHG,0.6575279235839844
2026-05-15,600008.XSHG,0.7561812996864319
2026-05-22,600008.XSHG,0.7865971922874451
2026-05-29,600008.XSHG,0.35851526260375977
2026-06-05,600008.XSHG,0.43063974380493164
2026-06-12,600008.XSHG,0.47850048542022705
2026-06-22,600008.XSHG,0.3777848482131958
2026-06-29,600008.XSHG,0.3702026605606079
2026-07-06,600008.XSHG,0.4416855573654175
2026-07-13,600008.XSHG,0.5374478101730347
2026-07-20,600008.XSHG,0.6032120585441589
2026-07-27,600008.XSHG,0.6428911685943604
2026-01-09,600021.XSHG,0.6035739183425903
2026-01-16,600021.XSHG,0.930029034614563
2026-01-23,600021.XSHG,1.1241846084594727
2026-01-30,600021.XSHG,1.2449430227279663
2026-02-06,600021.XSHG,1.2636560201644897
2026-02-13,600021.XSHG,1.2226901054382324
2026-03-02,600021.XSHG,1.1644506454467773
2026-03-09,600021.XSHG,1.105684757232666
2026-03-16,600021.XSHG,1.0523062944412231
2026-03-23,600021.XSHG,0.9928960204124451
2026-03-30,600021.XSHG,0.951422393321991
2026-04-07,600021.XSHG,0.9090800881385803
2026-04-14,600021.XSHG,0.8771854639053345
2026-04-21,600021.XSHG,0.802869975566864
2026-04-28,600021.XSHG,0.7831939458847046
2026-05-08,600021.XSHG,0.7568883895874023
2026-05-15,600021.XSHG,0.7426180243492126
2026-05-22,600021.XSHG,0.7360748648643494
2026-05-29,600021.XSHG,0.423841267824173
2026-06-05,600021.XSHG,0.5062692761421204
2026-06-12,600021.XSHG,0.5782682299613953
2026-06-22,600021.XSHG,0.6466727256774902
2026-06-29,600021.XSHG,0.7114613652229309
2026-07-06,600021.XSHG,0.7633334398269653
2026-07-13,600021.XSHG,0.7695242762565613
2026-07-20,600021.XSHG,0.49960601329803467
2026-07-27,600021.XSHG,0.5868673324584961
2026-01-09,600032.XSHG,0.6127912998199463
2026-01-16,600032.XSHG,0.6998502612113953
2026-01-23,600032.XSHG,0.7020500302314758
2026-01-30,600032.XSHG,0.682246208190918
2026-02-06,600032.XSHG,0.7234432697296143
2026-02-13,600032.XSHG,0.692562460899353
2026-03-02,600032.XSHG,0.3864656984806061
2026-03-09,600032.XSHG,-0.017808005213737488
2026-03-16,600032.XSHG,-0.06224076449871063
2026-03-23,600032.XSHG,-0.3068805932998657
2026-03-30,600032.XSHG,-0.3867935538291931
2026-04-07,600032.XSHG,-0.05251850187778473
2026-04-14,600032.XSHG,0.10185687243938446
2026-04-21,600032.XSHG,-0.07527770102024078
2026-04-28,600032.XSHG,0.029190346598625183
2026-05-08,600032.XSHG,0.16416776180267334
2026-05-15,600032.XSHG,0.29560619592666626
2026-05-22,600032.XSHG,0.25498443841934204
2026-05-29,600032.XSHG,0.1135784164071083
2026-06-05,600032.XSHG,0.09757017344236374
2026-06-12,600032.XSHG,0.028824374079704285
2026-06-22,600032.XSHG,0.021915078163146973
2026-06-29,600032.XSHG,0.12914250791072845
2026-07-06,600032.XSHG,0.40428876876831055
2026-07-13,600032.XSHG,0.6120966672897339
2026-07-20,600032.XSHG,0.44213157892227173
2026-07-27,600032.XSHG,0.5751504302024841
2026-01-09,600038.XSHG,0.5757113695144653
2026-01-16,600038.XSHG,0.737848699092865
2026-01-23,600038.XSHG,0.7279989719390869
2026-01-30,600038.XSHG,0.6344808340072632
2026-02-06,600038.XSHG,0.5865746140480042
2026-02-13,600038.XSHG,0.2703109085559845
2026-03-02,600038.XSHG,0.46706146001815796
2026-03-09,600038.XSHG,0.5122038722038269
2026-03-16,600038.XSHG,0.5235766172409058
2026-03-23,600038.XSHG,0.5077400803565979
2026-03-30,600038.XSHG,0.32253965735435486
2026-04-07,600038.XSHG,0.5657162070274353
2026-04-14,600038.XSHG,0.5859594941139221
2026-04-21,600038.XSHG,0.6971205472946167
2026-04-28,600038.XSHG,0.553078293800354
2026-05-08,600038.XSHG,0.2922404110431671
2026-05-15,600038.XSHG,0.4374515414237976
2026-05-22,600038.XSHG,0.45265549421310425
2026-05-29,600038.XSHG,0.4906867742538452
2026-06-05,600038.XSHG,0.4646226763725281
2026-06-12,600038.XSHG,0.37047988176345825
2026-06-22,600038.XSHG,0.5609046816825867
2026-06-29,600038.XSHG,0.6428791284561157
2026-07-06,600038.XSHG,0.7412621974945068
2026-07-13,600038.XSHG,0.7462660670280457
2026-07-20,600038.XSHG,0.6587070226669312
2026-07-27,600038.XSHG,0.6689032316207886
2026-01-09,600060.XSHG,1.0099525451660156
2026-01-16,600060.XSHG,1.0104520320892334
2026-01-23,600060.XSHG,0.9969363212585449
2026-01-30,600060.XSHG,0.9806799292564392
2026-02-06,600060.XSHG,0.675506055355072
2026-02-13,600060.XSHG,0.47405755519866943
2026-03-02,600060.XSHG,0.3518063426017761
2026-03-09,600060.XSHG,0.23155999183654785
2026-03-16,600060.XSHG,0.14274142682552338
2026-03-23,600060.XSHG,0.167353093624115
2026-03-30,600060.XSHG,0.2611141502857208
2026-04-07,600060.XSHG,0.27990737557411194
2026-04-14,600060.XSHG,0.30618783831596375
2026-04-21,600060.XSHG,0.5337939262390137
2026-04-28,600060.XSHG,0.8301393389701843
2026-05-08,600060.XSHG,0.9445461630821228
2026-05-15,600060.XSHG,0.7763457894325256
2026-05-22,600060.XSHG,0.8711938261985779
2026-05-29,600060.XSHG,0.8210447430610657
2026-06-05,600060.XSHG,0.5988684892654419
2026-06-12,600060.XSHG,0.399116575717926
2026-06-22,600060.XSHG,0.44132542610168457
2026-06-29,600060.XSHG,0.0597674697637558
2026-07-06,600060.XSHG,0.0039688050746917725
2026-07-13,600060.XSHG,-0.026297807693481445
2026-07-20,600060.XSHG,0.059994831681251526
2026-07-27,600060.XSHG,-0.010186806321144104
2026-01-09,600062.XSHG,0.6289604902267456
2026-01-16,600062.XSHG,0.6721970438957214
2026-01-23,600062.XSHG,0.6599869728088379
2026-01-30,600062.XSHG,0.6805188655853271
2026-02-06,600062.XSHG,0.7515208125114441
2026-02-13,600062.XSHG,0.6947905421257019
2026-03-02,600062.XSHG,0.6949858665466309
2026-03-09,600062.XSHG,0.7126808166503906
2026-03-16,600062.XSHG,0.7114576101303101
2026-03-23,600062.XSHG,0.5307666659355164
2026-03-30,600062.XSHG,0.46458977460861206
2026-04-07,600062.XSHG,0.5230690240859985
2026-04-14,600062.XSHG,0.5331776738166809
2026-04-21,600062.XSHG,0.6016634702682495
2026-04-28,600062.XSHG,0.6254655718803406
2026-05-08,600062.XSHG,0.686251163482666
2026-05-15,600062.XSHG,0.7249220013618469
2026-05-22,600062.XSHG,0.6800082325935364
2026-05-29,600062.XSHG,0.5229242444038391
2026-06-05,600062.XSHG,0.5199996829032898
2026-06-12,600062.XSHG,0.6144564747810364
2026-06-22,600062.XSHG,0.6490533351898193
2026-06-29,600062.XSHG,0.4076877236366272
2026-07-06,600062.XSHG,0.6213504672050476
2026-07-13,600062.XSHG,0.7242306470870972
2026-07-20,600062.XSHG,0.675667941570282
2026-07-27,600062.XSHG,0.7304443717002869
2026-01-09,600095.XSHG,0.8316555619239807
2026-01-16,600095.XSHG,0.8635881543159485
2026-01-23,600095.XSHG,0.8613539338111877
2026-01-30,600095.XSHG,0.8692702651023865
2026-02-06,600095.XSHG,0.8599874377250671
2026-02-13,600095.XSHG,0.8215745687484741
2026-03-02,600095.XSHG,0.7979448437690735
2026-03-09,600095.XSHG,0.7815174460411072
2026-03-16,600095.XSHG,0.7588096261024475
2026-03-23,600095.XSHG,0.8023155331611633
2026-03-30,600095.XSHG,0.7744050621986389
2026-04-07,600095.XSHG,0.7448828220367432
2026-04-14,600095.XSHG,0.7312501072883606
2026-04-21,600095.XSHG,0.7060948014259338
2026-04-28,600095.XSHG,0.639449417591095
2026-05-08,600095.XSHG,0.6897023320198059
2026-05-15,600095.XSHG,0.6617984771728516
2026-05-22,600095.XSHG,0.6457529067993164
2026-05-29,600095.XSHG,0.8011007905006409
2026-06-05,600095.XSHG,0.7828526496887207
2026-06-12,600095.XSHG,0.7073984742164612
2026-06-22,600095.XSHG,0.6236580014228821
2026-06-29,600095.XSHG,0.7262833714485168
2026-07-06,600095.XSHG,0.7002080082893372
2026-07-13,600095.XSHG,0.7226259708404541
2026-07-20,600095.XSHG,0.32760152220726013
2026-07-27,600095.XSHG,0.3808136582374573
2026-01-09,600096.XSHG,-0.3536556363105774
2026-01-16,600096.XSHG,-0.1278688758611679
2026-01-23,600096.XSHG,0.06162045896053314
2026-01-30,600096.XSHG,0.24508699774742126
2026-02-06,600096.XSHG,0.6481517553329468
2026-02-13,600096.XSHG,1.0670000314712524
2026-03-02,600096.XSHG,0.9834429025650024
2026-03-09,600096.XSHG,0.8998851180076599
2026-03-16,600096.XSHG,0.7798333168029785
2026-03-23,600096.XSHG,0.6793975830078125
2026-03-30,600096.XSHG,0.6251091957092285
2026-04-07,600096.XSHG,0.3089836835861206
2026-04-14,600096.XSHG,0.2977239489555359
2026-04-21,600096.XSHG,0.13719353079795837
2026-04-28,600096.XSHG,0.05793151259422302
2026-05-08,600096.XSHG,0.14344939589500427
2026-01-09,600098.XSHG,0.7836223244667053
2026-01-16,600098.XSHG,0.6900715827941895
2026-01-23,600098.XSHG,0.7177944779396057
2026-01-30,600098.XSHG,0.5574618577957153
2026-02-06,600098.XSHG,0.6033143401145935
2026-02-13,600098.XSHG,0.5839248895645142
2026-03-02,600098.XSHG,-0.017683133482933044
2026-03-09,600098.XSHG,-0.1249319463968277
2026-03-16,600098.XSHG,-0.14915411174297333
2026-03-23,600098.XSHG,-0.12031762301921844
2026-03-30,600098.XSHG,-0.2716641426086426
2026-04-07,600098.XSHG,-0.1210826188325882
2026-04-14,600098.XSHG,0.1342739462852478
2026-04-21,600098.XSHG,0.2293511927127838
2026-04-28,600098.XSHG,0.3293054699897766
2026-05-08,600098.XSHG,0.4277748465538025
2026-05-15,600098.XSHG,0.5114709138870239
2026-05-22,600098.XSHG,0.6490935683250427
2026-05-29,600098.XSHG,0.3748076558113098
2026-06-05,600098.XSHG,0.27966368198394775
2026-06-12,600098.XSHG,0.3359993100166321
2026-06-22,600098.XSHG,0.3956398367881775
2026-06-29,600098.XSHG,0.4644361734390259
2026-07-06,600098.XSHG,0.52950519323349
2026-07-13,600098.XSHG,0.6260754466056824
2026-07-20,600098.XSHG,0.5902780890464783
2026-07-27,600098.XSHG,0.6425822377204895
2026-01-09,600109.XSHG,0.8774893283843994
2026-01-16,600109.XSHG,0.8672276735305786
2026-01-23,600109.XSHG,0.8514102101325989
2026-01-30,600109.XSHG,0.8318096399307251
2026-02-06,600109.XSHG,0.8272908329963684
2026-02-13,600109.XSHG,0.7720903754234314
2026-03-02,600109.XSHG,0.7668882012367249
2026-03-09,600109.XSHG,0.7792709469795227
2026-03-16,600109.XSHG,0.7601748108863831
2026-03-23,600109.XSHG,0.7560085654258728
2026-03-30,600109.XSHG,0.7246237397193909
2026-04-07,600109.XSHG,0.7264165282249451
2026-04-14,600109.XSHG,0.6873083114624023
2026-04-21,600109.XSHG,0.7043816447257996
2026-04-28,600109.XSHG,0.6881746053695679
2026-05-08,600109.XSHG,0.7718582153320312
2026-05-15,600109.XSHG,0.7954294681549072
2026-05-22,600109.XSHG,0.7571088671684265
2026-05-29,600109.XSHG,0.6547175645828247
2026-06-05,600109.XSHG,0.7267853021621704
2026-06-12,600109.XSHG,0.6172349452972412
2026-06-22,600109.XSHG,0.7009955644607544
2026-06-29,600109.XSHG,0.9157936573028564
2026-07-06,600109.XSHG,0.8139532804489136
2026-07-13,600109.XSHG,0.7856418490409851
2026-07-20,600109.XSHG,0.7573379874229431
2026-07-27,600109.XSHG,0.7823708057403564
2026-01-09,600118.XSHG,-0.7346338629722595
2026-01-16,600118.XSHG,-0.7685360312461853
2026-01-23,600118.XSHG,-0.9474166035652161
2026-01-30,600118.XSHG,-0.9741193652153015
2026-02-06,600118.XSHG,-0.9130024313926697
2026-02-13,600118.XSHG,-0.7895230054855347
2026-03-02,600118.XSHG,-0.785517156124115
2026-03-09,600118.XSHG,-0.4987986087799072
2026-03-16,600118.XSHG,-0.13381676375865936
2026-03-23,600118.XSHG,0.2798744738101959
2026-03-30,600118.XSHG,0.5410773754119873
2026-04-07,600118.XSHG,0.7494840025901794
2026-04-14,600118.XSHG,0.8662904500961304
2026-04-21,600118.XSHG,0.7250871062278748
2026-04-28,600118.XSHG,0.8588469624519348
2026-05-08,600118.XSHG,0.7471787333488464
2026-01-09,600126.XSHG,0.7016305327415466
2026-01-16,600126.XSHG,0.7119666934013367
2026-01-23,600126.XSHG,0.7110726237297058
2026-01-30,600126.XSHG,0.7011769413948059
2026-02-06,600126.XSHG,0.5769480466842651
2026-02-13,600126.XSHG,0.5511538982391357
2026-03-02,600126.XSHG,0.6140145659446716
2026-03-09,600126.XSHG,0.6624844074249268
2026-03-16,600126.XSHG,0.6961832046508789
2026-03-23,600126.XSHG,0.5898868441581726
2026-03-30,600126.XSHG,0.4841806888580322
2026-04-07,600126.XSHG,0.5187540650367737
2026-04-14,600126.XSHG,0.14545246958732605
2026-04-21,600126.XSHG,0.06588099896907806
2026-04-28,600126.XSHG,-0.10097531974315643
2026-05-08,600126.XSHG,-0.14864932000637054
2026-05-15,600126.XSHG,-0.13413174450397491
2026-05-22,600126.XSHG,-0.008956342935562134
2026-05-29,600126.XSHG,0.2800603210926056
2026-06-05,600126.XSHG,0.5209394693374634
2026-06-12,600126.XSHG,0.6596176624298096
2026-06-22,600126.XSHG,0.7394528985023499
2026-06-29,600126.XSHG,0.7925711274147034
2026-07-06,600126.XSHG,0.7200307250022888
2026-07-13,600126.XSHG,0.7178396582603455
2026-07-20,600126.XSHG,0.3577813506126404
2026-07-27,600126.XSHG,0.48017430305480957
2026-01-09,600131.XSHG,0.45502686500549316
2026-01-16,600131.XSHG,-0.02120499312877655
2026-01-23,600131.XSHG,-0.00013828277587890625
2026-01-30,600131.XSHG,-0.21602483093738556
2026-02-06,600131.XSHG,-0.1119762510061264
2026-02-13,600131.XSHG,-0.028487741947174072
2026-03-02,600131.XSHG,0.052097171545028687
2026-03-09,600131.XSHG,-0.21632502973079681
2026-03-16,600131.XSHG,-0.21979613602161407
2026-03-23,600131.XSHG,-0.06541161239147186
2026-03-30,600131.XSHG,0.0024900883436203003
2026-04-07,600131.XSHG,0.1449863612651825
2026-04-14,600131.XSHG,0.2505090832710266
2026-04-21,600131.XSHG,0.31078141927719116
2026-04-28,600131.XSHG,0.37908580899238586
2026-05-08,600131.XSHG,0.4410851001739502
2026-05-15,600131.XSHG,0.5539379119873047
2026-05-22,600131.XSHG,0.6616090536117554
2026-05-29,600131.XSHG,0.705437183380127
2026-06-05,600131.XSHG,0.714167058467865
2026-06-12,600131.XSHG,0.5742335319519043
2026-06-22,600131.XSHG,0.5592744946479797
2026-06-29,600131.XSHG,0.6473918557167053
2026-07-06,600131.XSHG,0.5613003969192505
2026-07-13,600131.XSHG,0.5750465989112854
2026-07-20,600131.XSHG,0.5647123456001282
2026-07-27,600131.XSHG,0.7369170784950256
2026-01-09,600132.XSHG,0.5433169603347778
2026-01-16,600132.XSHG,0.6077262163162231
2026-01-23,600132.XSHG,0.6443053483963013
2026-01-30,600132.XSHG,0.49932587146759033
2026-02-06,600132.XSHG,0.22990235686302185
2026-02-13,600132.XSHG,0.20468513667583466
2026-03-02,600132.XSHG,0.249636709690094
2026-03-09,600132.XSHG,0.3658086061477661
2026-03-16,600132.XSHG,0.22927874326705933
2026-03-23,600132.XSHG,0.13731026649475098
2026-03-30,600132.XSHG,0.1965385526418686
2026-04-07,600132.XSHG,0.26614558696746826
2026-04-14,600132.XSHG,0.40043461322784424
2026-04-21,600132.XSHG,0.5688772797584534
2026-04-28,600132.XSHG,0.1553751528263092
2026-05-08,600132.XSHG,0.22313179075717926
2026-05-15,600132.XSHG,0.3797302842140198
2026-05-22,600132.XSHG,0.5129254460334778
2026-05-29,600132.XSHG,0.10545854270458221
2026-06-05,600132.XSHG,0.3682780861854553
2026-06-12,600132.XSHG,0.40104740858078003
2026-06-22,600132.XSHG,0.34833598136901855
2026-06-29,600132.XSHG,0.2993665337562561
2026-07-06,600132.XSHG,0.3576270341873169
2026-07-13,600132.XSHG,0.40106821060180664
2026-07-20,600132.XSHG,0.33421921730041504
2026-07-27,600132.XSHG,0.40168970823287964
2026-01-09,600141.XSHG,-0.480556845664978
2026-01-16,600141.XSHG,-0.22451479732990265
2026-01-23,600141.XSHG,-0.05352036654949188
2026-01-30,600141.XSHG,0.10977612435817719
2026-02-06,600141.XSHG,0.38539934158325195
2026-02-13,600141.XSHG,0.6693696975708008
2026-03-02,600141.XSHG,0.852569043636322
2026-03-09,600141.XSHG,1.0499919652938843
2026-03-16,600141.XSHG,0.822289764881134
2026-03-23,600141.XSHG,0.5648602247238159
2026-03-30,600141.XSHG,0.5885733962059021
2026-04-07,600141.XSHG,0.3815944194793701
2026-04-14,600141.XSHG,0.47908473014831543
2026-04-21,600141.XSHG,0.4169047772884369
2026-04-28,600141.XSHG,0.431804358959198
2026-05-08,600141.XSHG,0.3494685888290405
2026-05-15,600141.XSHG,0.3435452878475189
2026-05-22,600141.XSHG,0.1777552366256714
2026-05-29,600141.XSHG,0.2649063467979431
2026-06-05,600141.XSHG,0.40475350618362427
2026-06-12,600141.XSHG,1.9341707229614258e-05
2026-06-22,600141.XSHG,-0.1497255116701126
2026-06-29,600141.XSHG,-0.23764096200466156
2026-07-06,600141.XSHG,-0.127237007021904
2026-07-13,600141.XSHG,0.024915441870689392
2026-07-20,600141.XSHG,0.26093605160713196
2026-07-27,600141.XSHG,0.5104758143424988
2026-01-09,600143.XSHG,0.5775331854820251
2026-01-16,600143.XSHG,0.7425306439399719
2026-01-23,600143.XSHG,0.7159106731414795
2026-01-30,600143.XSHG,0.6643663048744202
2026-02-06,600143.XSHG,0.6699404120445251
2026-02-13,600143.XSHG,0.7016434073448181
2026-03-02,600143.XSHG,0.7374222278594971
2026-03-09,600143.XSHG,0.7635138630867004
2026-03-16,600143.XSHG,0.8169382214546204
2026-03-23,600143.XSHG,0.3423841595649719
2026-03-30,600143.XSHG,0.3893793821334839
2026-04-07,600143.XSHG,0.5095378160476685
2026-04-14,600143.XSHG,0.6288508772850037
2026-04-21,600143.XSHG,0.7007032036781311
2026-04-28,600143.XSHG,0.7555164694786072
2026-05-08,600143.XSHG,0.6876813173294067
2026-05-15,600143.XSHG,0.6149418354034424
2026-05-22,600143.XSHG,0.6741340756416321
2026-05-29,600143.XSHG,0.6768439412117004
2026-06-05,600143.XSHG,0.5616754293441772
2026-06-12,600143.XSHG,0.6308375597000122
2026-06-22,600143.XSHG,0.6988939642906189
2026-06-29,600143.XSHG,0.6417717337608337
2026-07-06,600143.XSHG,0.5575234293937683
2026-07-13,600143.XSHG,0.5852845907211304
2026-07-20,600143.XSHG,0.5399556756019592
2026-07-27,600143.XSHG,0.5620009899139404
2026-01-09,600153.XSHG,0.09999929368495941
2026-01-16,600153.XSHG,0.06456120312213898
2026-01-23,600153.XSHG,0.1407596468925476
2026-01-30,600153.XSHG,0.1764623075723648
2026-02-06,600153.XSHG,0.22063381969928741
2026-02-13,600153.XSHG,0.29041755199432373
2026-03-02,600153.XSHG,0.3981665372848511
2026-03-09,600153.XSHG,0.5197450518608093
2026-03-16,600153.XSHG,0.2967061400413513
2026-03-23,600153.XSHG,0.4991416931152344
2026-03-30,600153.XSHG,0.5883356332778931
2026-04-07,600153.XSHG,0.6336259245872498
2026-04-14,600153.XSHG,0.4885483980178833
2026-04-21,600153.XSHG,0.6163924932479858
2026-04-28,600153.XSHG,0.34042882919311523
2026-05-08,600153.XSHG,0.8528175950050354
2026-05-15,600153.XSHG,0.9666146636009216
2026-05-22,600153.XSHG,0.8456471562385559
2026-05-29,600153.XSHG,0.805923581123352
2026-06-05,600153.XSHG,0.9246363639831543
2026-06-12,600153.XSHG,0.9101995825767517
2026-06-22,600153.XSHG,0.8103128671646118
2026-06-29,600153.XSHG,0.661461353302002
2026-07-06,600153.XSHG,0.42863601446151733
2026-07-13,600153.XSHG,0.5651487708091736
2026-07-20,600153.XSHG,0.6556888818740845
2026-07-27,600153.XSHG,0.42506247758865356
2026-01-09,600157.XSHG,0.9361565113067627
2026-01-16,600157.XSHG,0.9635612964630127
2026-01-23,600157.XSHG,0.9633497595787048
2026-01-30,600157.XSHG,0.9275304079055786
2026-02-06,600157.XSHG,0.9318177103996277
2026-02-13,600157.XSHG,0.8686251044273376
2026-03-02,600157.XSHG,0.44937145709991455
2026-03-09,600157.XSHG,0.44627344608306885
2026-03-16,600157.XSHG,0.341738760471344
2026-03-23,600157.XSHG,0.19940800964832306
2026-03-30,600157.XSHG,0.12904682755470276
2026-04-07,600157.XSHG,0.10437501966953278
2026-04-14,600157.XSHG,0.21219323575496674
2026-04-21,600157.XSHG,0.22744235396385193
2026-04-28,600157.XSHG,0.2665715515613556
2026-05-08,600157.XSHG,0.0945037230849266
2026-05-15,600157.XSHG,0.16671602427959442
2026-05-22,600157.XSHG,0.2726723253726959
2026-05-29,600157.XSHG,0.17226079106330872
2026-06-05,600157.XSHG,0.21175822615623474
2026-06-12,600157.XSHG,0.29824408888816833
2026-06-22,600157.XSHG,0.4695812463760376
2026-06-29,600157.XSHG,0.6092394590377808
2026-07-06,600157.XSHG,0.7731233239173889
2026-07-13,600157.XSHG,0.867529034614563
2026-07-20,600157.XSHG,0.9085184931755066
2026-07-27,600157.XSHG,0.9186974763870239
2026-06-29,600161.XSHG,0.0939713716506958
2026-07-06,600161.XSHG,0.23993638157844543
2026-07-13,600161.XSHG,0.3300586938858032
2026-07-20,600161.XSHG,0.3219505548477173
2026-07-27,600161.XSHG,0.39890551567077637
2026-01-09,600166.XSHG,0.7086123824119568
2026-01-16,600166.XSHG,0.7355812788009644
2026-01-23,600166.XSHG,0.5765116810798645
2026-01-30,600166.XSHG,0.2979252338409424
2026-02-06,600166.XSHG,0.2009047567844391
2026-02-13,600166.XSHG,0.06679007411003113
2026-03-02,600166.XSHG,0.045563533902168274
2026-03-09,600166.XSHG,0.12866128981113434
2026-03-16,600166.XSHG,0.3068310618400574
2026-03-23,600166.XSHG,0.570615828037262
2026-03-30,600166.XSHG,0.85466468334198
2026-04-07,600166.XSHG,1.089108943939209
2026-04-14,600166.XSHG,0.4575009346008301
2026-04-21,600166.XSHG,0.57053542137146
2026-04-28,600166.XSHG,0.5129881501197815
2026-05-08,600166.XSHG,0.5254560708999634
2026-05-15,600166.XSHG,0.5482029914855957
2026-05-22,600166.XSHG,0.4132300615310669
2026-05-29,600166.XSHG,0.4333190321922302
2026-06-05,600166.XSHG,0.44365525245666504
2026-06-12,600166.XSHG,0.37332552671432495
2026-06-22,600166.XSHG,0.4045714735984802
2026-06-29,600166.XSHG,0.44404590129852295
2026-07-06,600166.XSHG,0.34351420402526855
2026-07-13,600166.XSHG,0.3697075843811035
2026-07-20,600166.XSHG,0.4450289011001587
2026-07-27,600166.XSHG,0.3724501132965088
2026-01-09,600170.XSHG,0.8978568911552429
2026-01-16,600170.XSHG,0.8921523094177246
2026-01-23,600170.XSHG,0.8905568718910217
2026-01-30,600170.XSHG,0.8652995228767395
2026-02-06,600170.XSHG,0.8755828738212585
2026-02-13,600170.XSHG,0.7932484745979309
2026-03-02,600170.XSHG,0.8293959498405457
2026-03-09,600170.XSHG,0.8257033228874207
2026-03-16,600170.XSHG,0.8465595841407776
2026-03-23,600170.XSHG,0.857876181602478
2026-03-30,600170.XSHG,0.8506913781166077
2026-04-07,600170.XSHG,0.853961169719696
2026-04-14,600170.XSHG,0.8887564539909363
2026-04-21,600170.XSHG,0.8757500052452087
2026-04-28,600170.XSHG,0.8294174075126648
2026-05-08,600170.XSHG,0.8404821157455444
2026-05-15,600170.XSHG,0.7467862963676453
2026-05-22,600170.XSHG,0.7493899464607239
2026-05-29,600170.XSHG,0.722582995891571
2026-06-05,600170.XSHG,0.7241491675376892
2026-06-12,600170.XSHG,0.7418929934501648
2026-06-22,600170.XSHG,0.7451814413070679
2026-06-29,600170.XSHG,0.7460677027702332
2026-07-06,600170.XSHG,0.7398284077644348
2026-07-13,600170.XSHG,0.7462038397789001
2026-07-20,600170.XSHG,0.7931109070777893
2026-07-27,600170.XSHG,0.8192518353462219
2026-01-09,600171.XSHG,0.8130412697792053
2026-01-16,600171.XSHG,0.5463771224021912
2026-01-23,600171.XSHG,0.6303403973579407
2026-01-30,600171.XSHG,0.6886014938354492
2026-02-06,600171.XSHG,0.7803830504417419
2026-02-13,600171.XSHG,0.8321759700775146
2026-03-02,600171.XSHG,0.8250250816345215
2026-03-09,600171.XSHG,0.8138996958732605
2026-03-16,600171.XSHG,0.6885868906974792
2026-03-23,600171.XSHG,0.7358585000038147
2026-03-30,600171.XSHG,0.7613959312438965
2026-04-07,600171.XSHG,0.7456426024436951
2026-04-14,600171.XSHG,0.7261390686035156
2026-04-21,600171.XSHG,0.6333420276641846
2026-04-28,600171.XSHG,0.6613016724586487
2026-05-08,600171.XSHG,0.7114513516426086
2026-05-15,600171.XSHG,0.73512202501297
2026-05-22,600171.XSHG,0.6235342025756836
2026-05-29,600171.XSHG,0.5104794502258301
2026-06-05,600171.XSHG,0.4640926718711853
2026-06-12,600171.XSHG,0.5293568968772888
2026-06-22,600171.XSHG,0.6656372547149658
2026-06-29,600171.XSHG,0.6338124871253967
2026-07-06,600171.XSHG,0.7305271029472351
2026-07-13,600171.XSHG,0.7800996899604797
2026-07-20,600171.XSHG,0.670188844203949
2026-07-27,600171.XSHG,0.6173136830329895
2026-01-09,600177.XSHG,0.49658411741256714
2026-01-16,600177.XSHG,0.5103450417518616
2026-01-23,600177.XSHG,0.5790600776672363
2026-01-30,600177.XSHG,0.6122500896453857
2026-02-06,600177.XSHG,0.592400074005127
2026-02-13,600177.XSHG,0.35805851221084595
2026-03-02,600177.XSHG,0.2090519815683365
2026-03-09,600177.XSHG,0.11634841561317444
2026-03-16,600177.XSHG,-0.16595403850078583
2026-03-23,600177.XSHG,-0.1587194949388504
2026-03-30,600177.XSHG,-0.21812556684017181
2026-04-07,600177.XSHG,-0.12356288731098175
2026-04-14,600177.XSHG,0.013980090618133545
2026-04-21,600177.XSHG,0.004050448536872864
2026-04-28,600177.XSHG,0.04446105659008026
2026-05-08,600177.XSHG,0.10533785820007324
2026-05-15,600177.XSHG,0.06005971133708954
2026-05-22,600177.XSHG,0.1384953260421753
2026-05-29,600177.XSHG,0.21678122878074646
2026-06-05,600177.XSHG,0.4121416211128235
2026-06-12,600177.XSHG,0.8177279233932495
2026-06-22,600177.XSHG,0.828252375125885
2026-06-29,600177.XSHG,0.8551220297813416
2026-07-06,600177.XSHG,0.8521568775177002
2026-07-13,600177.XSHG,0.549721360206604
2026-07-20,600177.XSHG,0.37339842319488525
2026-07-27,600177.XSHG,0.383881151676178
2026-01-09,600208.XSHG,0.8913198113441467
2026-01-16,600208.XSHG,0.86725914478302
2026-01-23,600208.XSHG,0.823090672492981
2026-01-30,600208.XSHG,0.7794520258903503
2026-02-06,600208.XSHG,0.7778909802436829
2026-02-13,600208.XSHG,0.5256252884864807
2026-03-02,600208.XSHG,0.5804355144500732
2026-03-09,600208.XSHG,0.5841496586799622
2026-03-16,600208.XSHG,0.7090818285942078
2026-03-23,600208.XSHG,0.7864188551902771
2026-03-30,600208.XSHG,0.8169283866882324
2026-04-07,600208.XSHG,0.8865450024604797
2026-04-14,600208.XSHG,0.8682408928871155
2026-04-21,600208.XSHG,0.5299280285835266
2026-04-28,600208.XSHG,0.6212400197982788
2026-05-08,600208.XSHG,0.5064225196838379
2026-05-15,600208.XSHG,0.5821406245231628
2026-05-22,600208.XSHG,0.46002626419067383
2026-05-29,600208.XSHG,0.37750154733657837
2026-06-05,600208.XSHG,0.29725414514541626
2026-06-12,600208.XSHG,0.009226128458976746
2026-06-22,600208.XSHG,0.021065041422843933
2026-06-29,600208.XSHG,0.036453962326049805
2026-07-06,600208.XSHG,0.06527681648731232
2026-07-13,600208.XSHG,0.13738803565502167
2026-07-20,600208.XSHG,0.35969555377960205
2026-07-27,600208.XSHG,0.5640116333961487
2026-06-29,600256.XSHG,0.7348254323005676
2026-07-06,600256.XSHG,0.575272262096405
2026-07-13,600256.XSHG,0.5784579515457153
2026-07-20,600256.XSHG,0.5252496004104614
2026-07-27,600256.XSHG,0.5431302785873413
2026-01-09,600282.XSHG,0.2970818281173706
2026-01-16,600282.XSHG,0.3430854082107544
2026-01-23,600282.XSHG,0.1045653223991394
2026-01-30,600282.XSHG,0.1625729203224182
2026-02-06,600282.XSHG,0.2873872220516205
2026-02-13,600282.XSHG,0.36766311526298523
2026-03-02,600282.XSHG,0.27503645420074463
2026-03-09,600282.XSHG,0.3411813974380493
2026-03-16,600282.XSHG,0.19736248254776
2026-03-23,600282.XSHG,0.24709951877593994
2026-03-30,600282.XSHG,0.15811872482299805
2026-04-07,600282.XSHG,0.16957509517669678
2026-04-14,600282.XSHG,0.20764033496379852
2026-04-21,600282.XSHG,0.14782528579235077
2026-04-28,600282.XSHG,-0.014925017952919006
2026-05-08,600282.XSHG,0.13275767862796783
2026-05-15,600282.XSHG,0.41363054513931274
2026-05-22,600282.XSHG,0.5958905220031738
2026-05-29,600282.XSHG,0.7033275961875916
2026-06-05,600282.XSHG,0.8426710367202759
2026-06-12,600282.XSHG,0.8356549143791199
2026-06-22,600282.XSHG,0.8335265517234802
2026-06-29,600282.XSHG,0.7515096664428711
2026-07-06,600282.XSHG,0.7014684081077576
2026-07-13,600282.XSHG,0.7862745523452759
2026-07-20,600282.XSHG,0.7645062208175659
2026-07-27,600282.XSHG,0.791958749294281
2026-01-09,600298.XSHG,0.46538764238357544
2026-01-16,600298.XSHG,0.6428342461585999
2026-01-23,600298.XSHG,0.796761691570282
2026-01-30,600298.XSHG,0.9172947406768799
2026-02-06,600298.XSHG,1.0066218376159668
2026-02-13,600298.XSHG,1.021920919418335
2026-03-02,600298.XSHG,1.0166805982589722
2026-03-09,600298.XSHG,0.9019946455955505
2026-03-16,600298.XSHG,0.8469229340553284
2026-03-23,600298.XSHG,0.7789897322654724
2026-03-30,600298.XSHG,0.6838899254798889
2026-04-07,600298.XSHG,0.5537477731704712
2026-04-14,600298.XSHG,0.49566060304641724
2026-04-21,600298.XSHG,0.4299771785736084
2026-04-28,600298.XSHG,0.35490870475769043
2026-05-08,600298.XSHG,0.6584028601646423
2026-05-15,600298.XSHG,0.8161934018135071
2026-05-22,600298.XSHG,0.8996350169181824
2026-05-29,600298.XSHG,0.6269853115081787
2026-06-05,600298.XSHG,0.6114131808280945
2026-06-12,600298.XSHG,0.5831832885742188
2026-06-22,600298.XSHG,0.3404346704483032
2026-06-29,600298.XSHG,0.45383507013320923
2026-07-06,600298.XSHG,0.3785642385482788
2026-07-13,600298.XSHG,0.3647429943084717
2026-07-20,600298.XSHG,0.392987459897995
2026-07-27,600298.XSHG,0.5254533886909485
2026-01-09,600299.XSHG,0.6265838146209717
2026-01-16,600299.XSHG,0.636816143989563
2026-01-23,600299.XSHG,0.5354499220848083
2026-01-30,600299.XSHG,0.6723865270614624
2026-02-06,600299.XSHG,0.45184946060180664
2026-02-13,600299.XSHG,0.19449086487293243
2026-03-02,600299.XSHG,0.2312164455652237
2026-03-09,600299.XSHG,0.1338934749364853
2026-03-16,600299.XSHG,0.1103956550359726
2026-03-23,600299.XSHG,-0.022796794772148132
2026-03-30,600299.XSHG,0.006307914853096008
2026-04-07,600299.XSHG,-0.07534272968769073
2026-04-14,600299.XSHG,0.06049008667469025
2026-04-21,600299.XSHG,0.11418648064136505
2026-04-28,600299.XSHG,0.2612438201904297
2026-05-08,600299.XSHG,0.3321167230606079
2026-05-15,600299.XSHG,0.4019531011581421
2026-05-22,600299.XSHG,0.20201376080513
2026-05-29,600299.XSHG,0.0656566172838211
2026-06-05,600299.XSHG,-0.016213715076446533
2026-06-12,600299.XSHG,-0.021890759468078613
2026-06-22,600299.XSHG,0.14153943955898285
2026-06-29,600299.XSHG,0.09379573166370392
2026-07-06,600299.XSHG,0.39300692081451416
2026-07-13,600299.XSHG,0.46954238414764404
2026-07-20,600299.XSHG,0.2575283348560333
2026-07-27,600299.XSHG,0.23764465749263763
2026-01-09,600312.XSHG,0.47606515884399414
2026-01-16,600312.XSHG,-0.05362670123577118
2026-01-23,600312.XSHG,-0.27224886417388916
2026-01-30,600312.XSHG,-0.29626619815826416
2026-02-06,600312.XSHG,-0.16664664447307587
2026-02-13,600312.XSHG,-0.018967390060424805
2026-03-02,600312.XSHG,0.15785357356071472
2026-03-09,600312.XSHG,0.3161547780036926
2026-03-16,600312.XSHG,0.5891043543815613
2026-03-23,600312.XSHG,0.8670692443847656
2026-03-30,600312.XSHG,1.077980875968933
2026-04-07,600312.XSHG,1.156517505645752
2026-04-14,600312.XSHG,1.125772476196289
2026-04-21,600312.XSHG,1.0745245218276978
2026-04-28,600312.XSHG,1.039154291152954
2026-05-08,600312.XSHG,0.9217143654823303
2026-05-15,600312.XSHG,0.8171561360359192
2026-05-22,600312.XSHG,0.6603813171386719
2026-05-29,600312.XSHG,0.5598652362823486
2026-06-05,600312.XSHG,0.583691418170929
2026-06-12,600312.XSHG,0.6251122951507568
2026-06-22,600312.XSHG,0.7123156189918518
2026-06-29,600312.XSHG,0.8351126313209534
2026-07-06,600312.XSHG,0.9480625987052917
2026-07-13,600312.XSHG,0.9002216458320618
2026-07-20,600312.XSHG,0.9894279837608337
2026-07-27,600312.XSHG,0.8393675088882446
2026-01-09,600316.XSHG,0.547906219959259
2026-01-16,600316.XSHG,0.491790771484375
2026-01-23,600316.XSHG,0.43938004970550537
2026-01-30,600316.XSHG,0.28285545110702515
2026-02-06,600316.XSHG,0.2671709954738617
2026-02-13,600316.XSHG,0.07954815775156021
2026-03-02,600316.XSHG,-0.14164982736110687
2026-03-09,600316.XSHG,-0.04452989995479584
2026-03-16,600316.XSHG,0.20780453085899353
2026-03-23,600316.XSHG,0.20517189800739288
2026-03-30,600316.XSHG,0.46168065071105957
2026-04-07,600316.XSHG,0.5467183589935303
2026-04-14,600316.XSHG,0.5475385189056396
2026-04-21,600316.XSHG,0.611084520816803
2026-04-28,600316.XSHG,0.6333791613578796
2026-05-08,600316.XSHG,0.570858359336853
2026-05-15,600316.XSHG,0.656981348991394
2026-05-22,600316.XSHG,0.7143632769584656
2026-05-29,600316.XSHG,0.7347432374954224
2026-06-05,600316.XSHG,0.6674956679344177
2026-06-12,600316.XSHG,0.6453752517700195
2026-06-22,600316.XSHG,0.742685079574585
2026-06-29,600316.XSHG,0.7517758011817932
2026-07-06,600316.XSHG,0.7972816824913025
2026-07-13,600316.XSHG,0.7446476817131042
2026-07-20,600316.XSHG,0.6788712739944458
2026-07-27,600316.XSHG,0.5953450798988342
2026-01-09,600329.XSHG,0.6930195689201355
2026-01-16,600329.XSHG,0.7074069976806641
2026-01-23,600329.XSHG,0.7221542000770569
2026-01-30,600329.XSHG,0.574493944644928
2026-02-06,600329.XSHG,0.3305099904537201
2026-02-13,600329.XSHG,0.4979647397994995
2026-03-02,600329.XSHG,0.5768176317214966
2026-03-09,600329.XSHG,0.6902986764907837
2026-03-16,600329.XSHG,0.700044572353363
2026-03-23,600329.XSHG,0.7826997637748718
2026-03-30,600329.XSHG,0.7979305982589722
2026-04-07,600329.XSHG,0.7725158333778381
2026-04-14,600329.XSHG,0.7745171189308167
2026-04-21,600329.XSHG,0.8371046185493469
2026-04-28,600329.XSHG,0.7948796153068542
2026-05-08,600329.XSHG,0.8883467316627502
2026-05-15,600329.XSHG,0.8729055523872375
2026-05-22,600329.XSHG,0.7639980912208557
2026-05-29,600329.XSHG,0.3587174415588379
2026-06-05,600329.XSHG,0.4461829662322998
2026-06-12,600329.XSHG,0.5498340725898743
2026-06-22,600329.XSHG,0.5638790130615234
2026-06-29,600329.XSHG,0.30462148785591125
2026-07-06,600329.XSHG,0.43697643280029297
2026-07-13,600329.XSHG,0.27146029472351074
2026-07-20,600329.XSHG,0.4030081033706665
2026-07-27,600329.XSHG,0.3694800138473511
2026-01-09,600339.XSHG,0.9137583374977112
2026-01-16,600339.XSHG,0.8678291440010071
2026-01-23,600339.XSHG,0.8509122729301453
2026-01-30,600339.XSHG,0.4917140007019043
2026-02-06,600339.XSHG,0.20437699556350708
2026-02-13,600339.XSHG,0.23149681091308594
2026-03-02,600339.XSHG,-0.17596475780010223
2026-03-09,600339.XSHG,-0.2709274888038635
2026-03-16,600339.XSHG,-0.13294683396816254
2026-03-23,600339.XSHG,-0.015002995729446411
2026-03-30,600339.XSHG,0.20683619379997253
2026-04-07,600339.XSHG,0.20943276584148407
2026-04-14,600339.XSHG,0.29481667280197144
2026-04-21,600339.XSHG,0.5239741206169128
2026-04-28,600339.XSHG,0.6597874164581299
2026-05-08,600339.XSHG,0.658421516418457
2026-05-15,600339.XSHG,0.580976665019989
2026-05-22,600339.XSHG,0.5436761975288391
2026-05-29,600339.XSHG,0.5710292458534241
2026-06-05,600339.XSHG,0.6404317021369934
2026-06-12,600339.XSHG,0.7184510827064514
2026-06-22,600339.XSHG,0.8262400031089783
2026-06-29,600339.XSHG,0.8810366988182068
2026-07-06,600339.XSHG,0.8918394446372986
2026-07-13,600339.XSHG,0.8910635709762573
2026-07-20,600339.XSHG,0.844396710395813
2026-07-27,600339.XSHG,0.7336319088935852
2026-01-09,600348.XSHG,0.8717569708824158
2026-01-16,600348.XSHG,0.3592883348464966
2026-01-23,600348.XSHG,0.3743990659713745
2026-01-30,600348.XSHG,0.3039889931678772
2026-02-06,600348.XSHG,0.2804158926010132
2026-02-13,600348.XSHG,0.28491878509521484
2026-03-02,600348.XSHG,0.20073102414608002
2026-03-09,600348.XSHG,0.16359183192253113
2026-03-16,600348.XSHG,0.27735447883605957
2026-03-23,600348.XSHG,0.3880007863044739
2026-03-30,600348.XSHG,0.5168197751045227
2026-04-07,600348.XSHG,0.2892255187034607
2026-04-14,600348.XSHG,0.36988645792007446
2026-04-21,600348.XSHG,0.11428563296794891
2026-04-28,600348.XSHG,0.09579005837440491
2026-05-08,600348.XSHG,0.138978973031044
2026-05-15,600348.XSHG,0.2757342755794525
2026-05-22,600348.XSHG,0.35946571826934814
2026-05-29,600348.XSHG,0.413885235786438
2026-06-05,600348.XSHG,0.4636436104774475
2026-06-12,600348.XSHG,0.555763840675354
2026-06-22,600348.XSHG,0.6527330279350281
2026-06-29,600348.XSHG,0.8569437861442566
2026-07-06,600348.XSHG,0.5774238109588623
2026-07-13,600348.XSHG,0.558349072933197
2026-07-20,600348.XSHG,0.4676271677017212
2026-07-27,600348.XSHG,0.453408420085907
2026-06-29,600350.XSHG,0.7023901343345642
2026-07-06,600350.XSHG,0.5706326365470886
2026-07-13,600350.XSHG,0.508398711681366
2026-07-20,600350.XSHG,0.19947504997253418
2026-07-27,600350.XSHG,0.19266779720783234
2026-01-09,600352.XSHG,0.4928273558616638
2026-01-16,600352.XSHG,0.6132394075393677
2026-01-23,600352.XSHG,0.4149722456932068
2026-01-30,600352.XSHG,0.3112727105617523
2026-02-06,600352.XSHG,-0.08215676248073578
2026-02-13,600352.XSHG,0.10157419741153717
2026-03-02,600352.XSHG,0.25246942043304443
2026-03-09,600352.XSHG,0.4931524991989136
2026-03-16,600352.XSHG,0.7019783854484558
2026-03-23,600352.XSHG,0.9502915740013123
2026-03-30,600352.XSHG,1.0767695903778076
2026-04-07,600352.XSHG,0.9175134897232056
2026-04-14,600352.XSHG,0.8006885647773743
2026-04-21,600352.XSHG,0.7338026762008667
2026-04-28,600352.XSHG,0.4712594151496887
2026-05-08,600352.XSHG,0.28336024284362793
2026-05-15,600352.XSHG,0.12004154920578003
2026-05-22,600352.XSHG,-0.043067097663879395
2026-05-29,600352.XSHG,0.07864661514759064
2026-06-05,600352.XSHG,0.3476411700248718
2026-06-12,600352.XSHG,0.3367864787578583
2026-06-22,600352.XSHG,0.44356024265289307
2026-06-29,600352.XSHG,0.617196798324585
2026-07-06,600352.XSHG,0.6580910682678223
2026-07-13,600352.XSHG,0.6260135173797607
2026-07-20,600352.XSHG,0.4134925305843353
2026-07-27,600352.XSHG,0.47587817907333374
2026-01-09,600369.XSHG,0.6243886351585388
2026-01-16,600369.XSHG,0.4880681037902832
2026-01-23,600369.XSHG,0.6239348649978638
2026-01-30,600369.XSHG,0.6619853973388672
2026-02-06,600369.XSHG,0.6996120810508728
2026-02-13,600369.XSHG,0.7315728068351746
2026-03-02,600369.XSHG,0.7162671685218811
2026-03-09,600369.XSHG,0.7234231233596802
2026-03-16,600369.XSHG,0.7430859208106995
2026-03-23,600369.XSHG,0.5288456678390503
2026-03-30,600369.XSHG,0.531018078327179
2026-04-07,600369.XSHG,0.6185855865478516
2026-04-14,600369.XSHG,0.7314577698707581
2026-04-21,600369.XSHG,0.7174015641212463
2026-04-28,600369.XSHG,0.6400662064552307
2026-05-08,600369.XSHG,0.7152259349822998
2026-05-15,600369.XSHG,0.6468615531921387
2026-05-22,600369.XSHG,0.6307913661003113
2026-05-29,600369.XSHG,0.6075607538223267
2026-06-05,600369.XSHG,0.6918741464614868
2026-06-12,600369.XSHG,0.5032628774642944
2026-06-22,600369.XSHG,0.5568386912345886
2026-06-29,600369.XSHG,0.8602269887924194
2026-07-06,600369.XSHG,0.9038731455802917
2026-07-13,600369.XSHG,0.9268360733985901
2026-07-20,600369.XSHG,0.858055591583252
2026-07-27,600369.XSHG,0.8511537909507751
2026-06-29,600377.XSHG,0.5006112456321716
2026-07-06,600377.XSHG,0.3399762511253357
2026-07-13,600377.XSHG,0.47482144832611084
2026-07-20,600377.XSHG,0.3531990051269531
2026-07-27,600377.XSHG,0.4753379225730896
2026-01-09,600378.XSHG,0.3669095039367676
2026-01-16,600378.XSHG,0.32728317379951477
2026-01-23,600378.XSHG,0.14026281237602234
2026-01-30,600378.XSHG,0.013171389698982239
2026-02-06,600378.XSHG,0.15728461742401123
2026-02-13,600378.XSHG,0.35575342178344727
2026-03-02,600378.XSHG,0.4921470880508423
2026-03-09,600378.XSHG,0.6194854378700256
2026-03-16,600378.XSHG,0.7394872903823853
2026-03-23,600378.XSHG,0.9176283478736877
2026-03-30,600378.XSHG,1.0339386463165283
2026-04-07,600378.XSHG,0.4820862412452698
2026-04-14,600378.XSHG,0.5618134140968323
2026-04-21,600378.XSHG,0.33701974153518677
2026-04-28,600378.XSHG,0.38416844606399536
2026-05-08,600378.XSHG,0.4362320899963379
2026-05-15,600378.XSHG,0.0791853815317154
2026-05-22,600378.XSHG,-0.024957001209259033
2026-05-29,600378.XSHG,0.030522778630256653
2026-06-05,600378.XSHG,-0.11591140925884247
2026-06-12,600378.XSHG,-0.20405544340610504
2026-06-22,600378.XSHG,0.025460705161094666
2026-06-29,600378.XSHG,-0.001352056860923767
2026-07-06,600378.XSHG,0.09500570595264435
2026-07-13,600378.XSHG,0.2508803606033325
2026-07-20,600378.XSHG,0.397617369890213
2026-07-27,600378.XSHG,0.3600587844848633
2026-01-09,600380.XSHG,0.8026755452156067
2026-01-16,600380.XSHG,0.8644302487373352
2026-01-23,600380.XSHG,0.8527259230613708
2026-01-30,600380.XSHG,0.8658233284950256
2026-02-06,600380.XSHG,0.8782845139503479
2026-02-13,600380.XSHG,0.8356767892837524
2026-03-02,600380.XSHG,0.7162025570869446
2026-03-09,600380.XSHG,0.6414971947669983
2026-03-16,600380.XSHG,0.6451125741004944
2026-03-23,600380.XSHG,0.5845057964324951
2026-03-30,600380.XSHG,0.4786050319671631
2026-04-07,600380.XSHG,0.5807344913482666
2026-04-14,600380.XSHG,0.6092612147331238
2026-04-21,600380.XSHG,0.7191384434700012
2026-04-28,600380.XSHG,0.7853283286094666
2026-05-08,600380.XSHG,0.8260395526885986
2026-05-15,600380.XSHG,0.7874131202697754
2026-05-22,600380.XSHG,0.7652720808982849
2026-05-29,600380.XSHG,0.6535789966583252
2026-06-05,600380.XSHG,0.809651255607605
2026-06-12,600380.XSHG,0.9160339832305908
2026-06-22,600380.XSHG,0.8841262459754944
2026-06-29,600380.XSHG,0.666467010974884
2026-07-06,600380.XSHG,0.5544905066490173
2026-07-13,600380.XSHG,0.5536445379257202
2026-07-20,600380.XSHG,0.49794018268585205
2026-07-27,600380.XSHG,0.5525007247924805
2026-01-09,600390.XSHG,0.7137567400932312
2026-01-16,600390.XSHG,0.7370288968086243
2026-01-23,600390.XSHG,0.5219470262527466
2026-01-30,600390.XSHG,0.5894829630851746
2026-02-06,600390.XSHG,0.6644287705421448
2026-02-13,600390.XSHG,0.6874544620513916
2026-03-02,600390.XSHG,0.6938672661781311
2026-03-09,600390.XSHG,0.7490153908729553
2026-03-16,600390.XSHG,0.6915740370750427
2026-03-23,600390.XSHG,0.6640768647193909
2026-03-30,600390.XSHG,0.6977956891059875
2026-04-07,600390.XSHG,0.6254140734672546
2026-04-14,600390.XSHG,0.6720130443572998
2026-04-21,600390.XSHG,0.6377353072166443
2026-04-28,600390.XSHG,0.6304683089256287
2026-05-08,600390.XSHG,0.6948931217193604
2026-05-15,600390.XSHG,0.701542317867279
2026-05-22,600390.XSHG,0.639685332775116
2026-05-29,600390.XSHG,0.6400084495544434
2026-06-05,600390.XSHG,0.7053336501121521
2026-06-12,600390.XSHG,0.717089831829071
2026-06-22,600390.XSHG,0.6904169917106628
2026-06-29,600390.XSHG,0.8807089924812317
2026-07-06,600390.XSHG,0.8743770718574524
2026-07-13,600390.XSHG,0.864848256111145
2026-07-20,600390.XSHG,0.8108062148094177
2026-07-27,600390.XSHG,0.8643302917480469
2026-01-09,600392.XSHG,0.8423416018486023
2026-01-16,600392.XSHG,0.8878921270370483
2026-01-23,600392.XSHG,0.8717699646949768
2026-01-30,600392.XSHG,0.7319948077201843
2026-02-06,600392.XSHG,0.6010066270828247
2026-02-13,600392.XSHG,0.5717620253562927
2026-03-02,600392.XSHG,0.5439932346343994
2026-03-09,600392.XSHG,0.5820448994636536
2026-03-16,600392.XSHG,0.65389084815979
2026-03-23,600392.XSHG,0.6644221544265747
2026-03-30,600392.XSHG,0.7280723452568054
2026-04-07,600392.XSHG,0.4554309844970703
2026-04-14,600392.XSHG,0.502255916595459
2026-04-21,600392.XSHG,0.40137916803359985
2026-04-28,600392.XSHG,0.4227137863636017
2026-05-08,600392.XSHG,0.48771095275878906
2026-05-15,600392.XSHG,0.5402190685272217
2026-05-22,600392.XSHG,0.6869129538536072
2026-05-29,600392.XSHG,0.7398168444633484
2026-06-05,600392.XSHG,0.6771098375320435
2026-06-12,600392.XSHG,0.7038693428039551
2026-06-22,600392.XSHG,0.3818105459213257
2026-06-29,600392.XSHG,0.4015406370162964
2026-07-06,600392.XSHG,0.3355380892753601
2026-07-13,600392.XSHG,0.41165733337402344
2026-07-20,600392.XSHG,0.5360039472579956
2026-07-27,600392.XSHG,0.6175721287727356
2026-01-09,600398.XSHG,0.48368561267852783
2026-01-16,600398.XSHG,0.46525734663009644
2026-01-23,600398.XSHG,0.4799707531929016
2026-01-30,600398.XSHG,0.5320830941200256
2026-02-06,600398.XSHG,0.5010430216789246
2026-02-13,600398.XSHG,0.4689487814903259
2026-03-02,600398.XSHG,0.45954591035842896
2026-03-09,600398.XSHG,0.5067543983459473
2026-03-16,600398.XSHG,0.5691339373588562
2026-03-23,600398.XSHG,0.4397595524787903
2026-03-30,600398.XSHG,0.05853848159313202
2026-04-07,600398.XSHG,0.2942291796207428
2026-04-14,600398.XSHG,0.354877233505249
2026-04-21,600398.XSHG,0.40726763010025024
2026-04-28,600398.XSHG,0.4961491823196411
2026-05-08,600398.XSHG,0.42212462425231934
2026-05-15,600398.XSHG,0.5057288408279419
2026-05-22,600398.XSHG,0.5208888649940491
2026-05-29,600398.XSHG,0.5404847860336304
2026-06-05,600398.XSHG,0.6991223096847534
2026-06-12,600398.XSHG,0.8152609467506409
2026-06-22,600398.XSHG,0.831069827079773
2026-06-29,600398.XSHG,0.7511334419250488
2026-07-06,600398.XSHG,0.720465362071991
2026-07-13,600398.XSHG,0.7329049706459045
2026-07-20,600398.XSHG,0.7756674885749817
2026-07-27,600398.XSHG,0.7706875205039978
2026-01-09,600435.XSHG,0.44610828161239624
2026-01-16,600435.XSHG,0.4522414803504944
2026-01-23,600435.XSHG,0.43516606092453003
2026-01-30,600435.XSHG,0.4736670255661011
2026-02-06,600435.XSHG,0.5473607778549194
2026-02-13,600435.XSHG,0.5541581511497498
2026-03-02,600435.XSHG,0.25663992762565613
2026-03-09,600435.XSHG,0.3886852264404297
2026-03-16,600435.XSHG,0.4646533727645874
2026-03-23,600435.XSHG,0.5825713276863098
2026-03-30,600435.XSHG,0.6611257195472717
2026-04-07,600435.XSHG,0.7132483124732971
2026-04-14,600435.XSHG,0.6764775514602661
2026-04-21,600435.XSHG,0.7054151892662048
2026-04-28,600435.XSHG,0.7276669144630432
2026-05-08,600435.XSHG,0.7153792381286621
2026-05-15,600435.XSHG,0.7211436629295349
2026-05-22,600435.XSHG,0.7377992868423462
2026-05-29,600435.XSHG,0.732085645198822
2026-06-05,600435.XSHG,0.7083040475845337
2026-06-12,600435.XSHG,0.7395812273025513
2026-06-22,600435.XSHG,0.7572612166404724
2026-06-29,600435.XSHG,0.7707222104072571
2026-07-06,600435.XSHG,0.706720232963562
2026-07-13,600435.XSHG,0.617438554763794
2026-07-20,600435.XSHG,0.6057559251785278
2026-07-27,600435.XSHG,0.6261115074157715
2026-02-06,600483.XSHG,0.431951105594635
2026-02-13,600483.XSHG,0.3877211809158325
2026-03-02,600483.XSHG,0.31443294882774353
2026-03-09,600483.XSHG,0.49539613723754883
2026-03-16,600483.XSHG,0.43125706911087036
2026-03-23,600483.XSHG,0.39254677295684814
2026-03-30,600483.XSHG,0.3188122808933258
2026-04-07,600483.XSHG,0.3121466040611267
2026-04-14,600483.XSHG,0.3813455104827881
2026-04-21,600483.XSHG,0.17878977954387665
2026-04-28,600483.XSHG,0.1968385875225067
2026-05-08,600483.XSHG,0.2640869617462158
2026-05-15,600483.XSHG,0.11450483649969101
2026-05-22,600483.XSHG,0.06766551733016968
2026-05-29,600483.XSHG,-0.15034551918506622
2026-06-05,600483.XSHG,-0.0827481597661972
2026-06-12,600483.XSHG,0.03056176006793976
2026-06-22,600483.XSHG,0.14217960834503174
2026-06-29,600483.XSHG,0.3410695195198059
2026-07-06,600483.XSHG,0.5744680762290955
2026-07-13,600483.XSHG,0.3703928589820862
2026-07-20,600483.XSHG,0.15176276862621307
2026-07-27,600483.XSHG,0.13766400516033173
2026-01-09,600486.XSHG,0.5943947434425354
2026-01-16,600486.XSHG,0.7390660643577576
2026-01-23,600486.XSHG,0.8757008910179138
2026-01-30,600486.XSHG,0.5941116809844971
2026-02-06,600486.XSHG,0.584693431854248
2026-02-13,600486.XSHG,0.5432471632957458
2026-03-02,600486.XSHG,0.4259200692176819
2026-03-09,600486.XSHG,0.35740333795547485
2026-03-16,600486.XSHG,0.30389195680618286
2026-03-23,600486.XSHG,0.008934423327445984
2026-03-30,600486.XSHG,-0.27615106105804443
2026-04-07,600486.XSHG,-0.42426353693008423
2026-04-14,600486.XSHG,-0.41821569204330444
2026-04-21,600486.XSHG,-0.2794821858406067
2026-04-28,600486.XSHG,-0.3119734525680542
2026-05-08,600486.XSHG,-0.22517137229442596
2026-05-15,600486.XSHG,0.018971487879753113
2026-05-22,600486.XSHG,0.24979184567928314
2026-05-29,600486.XSHG,0.23980101943016052
2026-06-05,600486.XSHG,0.2934425473213196
2026-06-12,600486.XSHG,0.31289663910865784
2026-06-22,600486.XSHG,0.2822986841201782
2026-06-29,600486.XSHG,0.3766425848007202
2026-07-06,600486.XSHG,0.2788112461566925
2026-07-13,600486.XSHG,0.4164281487464905
2026-07-20,600486.XSHG,0.27288830280303955
2026-07-27,600486.XSHG,0.4534682035446167
2026-01-09,600487.XSHG,0.5220075249671936
2026-01-16,600487.XSHG,0.46341121196746826
2026-01-23,600487.XSHG,0.4241635501384735
2026-01-30,600487.XSHG,0.2405984252691269
2026-02-06,600487.XSHG,0.17046667635440826
2026-02-13,600487.XSHG,-0.01700514554977417
2026-03-02,600487.XSHG,0.08420495688915253
2026-03-09,600487.XSHG,0.15765191614627838
2026-03-16,600487.XSHG,0.2255735844373703
2026-03-23,600487.XSHG,0.158243328332901
2026-03-30,600487.XSHG,-0.2678917646408081
2026-04-07,600487.XSHG,-0.5480408072471619
2026-04-14,600487.XSHG,-0.6225202083587646
2026-04-21,600487.XSHG,-0.6247591376304626
2026-04-28,600487.XSHG,-0.6421616077423096
2026-05-08,600487.XSHG,-0.6649776697158813
2026-01-09,600497.XSHG,0.4463806748390198
2026-01-16,600497.XSHG,0.57478928565979
2026-01-23,600497.XSHG,0.6269630193710327
2026-01-30,600497.XSHG,0.4341594874858856
2026-02-06,600497.XSHG,0.4694167375564575
2026-02-13,600497.XSHG,0.6505904793739319
2026-03-02,600497.XSHG,0.41965365409851074
2026-03-09,600497.XSHG,0.39693552255630493
2026-03-16,600497.XSHG,0.3039965331554413
2026-03-23,600497.XSHG,0.17927297949790955
2026-03-30,600497.XSHG,0.058544620871543884
2026-04-07,600497.XSHG,-0.04445016384124756
2026-04-14,600497.XSHG,-0.07206936180591583
2026-04-21,600497.XSHG,-0.03266994655132294
2026-04-28,600497.XSHG,0.09244294464588165
2026-05-08,600497.XSHG,0.06729377806186676
2026-05-15,600497.XSHG,0.015440121293067932
2026-05-22,600497.XSHG,0.06088210642337799
2026-05-29,600497.XSHG,0.3665675222873688
2026-06-05,600497.XSHG,0.5072356462478638
2026-06-12,600497.XSHG,0.5946776866912842
2026-06-22,600497.XSHG,0.44405049085617065
2026-06-29,600497.XSHG,0.30663320422172546
2026-07-06,600497.XSHG,0.4924383759498596
2026-07-13,600497.XSHG,0.669642984867096
2026-07-20,600497.XSHG,0.8077635765075684
2026-07-27,600497.XSHG,0.8886017203330994
2026-01-09,600498.XSHG,0.31092751026153564
2026-01-16,600498.XSHG,0.29520606994628906
2026-01-23,600498.XSHG,0.4264354109764099
2026-01-30,600498.XSHG,0.43222033977508545
2026-02-06,600498.XSHG,0.18566997349262238
2026-02-13,600498.XSHG,0.19275011122226715
2026-03-02,600498.XSHG,0.1594124287366867
2026-03-09,600498.XSHG,-0.048865437507629395
2026-03-16,600498.XSHG,-0.14022700488567352
2026-03-23,600498.XSHG,-0.27604585886001587
2026-03-30,600498.XSHG,-0.5466755032539368
2026-04-07,600498.XSHG,-0.6140020489692688
2026-04-14,600498.XSHG,-0.5672155618667603
2026-04-21,600498.XSHG,-0.5084895491600037
2026-04-28,600498.XSHG,-0.48085880279541016
2026-05-08,600498.XSHG,-0.5991829037666321
2026-05-15,600498.XSHG,-0.5662611126899719
2026-05-22,600498.XSHG,-0.4417914152145386
2026-05-29,600498.XSHG,-0.3277484178543091
2026-06-05,600498.XSHG,-0.42626744508743286
2026-06-12,600498.XSHG,-0.2547317147254944
2026-06-22,600498.XSHG,-0.05243924260139465
2026-06-29,600498.XSHG,0.16106753051280975
2026-07-06,600498.XSHG,0.3528716564178467
2026-07-13,600498.XSHG,0.5815867185592651
2026-07-20,600498.XSHG,0.7924067974090576
2026-07-27,600498.XSHG,1.1141221523284912
2026-01-09,600499.XSHG,0.7072083353996277
2026-02-13,600499.XSHG,0.7589062452316284
2026-03-02,600499.XSHG,0.8082135319709778
2026-03-09,600499.XSHG,0.7284797430038452
2026-03-16,600499.XSHG,0.6489507555961609
2026-03-23,600499.XSHG,0.5657618045806885
2026-03-30,600499.XSHG,0.4448291063308716
2026-04-07,600499.XSHG,0.2940627932548523
2026-04-14,600499.XSHG,0.1957753598690033
2026-04-21,600499.XSHG,0.15689703822135925
2026-04-28,600499.XSHG,0.06886120140552521
2026-05-08,600499.XSHG,0.12327854335308075
2026-05-15,600499.XSHG,0.2857665419578552
2026-05-22,600499.XSHG,0.46123987436294556
2026-05-29,600499.XSHG,0.5876484513282776
2026-06-05,600499.XSHG,0.774372398853302
2026-06-12,600499.XSHG,0.6981199383735657
2026-06-22,600499.XSHG,0.842089831829071
2026-06-29,600499.XSHG,0.8874148726463318
2026-07-06,600499.XSHG,0.6499143242835999
2026-07-13,600499.XSHG,0.6899926662445068
2026-07-20,600499.XSHG,0.3167126178741455
2026-07-27,600499.XSHG,-0.01710660755634308
2026-01-09,600511.XSHG,0.573655366897583
2026-01-16,600511.XSHG,0.6165269613265991
2026-01-23,600511.XSHG,0.48443734645843506
2026-01-30,600511.XSHG,0.5223298072814941
2026-02-06,600511.XSHG,0.4285001754760742
2026-02-13,600511.XSHG,0.4850361943244934
2026-03-02,600511.XSHG,0.33285439014434814
2026-03-09,600511.XSHG,0.3886510729789734
2026-03-16,600511.XSHG,0.468203067779541
2026-03-23,600511.XSHG,0.41249990463256836
2026-03-30,600511.XSHG,0.29832103848457336
2026-04-07,600511.XSHG,0.4023919403553009
2026-04-14,600511.XSHG,0.46794593334198
2026-04-21,600511.XSHG,0.5101751685142517
2026-04-28,600511.XSHG,0.5767462849617004
2026-05-08,600511.XSHG,0.58296138048172
2026-05-15,600511.XSHG,0.6058530807495117
2026-05-22,600511.XSHG,0.6044582724571228
2026-05-29,600511.XSHG,0.3855785131454468
2026-06-05,600511.XSHG,0.5487825274467468
2026-06-12,600511.XSHG,0.640784502029419
2026-06-22,600511.XSHG,0.6925508379936218
2026-06-29,600511.XSHG,0.5955528616905212
2026-07-06,600511.XSHG,0.6690119504928589
2026-07-13,600511.XSHG,0.7131853103637695
2026-07-20,600511.XSHG,0.7049540281295776
2026-07-27,600511.XSHG,0.6862753629684448
2026-01-09,600516.XSHG,0.23891623318195343
2026-01-16,600516.XSHG,0.7680402398109436
2026-01-23,600516.XSHG,0.9915362000465393
2026-01-30,600516.XSHG,1.0745388269424438
2026-02-06,600516.XSHG,1.0599093437194824
2026-02-13,600516.XSHG,1.0228323936462402
2026-03-02,600516.XSHG,0.8831661343574524
2026-03-09,600516.XSHG,0.9155717492103577
2026-03-16,600516.XSHG,0.856091320514679
2026-03-23,600516.XSHG,0.7779547572135925
2026-03-30,600516.XSHG,0.7547762393951416
2026-04-07,600516.XSHG,0.6252326369285583
2026-04-14,600516.XSHG,0.6702119708061218
2026-04-21,600516.XSHG,0.7010090947151184
2026-04-28,600516.XSHG,0.7479367852210999
2026-05-08,600516.XSHG,0.8227920532226562
2026-05-15,600516.XSHG,0.8634316325187683
2026-05-22,600516.XSHG,0.8343062996864319
2026-05-29,600516.XSHG,0.849218487739563
2026-06-05,600516.XSHG,0.48854970932006836
2026-06-12,600516.XSHG,0.5149003863334656
2026-06-22,600516.XSHG,0.32617664337158203
2026-06-29,600516.XSHG,0.19656336307525635
2026-07-06,600516.XSHG,0.14915698766708374
2026-07-13,600516.XSHG,0.2496871054172516
2026-07-20,600516.XSHG,0.47850996255874634
2026-07-27,600516.XSHG,0.6679466366767883
2026-01-09,600517.XSHG,0.6155989766120911
2026-01-16,600517.XSHG,0.2835674285888672
2026-01-23,600517.XSHG,0.4165971875190735
2026-01-30,600517.XSHG,0.5086288452148438
2026-02-06,600517.XSHG,0.5938208699226379
2026-02-13,600517.XSHG,0.6139453053474426
2026-03-02,600517.XSHG,0.6292312741279602
2026-03-09,600517.XSHG,0.4876701831817627
2026-03-16,600517.XSHG,0.45917826890945435
2026-03-23,600517.XSHG,0.448111355304718
2026-03-30,600517.XSHG,0.5129960775375366
2026-04-07,600517.XSHG,0.6238154768943787
2026-04-14,600517.XSHG,0.7498241066932678
2026-04-21,600517.XSHG,0.8736526370048523
2026-04-28,600517.XSHG,0.9281622767448425
2026-05-08,600517.XSHG,0.9285998940467834
2026-05-15,600517.XSHG,0.8970913290977478
2026-05-22,600517.XSHG,0.8681467175483704
2026-05-29,600517.XSHG,0.8589367866516113
2026-06-05,600517.XSHG,0.8263698816299438
2026-06-12,600517.XSHG,0.7681329250335693
2026-06-22,600517.XSHG,0.6508273482322693
2026-06-29,600517.XSHG,0.736788809299469
2026-07-06,600517.XSHG,0.7123202681541443
2026-07-13,600517.XSHG,0.7599371075630188
2026-07-20,600517.XSHG,0.7867814302444458
2026-07-27,600517.XSHG,0.8306235074996948
2026-01-09,600521.XSHG,0.6795886754989624
2026-01-16,600521.XSHG,0.658951461315155
2026-01-23,600521.XSHG,0.6543373465538025
2026-01-30,600521.XSHG,0.7168753743171692
2026-02-06,600521.XSHG,0.6683500409126282
2026-02-13,600521.XSHG,0.6747846603393555
2026-03-02,600521.XSHG,0.71061772108078
2026-03-09,600521.XSHG,0.7414842844009399
2026-03-16,600521.XSHG,0.727925717830658
2026-03-23,600521.XSHG,0.7430999875068665
2026-03-30,600521.XSHG,0.6014440059661865
2026-04-07,600521.XSHG,0.6256404519081116
2026-04-14,600521.XSHG,0.6178871989250183
2026-04-21,600521.XSHG,0.6518937945365906
2026-04-28,600521.XSHG,0.7043198943138123
2026-05-08,600521.XSHG,0.7312891483306885
2026-05-15,600521.XSHG,0.7380959391593933
2026-05-22,600521.XSHG,0.6537904739379883
2026-05-29,600521.XSHG,0.6871450543403625
2026-06-05,600521.XSHG,0.7405055165290833
2026-06-12,600521.XSHG,0.7857755422592163
2026-06-22,600521.XSHG,0.8179275989532471
2026-06-29,600521.XSHG,0.8374138474464417
2026-07-06,600521.XSHG,0.5175490379333496
2026-07-13,600521.XSHG,0.8134636282920837
2026-07-20,600521.XSHG,0.7776439189910889
2026-07-27,600521.XSHG,0.789618968963623
2026-01-09,600528.XSHG,0.8566440939903259
2026-01-16,600528.XSHG,0.7335002422332764
2026-01-23,600528.XSHG,0.7442682981491089
2026-01-30,600528.XSHG,0.7522179484367371
2026-02-06,600528.XSHG,0.7779373526573181
2026-02-13,600528.XSHG,0.7528260350227356
2026-03-02,600528.XSHG,0.7750825881958008
2026-03-09,600528.XSHG,0.7879789471626282
2026-03-16,600528.XSHG,0.7689089179039001
2026-03-23,600528.XSHG,0.7221807837486267
2026-03-30,600528.XSHG,0.21492627263069153
2026-04-07,600528.XSHG,0.2583755850791931
2026-04-14,600528.XSHG,0.4886842370033264
2026-04-21,600528.XSHG,0.48895519971847534
2026-04-28,600528.XSHG,0.5214937329292297
2026-05-08,600528.XSHG,0.5940455198287964
2026-01-09,600535.XSHG,0.7600750923156738
2026-01-16,600535.XSHG,0.7648696899414062
2026-01-23,600535.XSHG,0.7419112920761108
2026-01-30,600535.XSHG,0.7065906524658203
2026-02-06,600535.XSHG,0.6148461103439331
2026-02-13,600535.XSHG,0.5890715718269348
2026-03-02,600535.XSHG,0.5901691913604736
2026-03-09,600535.XSHG,0.6180034279823303
2026-03-16,600535.XSHG,0.5968294739723206
2026-03-23,600535.XSHG,0.5852435231208801
2026-03-30,600535.XSHG,0.643469512462616
2026-04-07,600535.XSHG,0.6112303733825684
2026-04-14,600535.XSHG,0.5354452133178711
2026-04-21,600535.XSHG,0.5946576595306396
2026-04-28,600535.XSHG,0.5055737495422363
2026-05-08,600535.XSHG,0.5999435186386108
2026-05-15,600535.XSHG,0.6828274726867676
2026-05-22,600535.XSHG,0.6982904076576233
2026-05-29,600535.XSHG,0.5607327222824097
2026-06-05,600535.XSHG,0.5844686627388
2026-06-12,600535.XSHG,0.6336515545845032
2026-06-22,600535.XSHG,0.4003393054008484
2026-06-29,600535.XSHG,0.19972306489944458
2026-07-06,600535.XSHG,0.24025824666023254
2026-07-13,600535.XSHG,0.3398700952529907
2026-07-20,600535.XSHG,0.19926954805850983
2026-07-27,600535.XSHG,0.23180226981639862
2026-01-09,600536.XSHG,0.5248585939407349
2026-01-16,600536.XSHG,0.5849092602729797
2026-01-23,600536.XSHG,0.5886029601097107
2026-01-30,600536.XSHG,0.5998809337615967
2026-02-06,600536.XSHG,0.6186692714691162
2026-02-13,600536.XSHG,0.5691094994544983
2026-03-02,600536.XSHG,0.5331504940986633
2026-03-09,600536.XSHG,0.4410059154033661
2026-03-16,600536.XSHG,0.5005536079406738
2026-03-23,600536.XSHG,0.5266641974449158
2026-03-30,600536.XSHG,0.5362367630004883
2026-04-07,600536.XSHG,0.5411461591720581
2026-04-14,600536.XSHG,0.5450548529624939
2026-04-21,600536.XSHG,0.5858959555625916
2026-04-28,600536.XSHG,0.6165520548820496
2026-05-08,600536.XSHG,0.1643584668636322
2026-05-15,600536.XSHG,0.45224469900131226
2026-05-22,600536.XSHG,0.47673869132995605
2026-05-29,600536.XSHG,0.5763373970985413
2026-06-05,600536.XSHG,0.6240512728691101
2026-06-12,600536.XSHG,0.28521570563316345
2026-06-22,600536.XSHG,0.23183037340641022
2026-06-29,600536.XSHG,0.4157182574272156
2026-07-06,600536.XSHG,0.5366698503494263
2026-07-13,600536.XSHG,0.12487371265888214
2026-07-20,600536.XSHG,0.19087207317352295
2026-07-27,600536.XSHG,0.3662987947463989
2026-01-09,600546.XSHG,0.5797820687294006
2026-01-16,600546.XSHG,0.6413310766220093
2026-01-23,600546.XSHG,0.6702224612236023
2026-01-30,600546.XSHG,0.637738823890686
2026-02-06,600546.XSHG,0.7295343279838562
2026-02-13,600546.XSHG,0.8583217859268188
2026-03-02,600546.XSHG,0.8192702531814575
2026-03-09,600546.XSHG,0.5460992455482483
2026-03-16,600546.XSHG,0.6814499497413635
2026-03-23,600546.XSHG,0.5081579685211182
2026-03-30,600546.XSHG,0.4534452557563782
2026-04-07,600546.XSHG,0.3786413371562958
2026-04-14,600546.XSHG,0.4045206308364868
2026-04-21,600546.XSHG,0.3435038924217224
2026-04-28,600546.XSHG,0.11209593713283539
2026-05-08,600546.XSHG,0.046903982758522034
2026-05-15,600546.XSHG,-0.0958787053823471
2026-05-22,600546.XSHG,-0.03890495002269745
2026-05-29,600546.XSHG,0.008915677666664124
2026-06-05,600546.XSHG,0.0940241813659668
2026-06-12,600546.XSHG,0.23828674852848053
2026-06-22,600546.XSHG,0.49046218395233154
2026-06-29,600546.XSHG,0.8822966814041138
2026-07-06,600546.XSHG,1.1034034490585327
2026-07-13,600546.XSHG,1.1051725149154663
2026-07-20,600546.XSHG,0.8348271250724792
2026-07-27,600546.XSHG,0.6586441993713379
2026-01-09,600549.XSHG,0.4295498728752136
2026-01-16,600549.XSHG,0.37279951572418213
2026-01-23,600549.XSHG,0.3026931881904602
2026-01-30,600549.XSHG,0.06631598621606827
2026-02-06,600549.XSHG,-0.09622667729854584
2026-02-13,600549.XSHG,-0.1814262717962265
2026-03-02,600549.XSHG,-0.41330868005752563
2026-03-09,600549.XSHG,-0.4196614623069763
2026-03-16,600549.XSHG,-0.35093241930007935
2026-03-23,600549.XSHG,-0.24953143298625946
2026-03-30,600549.XSHG,-0.15991295874118805
2026-04-07,600549.XSHG,-0.015079542994499207
2026-04-14,600549.XSHG,0.20909203588962555
2026-04-21,600549.XSHG,0.4598689079284668
2026-04-28,600549.XSHG,0.7449251413345337
2026-05-08,600549.XSHG,1.023634910583496
2026-01-09,600563.XSHG,0.5910056829452515
2026-01-16,600563.XSHG,0.33245620131492615
2026-01-23,600563.XSHG,0.4613218307495117
2026-01-30,600563.XSHG,0.5087116360664368
2026-02-06,600563.XSHG,0.5095699429512024
2026-02-13,600563.XSHG,0.4441891312599182
2026-03-02,600563.XSHG,0.29879307746887207
2026-03-09,600563.XSHG,0.31193745136260986
2026-03-16,600563.XSHG,0.2829849123954773
2026-03-23,600563.XSHG,0.09973551332950592
2026-03-30,600563.XSHG,-0.02088208496570587
2026-04-07,600563.XSHG,0.0525490939617157
2026-04-14,600563.XSHG,-0.31351423263549805
2026-04-21,600563.XSHG,-0.20525307953357697
2026-04-28,600563.XSHG,-0.0057944804430007935
2026-05-08,600563.XSHG,0.12062836438417435
2026-05-15,600563.XSHG,-0.21985526382923126
2026-05-22,600563.XSHG,-0.4276236891746521
2026-05-29,600563.XSHG,-0.42071568965911865
2026-06-05,600563.XSHG,-0.36851972341537476
2026-06-12,600563.XSHG,-0.29552847146987915
2026-06-22,600563.XSHG,-0.3660449981689453
2026-06-29,600563.XSHG,-0.4666042923927307
2026-07-06,600563.XSHG,-0.4162449836730957
2026-07-13,600563.XSHG,-0.2935834527015686
2026-07-20,600563.XSHG,-0.1060127466917038
2026-07-27,600563.XSHG,-0.42082005739212036
2026-01-09,600566.XSHG,0.648029625415802
2026-01-16,600566.XSHG,0.7763143181800842
2026-01-23,600566.XSHG,0.8268399834632874
2026-01-30,600566.XSHG,0.8000351786613464
2026-02-06,600566.XSHG,0.803398072719574
2026-02-13,600566.XSHG,0.7506303787231445
2026-03-02,600566.XSHG,0.7610720992088318
2026-03-09,600566.XSHG,0.6789752244949341
2026-03-16,600566.XSHG,0.5851088166236877
2026-03-23,600566.XSHG,0.3280258774757385
2026-03-30,600566.XSHG,0.1445092409849167
2026-04-07,600566.XSHG,0.12487701326608658
2026-04-14,600566.XSHG,0.01624000072479248
2026-04-21,600566.XSHG,0.2295825332403183
2026-04-28,600566.XSHG,0.3403863310813904
2026-05-08,600566.XSHG,0.378017395734787
2026-05-15,600566.XSHG,0.3487415313720703
2026-05-22,600566.XSHG,0.31244051456451416
2026-05-29,600566.XSHG,0.3017311990261078
2026-06-05,600566.XSHG,0.358778715133667
2026-06-12,600566.XSHG,0.41610896587371826
2026-06-22,600566.XSHG,0.6878479719161987
2026-06-29,600566.XSHG,0.6543288230895996
2026-07-06,600566.XSHG,0.5372782349586487
2026-07-13,600566.XSHG,0.6765143275260925
2026-07-20,600566.XSHG,0.6808661222457886
2026-07-27,600566.XSHG,0.6985130906105042
2026-02-06,600578.XSHG,0.8985816836357117
2026-02-13,600578.XSHG,0.9362030625343323
2026-03-02,600578.XSHG,0.8696126341819763
2026-03-09,600578.XSHG,0.852730393409729
2026-03-16,600578.XSHG,0.7163053750991821
2026-03-23,600578.XSHG,0.6173710227012634
2026-03-30,600578.XSHG,0.47357088327407837
2026-04-07,600578.XSHG,0.42680156230926514
2026-04-14,600578.XSHG,0.4820151925086975
2026-04-21,600578.XSHG,0.38365936279296875
2026-04-28,600578.XSHG,0.38872620463371277
2026-05-08,600578.XSHG,0.5313541889190674
2026-05-15,600578.XSHG,0.20128454267978668
2026-05-22,600578.XSHG,0.017220541834831238
2026-05-29,600578.XSHG,0.13045544922351837
2026-06-05,600578.XSHG,0.05401395261287689
2026-06-12,600578.XSHG,-0.0006005913019180298
2026-06-22,600578.XSHG,-0.09248419106006622
2026-06-29,600578.XSHG,-0.23597685992717743
2026-07-06,600578.XSHG,-0.28334981203079224
2026-07-13,600578.XSHG,-0.2854772210121155
2026-07-20,600578.XSHG,-0.6121180653572083
2026-07-27,600578.XSHG,-0.5339127779006958
2026-01-09,600580.XSHG,0.7677227854728699
2026-01-16,600580.XSHG,0.6961135268211365
2026-01-23,600580.XSHG,0.7327035069465637
2026-01-30,600580.XSHG,0.6714445352554321
2026-02-06,600580.XSHG,0.7104882001876831
2026-02-13,600580.XSHG,0.6718785166740417
2026-03-02,600580.XSHG,0.6159293055534363
2026-03-09,600580.XSHG,0.6498493552207947
2026-03-16,600580.XSHG,0.7026121020317078
2026-03-23,600580.XSHG,0.2999646067619324
2026-03-30,600580.XSHG,0.3082205653190613
2026-04-07,600580.XSHG,0.3599848747253418
2026-04-14,600580.XSHG,0.4628545641899109
2026-04-21,600580.XSHG,0.6065815091133118
2026-04-28,600580.XSHG,0.6796593070030212
2026-05-08,600580.XSHG,0.5147556662559509
2026-01-09,600582.XSHG,0.6800051331520081
2026-01-16,600582.XSHG,0.6998583674430847
2026-01-23,600582.XSHG,0.709061861038208
2026-01-30,600582.XSHG,0.6875885128974915
2026-02-06,600582.XSHG,0.6884306073188782
2026-02-13,600582.XSHG,0.658696711063385
2026-03-02,600582.XSHG,0.5939288139343262
2026-03-09,600582.XSHG,0.4314924478530884
2026-03-16,600582.XSHG,0.45492804050445557
2026-03-23,600582.XSHG,0.311623215675354
2026-03-30,600582.XSHG,0.2689186632633209
2026-04-07,600582.XSHG,0.28503674268722534
2026-04-14,600582.XSHG,0.39032474160194397
2026-04-21,600582.XSHG,0.5166944265365601
2026-04-28,600582.XSHG,0.5253656506538391
2026-05-08,600582.XSHG,0.6350612640380859
2026-05-15,600582.XSHG,0.6703631281852722
2026-05-22,600582.XSHG,0.6719975471496582
2026-05-29,600582.XSHG,0.7126840949058533
2026-06-05,600582.XSHG,0.8289528489112854
2026-06-12,600582.XSHG,0.4257664084434509
2026-06-22,600582.XSHG,0.2629780173301697
2026-06-29,600582.XSHG,0.266396164894104
2026-07-06,600582.XSHG,0.4400339722633362
2026-07-13,600582.XSHG,0.6932218074798584
2026-07-20,600582.XSHG,0.8280792832374573
2026-07-27,600582.XSHG,0.8325357437133789
2026-01-09,600583.XSHG,0.6047025918960571
2026-01-16,600583.XSHG,0.5585600733757019
2026-01-23,600583.XSHG,0.44637131690979004
2026-01-30,600583.XSHG,0.252271443605423
2026-02-06,600583.XSHG,-0.025107339024543762
2026-02-13,600583.XSHG,-0.16573043167591095
2026-03-02,600583.XSHG,-0.17435471713542938
2026-03-09,600583.XSHG,-0.05831038951873779
2026-03-16,600583.XSHG,0.13024133443832397
2026-03-23,600583.XSHG,0.2846943736076355
2026-03-30,600583.XSHG,0.4260672330856323
2026-04-07,600583.XSHG,0.2863496243953705
2026-04-14,600583.XSHG,0.23121771216392517
2026-04-21,600583.XSHG,0.23985490202903748
2026-04-28,600583.XSHG,0.2296769917011261
2026-05-08,600583.XSHG,0.2999221086502075
2026-05-15,600583.XSHG,0.4890739321708679
2026-05-22,600583.XSHG,0.7404288649559021
2026-05-29,600583.XSHG,0.9101396203041077
2026-06-05,600583.XSHG,0.9888110756874084
2026-06-12,600583.XSHG,1.0205227136611938
2026-06-22,600583.XSHG,1.0101611614227295
2026-06-29,600583.XSHG,0.9849887490272522
2026-07-06,600583.XSHG,0.9336192607879639
2026-07-13,600583.XSHG,0.8783178329467773
2026-07-20,600583.XSHG,0.8270860910415649
2026-07-27,600583.XSHG,0.7777289748191833
2026-01-09,600598.XSHG,0.6488709449768066
2026-01-16,600598.XSHG,0.6989373564720154
2026-01-23,600598.XSHG,0.7194783687591553
2026-01-30,600598.XSHG,0.032554492354393005
2026-02-06,600598.XSHG,0.022837713360786438
2026-02-13,600598.XSHG,0.15645240247249603
2026-03-02,600598.XSHG,-0.13004516065120697
2026-03-09,600598.XSHG,-0.16049645841121674
2026-03-16,600598.XSHG,-0.0967767983675003
2026-03-23,600598.XSHG,0.11182191967964172
2026-03-30,600598.XSHG,-0.08131362497806549
2026-04-07,600598.XSHG,0.13613595068454742
2026-04-14,600598.XSHG,0.411609947681427
2026-04-21,600598.XSHG,0.6384493708610535
2026-04-28,600598.XSHG,0.8493101596832275
2026-05-08,600598.XSHG,1.014029622077942
2026-05-15,600598.XSHG,1.06891667842865
2026-05-22,600598.XSHG,1.1116613149642944
2026-05-29,600598.XSHG,1.0683039426803589
2026-06-05,600598.XSHG,1.0566225051879883
2026-06-12,600598.XSHG,1.0391623973846436
2026-06-22,600598.XSHG,1.0268886089324951
2026-06-29,600598.XSHG,0.790485680103302
2026-07-06,600598.XSHG,0.6891797780990601
2026-07-13,600598.XSHG,0.6661558747291565
2026-07-20,600598.XSHG,0.6561703681945801
2026-07-27,600598.XSHG,0.6459122896194458
2026-01-09,600637.XSHG,-0.5096922516822815
2026-01-16,600637.XSHG,-0.8515221476554871
2026-01-23,600637.XSHG,-0.9604697823524475
2026-01-30,600637.XSHG,-0.8763160109519958
2026-02-06,600637.XSHG,-0.7338756918907166
2026-02-13,600637.XSHG,-0.5001882314682007
2026-03-02,600637.XSHG,-0.12334071099758148
2026-03-09,600637.XSHG,0.38198262453079224
2026-03-16,600637.XSHG,0.8592368960380554
2026-03-23,600637.XSHG,1.1425960063934326
2026-03-30,600637.XSHG,1.1839240789413452
2026-04-07,600637.XSHG,1.0750936269760132
2026-04-14,600637.XSHG,0.9406879544258118
2026-04-21,600637.XSHG,0.9453533291816711
2026-04-28,600637.XSHG,0.6916066408157349
2026-05-08,600637.XSHG,0.6674697399139404
2026-05-15,600637.XSHG,0.7326422929763794
2026-05-22,600637.XSHG,0.7810047268867493
2026-05-29,600637.XSHG,0.8229845762252808
2026-06-05,600637.XSHG,0.8443500399589539
2026-06-12,600637.XSHG,0.8849501013755798
2026-06-22,600637.XSHG,0.9037810564041138
2026-06-29,600637.XSHG,0.9524450302124023
2026-07-06,600637.XSHG,0.8247070908546448
2026-07-13,600637.XSHG,0.7944528460502625
2026-07-20,600637.XSHG,0.7772300839424133
2026-07-27,600637.XSHG,0.7457491755485535
2026-01-09,600642.XSHG,0.6343620419502258
2026-01-16,600642.XSHG,0.6567391157150269
2026-01-23,600642.XSHG,0.6757023334503174
2026-01-30,600642.XSHG,0.6619287729263306
2026-02-06,600642.XSHG,0.6998135447502136
2026-02-13,600642.XSHG,0.7103792428970337
2026-03-02,600642.XSHG,0.35392388701438904
2026-03-09,600642.XSHG,0.46866774559020996
2026-03-16,600642.XSHG,0.5808906555175781
2026-03-23,600642.XSHG,0.645272433757782
2026-03-30,600642.XSHG,0.6980075836181641
2026-04-07,600642.XSHG,0.7275220155715942
2026-04-14,600642.XSHG,0.4958650469779968
2026-04-21,600642.XSHG,0.4967740774154663
2026-04-28,600642.XSHG,0.3516169786453247
2026-05-08,600642.XSHG,0.37406235933303833
2026-05-15,600642.XSHG,0.19099417328834534
2026-05-22,600642.XSHG,0.21058522164821625
2026-05-29,600642.XSHG,-0.06026332080364227
2026-06-05,600642.XSHG,0.0163048654794693
2026-06-12,600642.XSHG,0.22391141951084137
2026-06-22,600642.XSHG,0.49165141582489014
2026-06-29,600642.XSHG,0.7847272753715515
2026-07-06,600642.XSHG,0.9152858853340149
2026-07-13,600642.XSHG,0.7745661735534668
2026-07-20,600642.XSHG,0.6931492686271667
2026-07-27,600642.XSHG,0.7234266996383667
2026-01-09,600655.XSHG,0.45338666439056396
2026-01-16,600655.XSHG,0.4702984094619751
2026-01-23,600655.XSHG,0.27552175521850586
2026-01-30,600655.XSHG,0.12704849243164062
2026-02-06,600655.XSHG,0.12819869816303253
2026-02-13,600655.XSHG,0.17517700791358948
2026-03-02,600655.XSHG,0.21821120381355286
2026-03-09,600655.XSHG,0.27157312631607056
2026-03-16,600655.XSHG,0.3195156455039978
2026-03-23,600655.XSHG,0.3709260821342468
2026-03-30,600655.XSHG,0.36779266595840454
2026-04-07,600655.XSHG,0.46302610635757446
2026-04-14,600655.XSHG,0.39826130867004395
2026-04-21,600655.XSHG,0.6846960783004761
2026-04-28,600655.XSHG,0.8458734154701233
2026-05-08,600655.XSHG,0.8505247235298157
2026-05-15,600655.XSHG,0.8445391654968262
2026-05-22,600655.XSHG,0.8099032044410706
2026-05-29,600655.XSHG,0.693134069442749
2026-06-05,600655.XSHG,0.7830697894096375
2026-06-12,600655.XSHG,0.784519374370575
2026-06-22,600655.XSHG,0.805515706539154
2026-06-29,600655.XSHG,0.7773528695106506
2026-07-06,600655.XSHG,0.7982667684555054
2026-07-13,600655.XSHG,0.8648476004600525
2026-07-20,600655.XSHG,0.8966774344444275
2026-07-27,600655.XSHG,0.8628807663917542
2026-01-09,600663.XSHG,0.5924137830734253
2026-01-16,600663.XSHG,0.6232174634933472
2026-01-23,600663.XSHG,0.6580708622932434
2026-01-30,600663.XSHG,0.5146105289459229
2026-02-06,600663.XSHG,0.35619449615478516
2026-02-13,600663.XSHG,0.31395503878593445
2026-03-02,600663.XSHG,0.4144797921180725
2026-03-09,600663.XSHG,0.5281099081039429
2026-03-16,600663.XSHG,0.5552241802215576
2026-03-23,600663.XSHG,0.5424561500549316
2026-03-30,600663.XSHG,0.3641085624694824
2026-04-07,600663.XSHG,0.37607747316360474
2026-04-14,600663.XSHG,0.19281598925590515
2026-04-21,600663.XSHG,0.36925530433654785
2026-04-28,600663.XSHG,0.4930086135864258
2026-05-08,600663.XSHG,0.4439966082572937
2026-05-15,600663.XSHG,0.28656119108200073
2026-05-22,600663.XSHG,0.1920945942401886
2026-05-29,600663.XSHG,0.11650984734296799
2026-06-05,600663.XSHG,0.33934128284454346
2026-06-12,600663.XSHG,0.19387146830558777
2026-06-22,600663.XSHG,0.3764449954032898
2026-06-29,600663.XSHG,0.3747573494911194
2026-07-06,600663.XSHG,0.4533654451370239
2026-07-13,600663.XSHG,0.39265841245651245
2026-07-20,600663.XSHG,0.439727783203125
2026-07-27,600663.XSHG,0.2949724793434143
2026-01-09,600673.XSHG,1.0036609172821045
2026-01-16,600673.XSHG,1.0719218254089355
2026-01-23,600673.XSHG,1.017242193222046
2026-01-30,600673.XSHG,0.898277223110199
2026-02-06,600673.XSHG,0.862490177154541
2026-02-13,600673.XSHG,0.41723817586898804
2026-03-23,600673.XSHG,0.4411886930465698
2026-03-30,600673.XSHG,0.35045772790908813
2026-04-07,600673.XSHG,0.28125181794166565
2026-04-14,600673.XSHG,-0.18102853000164032
2026-04-21,600673.XSHG,-0.23837910592556
2026-04-28,600673.XSHG,-0.1730429083108902
2026-05-08,600673.XSHG,-0.24913515150547028
2026-01-09,600699.XSHG,0.05644841492176056
2026-01-16,600699.XSHG,-0.06994782388210297
2026-01-23,600699.XSHG,0.08926410973072052
2026-01-30,600699.XSHG,0.35040825605392456
2026-02-06,600699.XSHG,0.565122663974762
2026-02-13,600699.XSHG,0.666391134262085
2026-03-02,600699.XSHG,0.7125871777534485
2026-03-09,600699.XSHG,0.7577726244926453
2026-03-16,600699.XSHG,0.7877590656280518
2026-03-23,600699.XSHG,0.8231019377708435
2026-03-30,600699.XSHG,0.6899689435958862
2026-04-07,600699.XSHG,0.5785447359085083
2026-04-14,600699.XSHG,0.578102707862854
2026-04-21,600699.XSHG,0.12301073968410492
2026-04-28,600699.XSHG,0.32524004578590393
2026-05-08,600699.XSHG,0.4208797812461853
2026-05-15,600699.XSHG,0.28148749470710754
2026-05-22,600699.XSHG,0.37446731328964233
2026-05-29,600699.XSHG,0.38629060983657837
2026-06-05,600699.XSHG,0.4739559292793274
2026-06-12,600699.XSHG,0.6201164126396179
2026-06-22,600699.XSHG,0.7323392033576965
2026-06-29,600699.XSHG,0.7905997037887573
2026-07-06,600699.XSHG,0.828474760055542
2026-07-13,600699.XSHG,0.7982318997383118
2026-07-20,600699.XSHG,0.763088583946228
2026-07-27,600699.XSHG,0.6303475499153137
2026-01-09,600704.XSHG,0.7145928144454956
2026-01-16,600704.XSHG,0.7558205127716064
2026-01-23,600704.XSHG,0.7815021276473999
2026-01-30,600704.XSHG,0.7984804511070251
2026-02-06,600704.XSHG,0.7689294815063477
2026-02-13,600704.XSHG,0.7344253063201904
2026-03-02,600704.XSHG,0.7452783584594727
2026-03-09,600704.XSHG,0.7531850337982178
2026-03-16,600704.XSHG,0.7280051708221436
2026-03-23,600704.XSHG,0.5968965888023376
2026-03-30,600704.XSHG,0.5742683410644531
2026-04-07,600704.XSHG,0.6194255948066711
2026-04-14,600704.XSHG,0.6801857948303223
2026-04-21,600704.XSHG,0.6623815298080444
2026-04-28,600704.XSHG,0.5322350859642029
2026-05-08,600704.XSHG,0.5710426568984985
2026-05-15,600704.XSHG,0.6173043251037598
2026-05-22,600704.XSHG,0.6722730398178101
2026-05-29,600704.XSHG,0.763469398021698
2026-06-05,600704.XSHG,0.7915443778038025
2026-06-12,600704.XSHG,0.8201270699501038
2026-06-22,600704.XSHG,0.8878158926963806
2026-06-29,600704.XSHG,0.9187867641448975
2026-07-06,600704.XSHG,0.7342336773872375
2026-07-13,600704.XSHG,0.8321429491043091
2026-07-20,600704.XSHG,0.8746182918548584
2026-07-27,600704.XSHG,0.8578324317932129
2026-01-09,600707.XSHG,0.47788316011428833
2026-01-16,600707.XSHG,0.5202131271362305
2026-01-23,600707.XSHG,0.2980591058731079
2026-01-30,600707.XSHG,0.3379729986190796
2026-02-06,600707.XSHG,0.41861188411712646
2026-02-13,600707.XSHG,0.5349912047386169
2026-03-02,600707.XSHG,0.5934697985649109
2026-03-09,600707.XSHG,0.65849769115448
2026-03-16,600707.XSHG,0.7350185513496399
2026-03-23,600707.XSHG,0.7400699257850647
2026-03-30,600707.XSHG,0.7234163284301758
2026-04-07,600707.XSHG,0.6888284087181091
2026-04-14,600707.XSHG,0.5589550137519836
2026-04-21,600707.XSHG,0.3443876802921295
2026-04-28,600707.XSHG,0.5514649748802185
2026-05-08,600707.XSHG,0.5325257182121277
2026-05-15,600707.XSHG,0.4695119857788086
2026-05-22,600707.XSHG,0.4352310597896576
2026-05-29,600707.XSHG,0.4412654638290405
2026-06-05,600707.XSHG,-0.024659693241119385
2026-06-12,600707.XSHG,-0.14083580672740936
2026-06-22,600707.XSHG,-0.48117274045944214
2026-06-29,600707.XSHG,-0.8505855202674866
2026-07-06,600707.XSHG,-0.9403284192085266
2026-07-13,600707.XSHG,-0.9559457898139954
2026-07-20,600707.XSHG,-0.9067289233207703
2026-07-27,600707.XSHG,-1.0888553857803345
2026-01-09,600737.XSHG,0.40067458152770996
2026-01-16,600737.XSHG,0.7863439917564392
2026-01-23,600737.XSHG,0.9629738926887512
2026-01-30,600737.XSHG,0.8727611899375916
2026-02-06,600737.XSHG,0.9228783249855042
2026-02-13,600737.XSHG,0.8877675533294678
2026-03-02,600737.XSHG,0.9114373326301575
2026-03-09,600737.XSHG,0.8606474995613098
2026-03-16,600737.XSHG,0.8842542767524719
2026-03-23,600737.XSHG,0.8618881106376648
2026-03-30,600737.XSHG,0.8428250551223755
2026-04-07,600737.XSHG,0.828744649887085
2026-04-14,600737.XSHG,0.789370596408844
2026-04-21,600737.XSHG,0.7630165219306946
2026-04-28,600737.XSHG,0.7847952246665955
2026-05-08,600737.XSHG,0.7650501132011414
2026-05-15,600737.XSHG,0.7975333333015442
2026-05-22,600737.XSHG,0.8061610460281372
2026-05-29,600737.XSHG,0.7597922682762146
2026-06-05,600737.XSHG,0.7927090525627136
2026-06-12,600737.XSHG,0.7058297395706177
2026-06-22,600737.XSHG,0.4884895086288452
2026-06-29,600737.XSHG,0.11557596921920776
2026-07-06,600737.XSHG,0.32890844345092773
2026-07-13,600737.XSHG,0.4334779381752014
2026-07-20,600737.XSHG,0.37734800577163696
2026-07-27,600737.XSHG,0.5269808173179626
2026-01-09,600739.XSHG,0.7015993595123291
2026-01-16,600739.XSHG,0.8124858736991882
2026-01-23,600739.XSHG,0.8548027873039246
2026-01-30,600739.XSHG,0.9012210369110107
2026-02-06,600739.XSHG,1.0238215923309326
2026-02-13,600739.XSHG,0.9270666241645813
2026-03-02,600739.XSHG,0.8589322566986084
2026-03-09,600739.XSHG,0.9180077910423279
2026-03-16,600739.XSHG,0.9301369786262512
2026-03-23,600739.XSHG,0.7600628137588501
2026-03-30,600739.XSHG,0.5930755138397217
2026-04-07,600739.XSHG,0.5498560070991516
2026-04-14,600739.XSHG,0.40521204471588135
2026-04-21,600739.XSHG,0.39504581689834595
2026-04-28,600739.XSHG,0.06440024077892303
2026-05-08,600739.XSHG,0.46758532524108887
2026-01-09,600754.XSHG,0.16235002875328064
2026-01-16,600754.XSHG,0.31067419052124023
2026-01-23,600754.XSHG,0.44208526611328125
2026-01-30,600754.XSHG,0.20293810963630676
2026-02-06,600754.XSHG,0.15247294306755066
2026-02-13,600754.XSHG,0.13262957334518433
2026-03-02,600754.XSHG,0.20667771995067596
2026-03-09,600754.XSHG,0.33539265394210815
2026-03-16,600754.XSHG,0.40053677558898926
2026-03-23,600754.XSHG,0.3739162087440491
2026-03-30,600754.XSHG,0.3784279227256775
2026-04-07,600754.XSHG,0.32321465015411377
2026-04-14,600754.XSHG,0.335787296295166
2026-04-21,600754.XSHG,0.43086326122283936
2026-04-28,600754.XSHG,0.6146906018257141
2026-05-08,600754.XSHG,0.8589043617248535
2026-05-15,600754.XSHG,0.9530878663063049
2026-05-22,600754.XSHG,0.8701892495155334
2026-05-29,600754.XSHG,0.6945680379867554
2026-06-05,600754.XSHG,0.8948913216590881
2026-06-12,600754.XSHG,0.8974250555038452
2026-06-22,600754.XSHG,0.8092098832130432
2026-06-29,600754.XSHG,0.8305333256721497
2026-07-06,600754.XSHG,0.7653021812438965
2026-07-13,600754.XSHG,0.7246219515800476
2026-07-20,600754.XSHG,0.6360194683074951
2026-07-27,600754.XSHG,0.4442252516746521
2026-01-09,600763.XSHG,0.5891913771629333
2026-01-16,600763.XSHG,0.4921024441719055
2026-01-23,600763.XSHG,0.5133620500564575
2026-01-30,600763.XSHG,0.5602936744689941
2026-02-06,600763.XSHG,0.44760453701019287
2026-02-13,600763.XSHG,0.33865976333618164
2026-03-02,600763.XSHG,0.1761983036994934
2026-03-09,600763.XSHG,0.15682347118854523
2026-03-16,600763.XSHG,0.21782734990119934
2026-03-23,600763.XSHG,0.3669864237308502
2026-03-30,600763.XSHG,0.4984019994735718
2026-04-07,600763.XSHG,0.5964266657829285
2026-04-14,600763.XSHG,0.614629864692688
2026-04-21,600763.XSHG,0.6724103093147278
2026-04-28,600763.XSHG,0.7002018690109253
2026-05-08,600763.XSHG,0.7462792992591858
2026-05-15,600763.XSHG,0.6605297923088074
2026-05-22,600763.XSHG,0.6065710186958313
2026-05-29,600763.XSHG,0.5130417346954346
2026-06-05,600763.XSHG,0.5754238367080688
2026-06-12,600763.XSHG,0.6050254702568054
2026-06-22,600763.XSHG,0.5401423573493958
2026-06-29,600763.XSHG,0.3967682719230652
2026-07-06,600763.XSHG,0.46637266874313354
2026-07-13,600763.XSHG,0.5386366248130798
2026-07-20,600763.XSHG,0.5584135055541992
2026-07-27,600763.XSHG,0.6223814487457275
2026-01-09,600764.XSHG,0.3146067261695862
2026-01-16,600764.XSHG,0.3967720866203308
2026-01-23,600764.XSHG,0.47728830575942993
2026-01-30,600764.XSHG,0.5236333012580872
2026-02-06,600764.XSHG,0.5984315872192383
2026-02-13,600764.XSHG,0.3729104995727539
2026-03-02,600764.XSHG,0.3976556658744812
2026-03-09,600764.XSHG,0.5105025172233582
2026-03-16,600764.XSHG,0.4357772767543793
2026-03-23,600764.XSHG,0.4606463313102722
2026-03-30,600764.XSHG,0.5309378504753113
2026-04-07,600764.XSHG,0.606537938117981
2026-04-14,600764.XSHG,0.6668323278427124
2026-04-21,600764.XSHG,0.6919339299201965
2026-04-28,600764.XSHG,0.7038003206253052
2026-05-08,600764.XSHG,0.7183091044425964
2026-05-15,600764.XSHG,0.7765277028083801
2026-05-22,600764.XSHG,0.727304995059967
2026-05-29,600764.XSHG,0.6995968222618103
2026-06-05,600764.XSHG,0.6938818097114563
2026-06-12,600764.XSHG,0.671351969242096
2026-06-22,600764.XSHG,0.7572250962257385
2026-06-29,600764.XSHG,0.752630889415741
2026-07-06,600764.XSHG,0.7794871926307678
2026-07-13,600764.XSHG,0.7623111009597778
2026-07-20,600764.XSHG,0.7792929410934448
2026-07-27,600764.XSHG,0.7334731817245483
2026-01-09,600765.XSHG,0.06871388852596283
2026-01-16,600765.XSHG,0.17334754765033722
2026-01-23,600765.XSHG,0.26007190346717834
2026-01-30,600765.XSHG,0.3601417541503906
2026-02-06,600765.XSHG,0.4538453221321106
2026-02-13,600765.XSHG,0.134754478931427
2026-03-02,600765.XSHG,-0.1238236278295517
2026-03-09,600765.XSHG,-0.1638212352991104
2026-03-16,600765.XSHG,-0.048065438866615295
2026-03-23,600765.XSHG,0.2817264795303345
2026-03-30,600765.XSHG,0.39380842447280884
2026-04-07,600765.XSHG,0.4356074333190918
2026-04-14,600765.XSHG,0.23426859080791473
2026-04-21,600765.XSHG,0.34675389528274536
2026-04-28,600765.XSHG,0.47407782077789307
2026-05-08,600765.XSHG,0.17781797051429749
2026-05-15,600765.XSHG,0.3445640504360199
2026-05-22,600765.XSHG,0.4852559566497803
2026-05-29,600765.XSHG,0.5731136798858643
2026-06-05,600765.XSHG,0.6020083427429199
2026-06-12,600765.XSHG,0.44332993030548096
2026-06-22,600765.XSHG,0.5342405438423157
2026-06-29,600765.XSHG,0.5904116034507751
2026-07-06,600765.XSHG,0.577498197555542
2026-07-13,600765.XSHG,0.607483446598053
2026-07-20,600765.XSHG,0.7064002752304077
2026-07-27,600765.XSHG,0.7381033897399902
2026-01-09,600801.XSHG,1.0351225137710571
2026-01-16,600801.XSHG,1.3047313690185547
2026-01-23,600801.XSHG,1.3729406595230103
2026-01-30,600801.XSHG,1.3314553499221802
2026-02-06,600801.XSHG,1.2761644124984741
2026-02-13,600801.XSHG,1.180989146232605
2026-03-02,600801.XSHG,1.0768095254898071
2026-03-09,600801.XSHG,0.9808061718940735
2026-03-16,600801.XSHG,0.7771885991096497
2026-03-23,600801.XSHG,0.6153871417045593
2026-03-30,600801.XSHG,0.4671570658683777
2026-04-07,600801.XSHG,0.5095820426940918
2026-04-14,600801.XSHG,0.4619154930114746
2026-04-21,600801.XSHG,0.4629068374633789
2026-04-28,600801.XSHG,0.5613478422164917
2026-05-08,600801.XSHG,0.5669271349906921
2026-05-15,600801.XSHG,0.6602370738983154
2026-05-22,600801.XSHG,0.7645627856254578
2026-05-29,600801.XSHG,0.769534170627594
2026-06-05,600801.XSHG,0.588789701461792
2026-06-12,600801.XSHG,0.7178211808204651
2026-06-22,600801.XSHG,0.7993345260620117
2026-06-29,600801.XSHG,0.7896440625190735
2026-07-06,600801.XSHG,0.45483553409576416
2026-07-13,600801.XSHG,0.35153234004974365
2026-07-20,600801.XSHG,0.5645332336425781
2026-07-27,600801.XSHG,0.5488189458847046
2026-01-09,600808.XSHG,0.6011250615119934
2026-01-16,600808.XSHG,0.7167696356773376
2026-01-23,600808.XSHG,0.7759503722190857
2026-01-30,600808.XSHG,0.8460237383842468
2026-02-06,600808.XSHG,0.9142771363258362
2026-02-13,600808.XSHG,0.9256831407546997
2026-03-02,600808.XSHG,0.787281334400177
2026-03-09,600808.XSHG,0.8611982464790344
2026-03-16,600808.XSHG,0.789004385471344
2026-03-23,600808.XSHG,0.7385525107383728
2026-03-30,600808.XSHG,0.7444555163383484
2026-04-07,600808.XSHG,0.8552919030189514
2026-04-14,600808.XSHG,0.8115077614784241
2026-04-21,600808.XSHG,0.7758958339691162
2026-04-28,600808.XSHG,0.766836404800415
2026-05-08,600808.XSHG,0.747250497341156
2026-05-15,600808.XSHG,0.704527735710144
2026-05-22,600808.XSHG,0.6462935209274292
2026-05-29,600808.XSHG,0.678960382938385
2026-06-05,600808.XSHG,0.7058420777320862
2026-06-12,600808.XSHG,0.7461956143379211
2026-06-22,600808.XSHG,0.7060257792472839
2026-06-29,600808.XSHG,0.7067078351974487
2026-07-06,600808.XSHG,0.6802854537963867
2026-07-13,600808.XSHG,0.6792730689048767
2026-07-20,600808.XSHG,0.7658800482749939
2026-07-27,600808.XSHG,0.8733088374137878
2026-02-06,600816.XSHG,0.794111967086792
2026-02-13,600816.XSHG,0.7416375875473022
2026-03-02,600816.XSHG,0.752724826335907
2026-03-09,600816.XSHG,0.7215842604637146
2026-03-16,600816.XSHG,0.6829374432563782
2026-03-23,600816.XSHG,0.6572520136833191
2026-03-30,600816.XSHG,0.6349336504936218
2026-04-07,600816.XSHG,0.6550669074058533
2026-04-14,600816.XSHG,0.6549327969551086
2026-04-21,600816.XSHG,0.6158344745635986
2026-04-28,600816.XSHG,0.6823460459709167
2026-05-08,600816.XSHG,0.5657374858856201
2026-05-15,600816.XSHG,0.6463612914085388
2026-05-22,600816.XSHG,0.6402925252914429
2026-05-29,600816.XSHG,0.5988739728927612
2026-06-05,600816.XSHG,0.6339515447616577
2026-06-12,600816.XSHG,0.6856597661972046
2026-06-22,600816.XSHG,0.7207309603691101
2026-06-29,600816.XSHG,0.7364343404769897
2026-07-06,600816.XSHG,0.7442558407783508
2026-07-13,600816.XSHG,0.7481377720832825
2026-07-20,600816.XSHG,0.6913043856620789
2026-07-27,600816.XSHG,0.6656150817871094
2026-01-09,600820.XSHG,0.7827238440513611
2026-01-16,600820.XSHG,0.7818109393119812
2026-01-23,600820.XSHG,0.8151898384094238
2026-01-30,600820.XSHG,0.6112767457962036
2026-02-06,600820.XSHG,0.6537197232246399
2026-02-13,600820.XSHG,0.6554996371269226
2026-03-02,600820.XSHG,0.7183024287223816
2026-03-09,600820.XSHG,0.7373543381690979
2026-03-16,600820.XSHG,0.7725363969802856
2026-03-23,600820.XSHG,0.7084466218948364
2026-03-30,600820.XSHG,0.5410190224647522
2026-04-07,600820.XSHG,0.5462673306465149
2026-04-14,600820.XSHG,0.5763018131256104
2026-04-21,600820.XSHG,0.6159605979919434
2026-04-28,600820.XSHG,0.6107657551765442
2026-05-08,600820.XSHG,0.6089173555374146
2026-05-15,600820.XSHG,0.6335671544075012
2026-05-22,600820.XSHG,0.627601146697998
2026-05-29,600820.XSHG,0.5729455947875977
2026-06-05,600820.XSHG,0.5892381072044373
2026-06-12,600820.XSHG,0.5953484177589417
2026-06-22,600820.XSHG,0.6410878300666809
2026-06-29,600820.XSHG,0.6919310092926025
2026-07-06,600820.XSHG,0.6999958157539368
2026-07-13,600820.XSHG,0.7067164182662964
2026-07-20,600820.XSHG,0.7978577613830566
2026-07-27,600820.XSHG,0.7847087979316711
2026-01-09,600848.XSHG,0.4378353953361511
2026-01-16,600848.XSHG,0.42585134506225586
2026-01-23,600848.XSHG,0.40198880434036255
2026-01-30,600848.XSHG,0.4898431897163391
2026-02-06,600848.XSHG,0.6405272483825684
2026-02-13,600848.XSHG,0.7811446785926819
2026-03-02,600848.XSHG,0.9097484350204468
2026-03-09,600848.XSHG,0.9326804876327515
2026-03-16,600848.XSHG,0.9369778633117676
2026-03-23,600848.XSHG,0.9024298787117004
2026-03-30,600848.XSHG,0.8925723433494568
2026-04-07,600848.XSHG,0.7121142745018005
2026-04-14,600848.XSHG,0.48758095502853394
2026-04-21,600848.XSHG,0.46770352125167847
2026-04-28,600848.XSHG,0.5597800612449646
2026-05-08,600848.XSHG,0.6231676936149597
2026-05-15,600848.XSHG,0.6858831644058228
2026-05-22,600848.XSHG,0.792896032333374
2026-05-29,600848.XSHG,0.8500054478645325
2026-06-05,600848.XSHG,0.9681463837623596
2026-06-12,600848.XSHG,1.0082114934921265
2026-06-22,600848.XSHG,0.9286022782325745
2026-06-29,600848.XSHG,0.8719140291213989
2026-07-06,600848.XSHG,0.6047161817550659
2026-07-13,600848.XSHG,0.6319127678871155
2026-07-20,600848.XSHG,0.6794557571411133
2026-07-27,600848.XSHG,0.6872333884239197
2026-01-09,600862.XSHG,0.07483558356761932
2026-01-16,600862.XSHG,0.281857430934906
2026-01-23,600862.XSHG,0.37623658776283264
2026-01-30,600862.XSHG,0.42628341913223267
2026-02-06,600862.XSHG,0.4851754307746887
2026-02-13,600862.XSHG,-0.07898406684398651
2026-03-02,600862.XSHG,-0.09885232150554657
2026-03-09,600862.XSHG,-0.03624969720840454
2026-03-16,600862.XSHG,0.07751346379518509
2026-03-23,600862.XSHG,0.23991622030735016
2026-03-30,600862.XSHG,0.3635961413383484
2026-04-07,600862.XSHG,0.5724508166313171
2026-04-14,600862.XSHG,0.7390936613082886
2026-04-21,600862.XSHG,0.7874215245246887
2026-04-28,600862.XSHG,0.7045525312423706
2026-05-08,600862.XSHG,0.42313289642333984
2026-05-15,600862.XSHG,0.5879925489425659
2026-05-22,600862.XSHG,0.500243604183197
2026-05-29,600862.XSHG,0.5878913402557373
2026-06-05,600862.XSHG,0.5417426824569702
2026-06-12,600862.XSHG,0.3567567467689514
2026-06-22,600862.XSHG,0.5894498229026794
2026-06-29,600862.XSHG,0.6116957664489746
2026-07-06,600862.XSHG,0.5855794548988342
2026-07-13,600862.XSHG,0.5119057297706604
2026-07-20,600862.XSHG,0.680992066860199
2026-07-27,600862.XSHG,0.7136498093605042
2026-01-09,600863.XSHG,0.8913264870643616
2026-01-16,600863.XSHG,1.1453832387924194
2026-01-23,600863.XSHG,1.2445791959762573
2026-01-30,600863.XSHG,1.1329014301300049
2026-02-06,600863.XSHG,0.6517534852027893
2026-02-13,600863.XSHG,0.524273693561554
2026-03-02,600863.XSHG,0.34225577116012573
2026-03-09,600863.XSHG,0.24459807574748993
2026-03-16,600863.XSHG,0.3573160767555237
2026-03-23,600863.XSHG,0.528486967086792
2026-03-30,600863.XSHG,0.6728322505950928
2026-04-07,600863.XSHG,0.8532152771949768
2026-04-14,600863.XSHG,0.618238091468811
2026-04-21,600863.XSHG,0.395099014043808
2026-04-28,600863.XSHG,0.326717734336853
2026-05-08,600863.XSHG,0.27144473791122437
2026-05-15,600863.XSHG,0.21966934204101562
2026-05-22,600863.XSHG,-0.046229153871536255
2026-05-29,600863.XSHG,-0.18767334520816803
2026-06-05,600863.XSHG,-0.3512185215950012
2026-06-12,600863.XSHG,-0.45774394273757935
2026-06-22,600863.XSHG,-0.49991410970687866
2026-06-29,600863.XSHG,-0.5245229005813599
2026-07-06,600863.XSHG,-0.40501660108566284
2026-07-13,600863.XSHG,-0.34029704332351685
2026-07-20,600863.XSHG,-0.41937726736068726
2026-07-27,600863.XSHG,-0.1392362266778946
2026-01-09,600871.XSHG,1.0158905982971191
2026-01-16,600871.XSHG,0.9964662194252014
2026-01-23,600871.XSHG,0.8431036472320557
2026-01-30,600871.XSHG,0.36380672454833984
2026-02-06,600871.XSHG,0.17501191794872284
2026-02-13,600871.XSHG,0.22261299192905426
2026-03-02,600871.XSHG,0.16400182247161865
2026-03-09,600871.XSHG,0.04531185328960419
2026-03-16,600871.XSHG,0.22780431807041168
2026-03-23,600871.XSHG,0.41764235496520996
2026-03-30,600871.XSHG,0.5978389978408813
2026-04-07,600871.XSHG,0.7153017520904541
2026-04-14,600871.XSHG,0.7598389387130737
2026-04-21,600871.XSHG,0.8281301259994507
2026-04-28,600871.XSHG,0.856987714767456
2026-05-08,600871.XSHG,0.7744585871696472
2026-05-15,600871.XSHG,0.7587164044380188
2026-05-22,600871.XSHG,0.7565895318984985
2026-05-29,600871.XSHG,0.7644755244255066
2026-06-05,600871.XSHG,0.7551352977752686
2026-06-12,600871.XSHG,0.7701123952865601
2026-06-22,600871.XSHG,0.7914578318595886
2026-06-29,600871.XSHG,0.7988634705543518
2026-07-06,600871.XSHG,0.8324231505393982
2026-07-13,600871.XSHG,0.8386291861534119
2026-07-20,600871.XSHG,0.7584898471832275
2026-07-27,600871.XSHG,0.652271568775177
2026-01-09,600873.XSHG,0.33933717012405396
2026-01-16,600873.XSHG,0.33824682235717773
2026-01-23,600873.XSHG,0.5217571258544922
2026-01-30,600873.XSHG,0.5870236158370972
2026-02-06,600873.XSHG,0.5646218657493591
2026-02-13,600873.XSHG,0.9403879642486572
2026-03-02,600873.XSHG,0.9715467095375061
2026-03-09,600873.XSHG,0.7554119229316711
2026-03-16,600873.XSHG,0.5713328719139099
2026-03-23,600873.XSHG,0.5815919041633606
2026-03-30,600873.XSHG,0.453655481338501
2026-04-07,600873.XSHG,0.288692831993103
2026-04-14,600873.XSHG,0.1650780290365219
2026-04-21,600873.XSHG,-0.19495533406734467
2026-04-28,600873.XSHG,-0.3561585545539856
2026-05-08,600873.XSHG,-0.36369842290878296
2026-05-15,600873.XSHG,-0.26333022117614746
2026-05-22,600873.XSHG,-0.23067723214626312
2026-05-29,600873.XSHG,-0.170726016163826
2026-06-05,600873.XSHG,-0.04436735808849335
2026-06-12,600873.XSHG,0.1371350735425949
2026-06-22,600873.XSHG,0.46238815784454346
2026-06-29,600873.XSHG,0.6649216413497925
2026-07-06,600873.XSHG,0.6345587968826294
2026-07-13,600873.XSHG,0.4693806767463684
2026-07-20,600873.XSHG,0.5475128889083862
2026-07-27,600873.XSHG,0.6377630829811096
2026-01-09,600879.XSHG,-0.17936502397060394
2026-01-16,600879.XSHG,-0.231272354722023
2026-01-23,600879.XSHG,-0.3058091998100281
2026-01-30,600879.XSHG,-0.3484734296798706
2026-02-06,600879.XSHG,-0.381777286529541
2026-02-13,600879.XSHG,-0.43818289041519165
2026-03-02,600879.XSHG,-0.5106144547462463
2026-03-09,600879.XSHG,-0.3980327248573303
2026-03-16,600879.XSHG,-0.1271839588880539
2026-03-23,600879.XSHG,0.27070966362953186
2026-03-30,600879.XSHG,0.6020516753196716
2026-04-07,600879.XSHG,0.8753747344017029
2026-04-14,600879.XSHG,1.000324010848999
2026-04-21,600879.XSHG,1.0830117464065552
2026-04-28,600879.XSHG,1.0833085775375366
2026-05-08,600879.XSHG,0.8531875014305115
2026-05-15,600879.XSHG,0.8154184222221375
2026-05-22,600879.XSHG,0.7578787803649902
2026-05-29,600879.XSHG,0.7071375250816345
2026-06-05,600879.XSHG,0.3085680603981018
2026-06-12,600879.XSHG,0.25285130739212036
2026-06-22,600879.XSHG,0.2284545749425888
2026-06-29,600879.XSHG,0.29015839099884033
2026-07-06,600879.XSHG,0.33297663927078247
2026-07-13,600879.XSHG,0.3671858012676239
2026-07-20,600879.XSHG,0.3598751425743103
2026-07-27,600879.XSHG,0.47445058822631836
2026-01-09,600884.XSHG,0.7757769227027893
2026-01-16,600884.XSHG,0.5121810436248779
2026-01-23,600884.XSHG,0.5147415995597839
2026-01-30,600884.XSHG,0.6351303458213806
2026-02-06,600884.XSHG,0.18412411212921143
2026-02-13,600884.XSHG,0.2789902091026306
2026-03-02,600884.XSHG,0.4374213218688965
2026-03-09,600884.XSHG,0.5131825804710388
2026-03-16,600884.XSHG,0.5132637023925781
2026-03-23,600884.XSHG,0.5392377376556396
2026-03-30,600884.XSHG,0.5710117220878601
2026-04-07,600884.XSHG,0.642552375793457
2026-04-14,600884.XSHG,0.45504385232925415
2026-04-21,600884.XSHG,0.2917800545692444
2026-04-28,600884.XSHG,0.3290847837924957
2026-05-08,600884.XSHG,0.207956001162529
2026-05-15,600884.XSHG,0.394503116607666
2026-05-22,600884.XSHG,0.452343225479126
2026-05-29,600884.XSHG,0.5533527731895447
2026-06-05,600884.XSHG,0.6012144684791565
2026-06-12,600884.XSHG,0.6659456491470337
2026-06-22,600884.XSHG,0.7113590240478516
2026-06-29,600884.XSHG,0.8179588913917542
2026-07-06,600884.XSHG,0.8420907855033875
2026-07-13,600884.XSHG,0.7116671204566956
2026-07-20,600884.XSHG,0.562918484210968
2026-07-27,600884.XSHG,0.5997214317321777
2026-01-09,600885.XSHG,0.033527955412864685
2026-01-16,600885.XSHG,0.23254399001598358
2026-01-23,600885.XSHG,0.36838746070861816
2026-01-30,600885.XSHG,0.3545541763305664
2026-02-06,600885.XSHG,0.4434356689453125
2026-02-13,600885.XSHG,0.5176872611045837
2026-03-02,600885.XSHG,0.4983423352241516
2026-03-09,600885.XSHG,0.40850740671157837
2026-03-16,600885.XSHG,0.4539642930030823
2026-03-23,600885.XSHG,0.48949772119522095
2026-03-30,600885.XSHG,0.5782632231712341
2026-04-07,600885.XSHG,0.44010627269744873
2026-04-14,600885.XSHG,0.38573992252349854
2026-04-21,600885.XSHG,0.4931488633155823
2026-04-28,600885.XSHG,0.598155677318573
2026-05-08,600885.XSHG,0.6451900601387024
2026-05-15,600885.XSHG,0.6526528000831604
2026-05-22,600885.XSHG,0.5520391464233398
2026-05-29,600885.XSHG,0.4575273394584656
2026-06-05,600885.XSHG,0.41202056407928467
2026-06-12,600885.XSHG,0.384130597114563
2026-06-22,600885.XSHG,0.31826844811439514
2026-06-29,600885.XSHG,0.07696057856082916
2026-07-06,600885.XSHG,-0.19814912974834442
2026-07-13,600885.XSHG,-0.223500594496727
2026-07-20,600885.XSHG,0.05365018546581268
2026-07-27,600885.XSHG,0.3782899081707001
2026-01-09,600901.XSHG,0.6008994579315186
2026-01-16,600901.XSHG,0.6607251763343811
2026-01-23,600901.XSHG,0.6683566570281982
2026-01-30,600901.XSHG,0.6028236150741577
2026-02-06,600901.XSHG,0.6547983288764954
2026-02-13,600901.XSHG,0.659760594367981
2026-03-02,600901.XSHG,0.6303849816322327
2026-03-09,600901.XSHG,0.6113390326499939
2026-03-16,600901.XSHG,0.47058165073394775
2026-03-23,600901.XSHG,0.35919857025146484
2026-03-30,600901.XSHG,0.23209631443023682
2026-04-07,600901.XSHG,0.16585898399353027
2026-04-14,600901.XSHG,0.053947627544403076
2026-04-21,600901.XSHG,-0.13855235278606415
2026-04-28,600901.XSHG,-0.16537566483020782
2026-05-08,600901.XSHG,0.035570695996284485
2026-05-15,600901.XSHG,0.35420435667037964
2026-05-22,600901.XSHG,0.609881579875946
2026-05-29,600901.XSHG,1.058952808380127
2026-06-05,600901.XSHG,1.2596913576126099
2026-06-12,600901.XSHG,1.342589020729065
2026-06-22,600901.XSHG,1.1889641284942627
2026-06-29,600901.XSHG,1.0901587009429932
2026-07-06,600901.XSHG,1.0022079944610596
2026-07-13,600901.XSHG,0.7152196764945984
2026-07-20,600901.XSHG,0.5210615992546082
2026-07-27,600901.XSHG,0.4954184889793396
2026-01-09,600906.XSHG,0.6101123690605164
2026-01-16,600906.XSHG,0.6416096687316895
2026-01-23,600906.XSHG,0.6650450229644775
2026-01-30,600906.XSHG,0.693489134311676
2026-02-06,600906.XSHG,0.7240996956825256
2026-02-13,600906.XSHG,0.6826680302619934
2026-03-02,600906.XSHG,0.6837438344955444
2026-03-09,600906.XSHG,0.7144004702568054
2026-03-16,600906.XSHG,0.6926948428153992
2026-03-23,600906.XSHG,0.5636093616485596
2026-03-30,600906.XSHG,0.5193954706192017
2026-04-07,600906.XSHG,0.5560475587844849
2026-04-14,600906.XSHG,0.6316937208175659
2026-04-21,600906.XSHG,0.6277899742126465
2026-04-28,600906.XSHG,0.5119656920433044
2026-05-08,600906.XSHG,0.5037317276000977
2026-05-15,600906.XSHG,0.5048910975456238
2026-05-22,600906.XSHG,0.42687350511550903
2026-05-29,600906.XSHG,0.21847021579742432
2026-06-05,600906.XSHG,0.0464237779378891
2026-06-12,600906.XSHG,-0.05442652106285095
2026-06-22,600906.XSHG,-0.1958506554365158
2026-06-29,600906.XSHG,-0.09452448785305023
2026-07-06,600906.XSHG,0.03942002356052399
2026-07-13,600906.XSHG,0.16737137734889984
2026-07-20,600906.XSHG,0.24360370635986328
2026-07-27,600906.XSHG,0.3889915943145752
2026-01-09,600909.XSHG,0.3203440010547638
2026-01-16,600909.XSHG,0.4514124393463135
2026-01-23,600909.XSHG,0.5257155299186707
2026-01-30,600909.XSHG,0.5007259249687195
2026-02-06,600909.XSHG,0.5127456188201904
2026-02-13,600909.XSHG,0.5829380750656128
2026-03-02,600909.XSHG,0.6550382375717163
2026-03-09,600909.XSHG,0.6766704320907593
2026-03-16,600909.XSHG,0.6730283498764038
2026-03-23,600909.XSHG,0.6727793216705322
2026-03-30,600909.XSHG,0.6502399444580078
2026-04-07,600909.XSHG,0.6226078867912292
2026-04-14,600909.XSHG,0.6461656093597412
2026-04-21,600909.XSHG,0.6244334578514099
2026-04-28,600909.XSHG,0.588994026184082
2026-05-08,600909.XSHG,0.6357775330543518
2026-05-15,600909.XSHG,0.6715495586395264
2026-05-22,600909.XSHG,0.3510928750038147
2026-05-29,600909.XSHG,0.49186038970947266
2026-06-05,600909.XSHG,0.6468620300292969
2026-06-12,600909.XSHG,0.7417656779289246
2026-06-22,600909.XSHG,0.5544678568840027
2026-06-29,600909.XSHG,0.4388207793235779
2026-07-06,600909.XSHG,0.39841246604919434
2026-07-13,600909.XSHG,0.416109561920166
2026-07-20,600909.XSHG,0.3879816234111786
2026-07-27,600909.XSHG,0.13796967267990112
2026-01-09,600927.XSHG,0.7353761792182922
2026-01-16,600927.XSHG,0.744295597076416
2026-01-23,600927.XSHG,0.7534003257751465
2026-01-30,600927.XSHG,0.7671080827713013
2026-02-06,600927.XSHG,0.7806005477905273
2026-02-13,600927.XSHG,0.6187784075737
2026-03-02,600927.XSHG,0.6482834219932556
2026-03-09,600927.XSHG,0.6927385330200195
2026-03-16,600927.XSHG,0.6138059496879578
2026-03-23,600927.XSHG,0.6419699192047119
2026-03-30,600927.XSHG,0.6236608624458313
2026-04-07,600927.XSHG,0.5676294565200806
2026-04-14,600927.XSHG,0.6315151453018188
2026-04-21,600927.XSHG,0.6602128744125366
2026-04-28,600927.XSHG,0.7116003632545471
2026-05-08,600927.XSHG,0.7654733061790466
2026-05-15,600927.XSHG,0.5127439498901367
2026-05-22,600927.XSHG,0.5387455224990845
2026-05-29,600927.XSHG,0.49237060546875
2026-06-05,600927.XSHG,0.5346460938453674
2026-06-12,600927.XSHG,0.5214122533798218
2026-06-22,600927.XSHG,0.5223584771156311
2026-06-29,600927.XSHG,0.6790419816970825
2026-07-06,600927.XSHG,0.6941693425178528
2026-07-13,600927.XSHG,0.6944032311439514
2026-07-20,600927.XSHG,0.7259116172790527
2026-07-27,600927.XSHG,0.7820422053337097
2026-01-09,600959.XSHG,0.7692020535469055
2026-01-16,600959.XSHG,0.6334366202354431
2026-01-23,600959.XSHG,0.19869229197502136
2026-01-30,600959.XSHG,0.18358485400676727
2026-02-06,600959.XSHG,0.240897998213768
2026-02-13,600959.XSHG,0.31558510661125183
2026-03-02,600959.XSHG,0.44039541482925415
2026-03-09,600959.XSHG,0.3961315155029297
2026-03-16,600959.XSHG,0.3861077129840851
2026-03-23,600959.XSHG,0.38560670614242554
2026-03-30,600959.XSHG,0.38058173656463623
2026-04-07,600959.XSHG,0.1925489455461502
2026-04-14,600959.XSHG,-0.049536168575286865
2026-04-21,600959.XSHG,0.11719293892383575
2026-04-28,600959.XSHG,0.2949075996875763
2026-05-08,600959.XSHG,0.42622458934783936
2026-01-09,600967.XSHG,-0.2198193222284317
2026-01-16,600967.XSHG,-0.2876399755477905
2026-01-23,600967.XSHG,-0.29085999727249146
2026-01-30,600967.XSHG,-0.2945714592933655
2026-02-06,600967.XSHG,-0.32536780834198
2026-02-13,600967.XSHG,-0.4275139570236206
2026-03-02,600967.XSHG,-0.5106166005134583
2026-03-09,600967.XSHG,-0.3926158547401428
2026-03-16,600967.XSHG,-0.12912695109844208
2026-03-23,600967.XSHG,0.13365605473518372
2026-03-30,600967.XSHG,0.29303520917892456
2026-04-07,600967.XSHG,0.49049973487854004
2026-04-14,600967.XSHG,0.594674289226532
2026-04-21,600967.XSHG,0.6629208922386169
2026-04-28,600967.XSHG,0.7499979138374329
2026-05-08,600967.XSHG,0.6464914083480835
2026-05-15,600967.XSHG,0.6825734972953796
2026-05-22,600967.XSHG,0.7455739974975586
2026-05-29,600967.XSHG,0.8151886463165283
2026-06-05,600967.XSHG,0.8467952609062195
2026-06-12,600967.XSHG,0.8576093316078186
2026-06-22,600967.XSHG,0.8833115696907043
2026-06-29,600967.XSHG,0.8606111407279968
2026-07-06,600967.XSHG,0.8256458640098572
2026-07-13,600967.XSHG,0.760192334651947
2026-07-20,600967.XSHG,0.645967423915863
2026-07-27,600967.XSHG,0.24105851352214813
2026-01-09,600968.XSHG,0.6450851559638977
2026-01-16,600968.XSHG,0.6791107654571533
2026-01-23,600968.XSHG,0.7609484791755676
2026-01-30,600968.XSHG,0.3896005153656006
2026-02-06,600968.XSHG,0.08207271993160248
2026-02-13,600968.XSHG,0.13318967819213867
2026-03-02,600968.XSHG,-0.2607682943344116
2026-03-09,600968.XSHG,-0.30910634994506836
2026-03-16,600968.XSHG,-0.1417439728975296
2026-03-23,600968.XSHG,0.027863875031471252
2026-03-30,600968.XSHG,0.2307611107826233
2026-04-07,600968.XSHG,0.40014487504959106
2026-04-14,600968.XSHG,0.540640115737915
2026-04-21,600968.XSHG,0.7091190218925476
2026-04-28,600968.XSHG,0.6922764778137207
2026-05-08,600968.XSHG,0.7077214121818542
2026-05-15,600968.XSHG,0.7145683169364929
2026-05-22,600968.XSHG,0.6330752372741699
2026-05-29,600968.XSHG,0.6566370129585266
2026-06-05,600968.XSHG,0.7096217274665833
2026-06-12,600968.XSHG,0.7516821622848511
2026-06-22,600968.XSHG,0.8247324824333191
2026-06-29,600968.XSHG,0.8304876685142517
2026-07-06,600968.XSHG,0.8137282133102417
2026-07-13,600968.XSHG,0.7161531448364258
2026-07-20,600968.XSHG,0.7700424790382385
2026-07-27,600968.XSHG,0.5582664012908936
2026-01-09,600970.XSHG,-0.2881777882575989
2026-01-16,600970.XSHG,-0.11588461697101593
2026-01-23,600970.XSHG,0.0813148021697998
2026-01-30,600970.XSHG,0.09096666425466537
2026-02-06,600970.XSHG,0.23170801997184753
2026-02-13,600970.XSHG,0.41148337721824646
2026-03-02,600970.XSHG,0.6566665768623352
2026-03-09,600970.XSHG,0.861285388469696
2026-03-16,600970.XSHG,0.7859036326408386
2026-03-23,600970.XSHG,0.7750540375709534
2026-03-30,600970.XSHG,0.6523699760437012
2026-04-07,600970.XSHG,0.7255494594573975
2026-04-14,600970.XSHG,0.7103179097175598
2026-04-21,600970.XSHG,0.7577747702598572
2026-04-28,600970.XSHG,0.7873592972755432
2026-05-08,600970.XSHG,0.5626335740089417
2026-05-15,600970.XSHG,0.5355620384216309
2026-05-22,600970.XSHG,0.600961446762085
2026-05-29,600970.XSHG,0.6324155330657959
2026-06-05,600970.XSHG,0.875176191329956
2026-06-12,600970.XSHG,0.9796993136405945
2026-06-22,600970.XSHG,0.8708868622779846
2026-06-29,600970.XSHG,0.8501488566398621
2026-07-06,600970.XSHG,0.7153258919715881
2026-07-13,600970.XSHG,0.668876588344574
2026-07-20,600970.XSHG,0.6040834784507751
2026-07-27,600970.XSHG,0.653575599193573
2026-01-09,600977.XSHG,-0.37790578603744507
2026-01-16,600977.XSHG,0.1214153915643692
2026-01-23,600977.XSHG,0.5729168057441711
2026-01-30,600977.XSHG,0.6467692852020264
2026-02-06,600977.XSHG,0.598334014415741
2026-02-13,600977.XSHG,0.6034818291664124
2026-03-02,600977.XSHG,0.669671893119812
2026-03-09,600977.XSHG,0.6892048120498657
2026-03-16,600977.XSHG,0.6875624656677246
2026-03-23,600977.XSHG,0.7692514061927795
2026-03-30,600977.XSHG,0.8289802074432373
2026-04-07,600977.XSHG,0.8650797605514526
2026-04-14,600977.XSHG,0.8752291798591614
2026-04-21,600977.XSHG,0.7967284321784973
2026-04-28,600977.XSHG,0.7763386368751526
2026-05-08,600977.XSHG,0.7763863801956177
2026-05-15,600977.XSHG,0.7779808640480042
2026-05-22,600977.XSHG,0.7979970574378967
2026-05-29,600977.XSHG,0.8039175868034363
2026-06-05,600977.XSHG,0.8196317553520203
2026-06-12,600977.XSHG,0.8094897866249084
2026-06-22,600977.XSHG,0.7992390990257263
2026-06-29,600977.XSHG,0.836026668548584
2026-07-06,600977.XSHG,0.8471776247024536
2026-07-13,600977.XSHG,0.6704065203666687
2026-07-20,600977.XSHG,0.6013655662536621
2026-07-27,600977.XSHG,0.6155217289924622
2026-01-09,600985.XSHG,0.5685147643089294
2026-01-16,600985.XSHG,0.5507506728172302
2026-01-23,600985.XSHG,0.5299108028411865
2026-01-30,600985.XSHG,0.4623231291770935
2026-02-06,600985.XSHG,0.6454636454582214
2026-02-13,600985.XSHG,0.4867700934410095
2026-03-02,600985.XSHG,0.5889853239059448
2026-03-09,600985.XSHG,0.508804202079773
2026-03-16,600985.XSHG,0.6643097996711731
2026-03-23,600985.XSHG,0.4194298982620239
2026-03-30,600985.XSHG,0.4629252552986145
2026-04-07,600985.XSHG,0.5230174660682678
2026-04-14,600985.XSHG,0.6816164255142212
2026-04-21,600985.XSHG,0.765046238899231
2026-04-28,600985.XSHG,0.6661050915718079
2026-05-08,600985.XSHG,0.6305659413337708
2026-05-15,600985.XSHG,0.6155220866203308
2026-05-22,600985.XSHG,0.6494978070259094
2026-05-29,600985.XSHG,0.6693748831748962
2026-06-05,600985.XSHG,0.17513468861579895
2026-06-12,600985.XSHG,0.05847565829753876
2026-06-22,600985.XSHG,0.013318672776222229
2026-06-29,600985.XSHG,0.171985924243927
2026-07-06,600985.XSHG,0.2380073070526123
2026-07-13,600985.XSHG,0.39639586210250854
2026-07-20,600985.XSHG,0.14614219963550568
2026-07-27,600985.XSHG,-0.009237632155418396
2026-01-09,600988.XSHG,0.2623101472854614
2026-01-16,600988.XSHG,0.5029498338699341
2026-01-23,600988.XSHG,0.47198230028152466
2026-01-30,600988.XSHG,0.3785128593444824
2026-02-06,600988.XSHG,0.2755856513977051
2026-02-13,600988.XSHG,0.5412490963935852
2026-03-02,600988.XSHG,0.3696215748786926
2026-03-09,600988.XSHG,0.5956728458404541
2026-03-16,600988.XSHG,0.7673348188400269
2026-04-07,600988.XSHG,0.7864540219306946
2026-04-14,600988.XSHG,0.866075873374939
2026-04-21,600988.XSHG,0.9053159952163696
2026-04-28,600988.XSHG,0.8916787505149841
2026-05-08,600988.XSHG,0.6961562037467957
2026-05-15,600988.XSHG,0.7055837512016296
2026-05-22,600988.XSHG,0.7081096768379211
2026-05-29,600988.XSHG,0.7107968926429749
2026-06-05,600988.XSHG,0.7231883406639099
2026-06-12,600988.XSHG,0.45801347494125366
2026-06-22,600988.XSHG,0.5289090275764465
2026-06-29,600988.XSHG,0.5877946019172668
2026-07-06,600988.XSHG,0.3777161240577698
2026-07-13,600988.XSHG,0.47048914432525635
2026-07-20,600988.XSHG,0.5979331135749817
2026-07-27,600988.XSHG,0.4307090938091278
2026-01-09,600995.XSHG,1.0882556438446045
2026-01-16,600995.XSHG,0.9150617122650146
2026-01-23,600995.XSHG,0.912614107131958
2026-01-30,600995.XSHG,0.8368631601333618
2026-02-06,600995.XSHG,0.815147876739502
2026-02-13,600995.XSHG,0.7548239231109619
2026-03-02,600995.XSHG,0.6419233679771423
2026-03-09,600995.XSHG,0.19331324100494385
2026-03-16,600995.XSHG,0.1147935539484024
2026-03-23,600995.XSHG,-0.15767858922481537
2026-03-30,600995.XSHG,-0.18022732436656952
2026-04-07,600995.XSHG,-0.03329265117645264
2026-04-14,600995.XSHG,0.2503272294998169
2026-04-21,600995.XSHG,0.5772595405578613
2026-04-28,600995.XSHG,0.8508628010749817
2026-05-08,600995.XSHG,0.9413124918937683
2026-05-15,600995.XSHG,0.8860254883766174
2026-05-22,600995.XSHG,0.8253313899040222
2026-05-29,600995.XSHG,0.26945972442626953
2026-06-05,600995.XSHG,0.28816428780555725
2026-06-12,600995.XSHG,0.3730897307395935
2026-06-22,600995.XSHG,0.524836003780365
2026-06-29,600995.XSHG,0.6389813423156738
2026-07-06,600995.XSHG,0.7551957964897156
2026-07-13,600995.XSHG,0.7405818700790405
2026-07-20,600995.XSHG,0.7200660705566406
2026-07-27,600995.XSHG,0.7139782309532166
2026-01-09,600998.XSHG,0.6965761780738831
2026-01-16,600998.XSHG,0.5944331884384155
2026-01-23,600998.XSHG,0.09410728514194489
2026-01-30,600998.XSHG,0.23982545733451843
2026-02-06,600998.XSHG,0.39204317331314087
2026-02-13,600998.XSHG,0.47817307710647583
2026-03-02,600998.XSHG,0.5429259538650513
2026-03-09,600998.XSHG,0.688718318939209
2026-03-16,600998.XSHG,0.7987015843391418
2026-03-23,600998.XSHG,0.756115734577179
2026-03-30,600998.XSHG,0.6145150661468506
2026-04-07,600998.XSHG,0.6535744667053223
2026-04-14,600998.XSHG,0.7177672982215881
2026-04-21,600998.XSHG,0.6722002625465393
2026-04-28,600998.XSHG,0.6449716687202454
2026-05-08,600998.XSHG,0.5973933339118958
2026-05-15,600998.XSHG,0.587209939956665
2026-05-22,600998.XSHG,0.6031938791275024
2026-05-29,600998.XSHG,0.5715144872665405
2026-06-05,600998.XSHG,0.802165150642395
2026-06-12,600998.XSHG,0.8537375330924988
2026-06-22,600998.XSHG,0.7631590366363525
2026-06-29,600998.XSHG,0.5914165377616882
2026-07-06,600998.XSHG,0.654970109462738
2026-07-13,600998.XSHG,0.8115811944007874
2026-07-20,600998.XSHG,0.8952402472496033
2026-07-27,600998.XSHG,0.8486774563789368
2026-01-09,601000.XSHG,0.6288849115371704
2026-01-16,601000.XSHG,0.7351210117340088
2026-01-23,601000.XSHG,0.34709733724594116
2026-01-30,601000.XSHG,0.5672270059585571
2026-02-06,601000.XSHG,0.6167979836463928
2026-02-13,601000.XSHG,0.6738678216934204
2026-03-02,601000.XSHG,0.7446315288543701
2026-03-09,601000.XSHG,0.8194734454154968
2026-03-16,601000.XSHG,0.7490014433860779
2026-03-23,601000.XSHG,0.662523090839386
2026-03-30,601000.XSHG,-0.0689154714345932
2026-04-07,601000.XSHG,-0.10197027027606964
2026-04-14,601000.XSHG,-0.07712008059024811
2026-04-21,601000.XSHG,-0.017785578966140747
2026-04-28,601000.XSHG,0.16027310490608215
2026-05-08,601000.XSHG,0.3610619902610779
2026-05-15,601000.XSHG,0.6165398359298706
2026-05-22,601000.XSHG,0.857380211353302
2026-05-29,601000.XSHG,1.0175716876983643
2026-06-05,601000.XSHG,1.1234866380691528
2026-06-12,601000.XSHG,1.1064598560333252
2026-06-22,601000.XSHG,1.1125649213790894
2026-06-29,601000.XSHG,0.9865087866783142
2026-07-06,601000.XSHG,0.9456027150154114
2026-07-13,601000.XSHG,0.8352681994438171
2026-07-20,601000.XSHG,0.6785925626754761
2026-07-27,601000.XSHG,0.41916322708129883
2026-01-09,601001.XSHG,0.8863384127616882
2026-01-16,601001.XSHG,0.9299877882003784
2026-01-23,601001.XSHG,0.9151216149330139
2026-01-30,601001.XSHG,0.8350139260292053
2026-02-06,601001.XSHG,0.7425457239151001
2026-02-13,601001.XSHG,0.4790307879447937
2026-03-02,601001.XSHG,0.39512425661087036
2026-03-09,601001.XSHG,0.13039857149124146
2026-03-16,601001.XSHG,0.14577427506446838
2026-03-23,601001.XSHG,0.033370569348335266
2026-03-30,601001.XSHG,0.19319218397140503
2026-04-07,601001.XSHG,0.3423905372619629
2026-04-14,601001.XSHG,0.5305345058441162
2026-04-21,601001.XSHG,0.578614354133606
2026-04-28,601001.XSHG,0.3844611644744873
2026-05-08,601001.XSHG,0.45135635137557983
2026-05-15,601001.XSHG,0.40716513991355896
2026-05-22,601001.XSHG,0.4891079068183899
2026-05-29,601001.XSHG,0.5594937801361084
2026-06-05,601001.XSHG,0.48715007305145264
2026-06-12,601001.XSHG,0.5673357844352722
2026-06-22,601001.XSHG,0.7341352701187134
2026-06-29,601001.XSHG,0.9099618792533875
2026-07-06,601001.XSHG,0.9249520897865295
2026-07-13,601001.XSHG,0.9762190580368042
2026-07-20,601001.XSHG,0.7791210412979126
2026-07-27,601001.XSHG,0.6202491521835327
2026-01-09,601016.XSHG,0.8039160370826721
2026-01-16,601016.XSHG,0.6050726175308228
2026-01-23,601016.XSHG,0.38708674907684326
2026-01-30,601016.XSHG,0.632178544998169
2026-02-06,601016.XSHG,0.53825843334198
2026-02-13,601016.XSHG,0.5787497758865356
2026-03-02,601016.XSHG,0.5889230370521545
2026-03-09,601016.XSHG,0.2575787901878357
2026-03-16,601016.XSHG,-0.07922263443470001
2026-03-23,601016.XSHG,-0.05334104597568512
2026-03-30,601016.XSHG,-0.05977649986743927
2026-04-07,601016.XSHG,-0.19475595653057098
2026-04-14,601016.XSHG,-0.16982410848140717
2026-04-21,601016.XSHG,-0.2550094723701477
2026-04-28,601016.XSHG,-0.28649836778640747
2026-05-08,601016.XSHG,-0.20693917572498322
2026-05-15,601016.XSHG,-0.09211741387844086
2026-05-22,601016.XSHG,-0.032626986503601074
2026-05-29,601016.XSHG,-0.12611491978168488
2026-06-05,601016.XSHG,-0.15804849565029144
2026-06-12,601016.XSHG,-0.11365969479084015
2026-06-22,601016.XSHG,-0.057070061564445496
2026-06-29,601016.XSHG,0.05917789041996002
2026-07-06,601016.XSHG,0.23491434752941132
2026-07-13,601016.XSHG,0.48382091522216797
2026-07-20,601016.XSHG,0.4802922010421753
2026-07-27,601016.XSHG,0.6610040068626404
2026-01-09,601019.XSHG,0.4243372082710266
2026-01-16,601019.XSHG,0.41450172662734985
2026-01-23,601019.XSHG,0.5315994620323181
2026-01-30,601019.XSHG,0.6541748046875
2026-02-06,601019.XSHG,0.7269494533538818
2026-02-13,601019.XSHG,0.7856060862541199
2026-03-02,601019.XSHG,0.8279375433921814
2026-03-09,601019.XSHG,0.8002933859825134
2026-03-16,601019.XSHG,0.6987886428833008
2026-03-23,601019.XSHG,0.6900303363800049
2026-03-30,601019.XSHG,0.4112483859062195
2026-04-07,601019.XSHG,0.4953487515449524
2026-04-14,601019.XSHG,0.009111061692237854
2026-04-21,601019.XSHG,-0.021960332989692688
2026-04-28,601019.XSHG,0.1568625271320343
2026-05-08,601019.XSHG,0.27212613821029663
2026-05-15,601019.XSHG,0.3952816128730774
2026-05-22,601019.XSHG,0.5146644115447998
2026-05-29,601019.XSHG,0.5601890087127686
2026-06-05,601019.XSHG,0.6619762182235718
2026-06-12,601019.XSHG,0.7253090143203735
2026-06-22,601019.XSHG,0.7617075443267822
2026-06-29,601019.XSHG,0.7920157313346863
2026-07-06,601019.XSHG,0.5944195985794067
2026-07-13,601019.XSHG,0.5537359714508057
2026-07-20,601019.XSHG,0.5650201439857483
2026-07-27,601019.XSHG,0.6126989722251892
2026-02-13,601061.XSHG,0.038649752736091614
2026-03-02,601061.XSHG,0.1594637930393219
2026-03-09,601061.XSHG,0.3187990188598633
2026-03-16,601061.XSHG,0.467804491519928
2026-03-23,601061.XSHG,0.6010454893112183
2026-03-30,601061.XSHG,0.7244312763214111
2026-04-07,601061.XSHG,0.8579792976379395
2026-04-14,601061.XSHG,0.9491681456565857
2026-04-21,601061.XSHG,0.9559778571128845
2026-04-28,601061.XSHG,0.9086341261863708
2026-05-08,601061.XSHG,0.8199399709701538
2026-01-09,601098.XSHG,0.057335421442985535
2026-01-16,601098.XSHG,0.09880118072032928
2026-01-23,601098.XSHG,0.11824503540992737
2026-01-30,601098.XSHG,0.20931951701641083
2026-02-06,601098.XSHG,0.17315292358398438
2026-02-13,601098.XSHG,0.21764905750751495
2026-03-02,601098.XSHG,0.26766976714134216
2026-03-09,601098.XSHG,0.28734907507896423
2026-03-16,601098.XSHG,0.38232260942459106
2026-03-23,601098.XSHG,0.44353270530700684
2026-03-30,601098.XSHG,0.6095808148384094
2026-04-07,601098.XSHG,0.7100644707679749
2026-04-14,601098.XSHG,0.7418771386146545
2026-04-21,601098.XSHG,0.8082851767539978
2026-04-28,601098.XSHG,0.797461986541748
2026-05-08,601098.XSHG,0.9752816557884216
2026-05-15,601098.XSHG,1.1618696451187134
2026-05-22,601098.XSHG,1.1250344514846802
2026-05-29,601098.XSHG,1.0393224954605103
2026-06-05,601098.XSHG,1.0170341730117798
2026-06-12,601098.XSHG,0.9382534623146057
2026-06-22,601098.XSHG,0.8337450623512268
2026-06-29,601098.XSHG,0.7507612705230713
2026-07-06,601098.XSHG,0.6024070382118225
2026-07-13,601098.XSHG,0.6158523559570312
2026-07-20,601098.XSHG,0.5272588133811951
2026-07-27,601098.XSHG,0.5482601523399353
2026-01-09,601099.XSHG,0.8720207214355469
2026-01-16,601099.XSHG,0.9144840240478516
2026-01-23,601099.XSHG,0.9110035300254822
2026-01-30,601099.XSHG,0.8778212666511536
2026-02-06,601099.XSHG,0.8477306962013245
2026-02-13,601099.XSHG,0.7935754656791687
2026-03-02,601099.XSHG,0.7841824889183044
2026-03-09,601099.XSHG,0.7926635146141052
2026-03-16,601099.XSHG,0.7727230191230774
2026-03-23,601099.XSHG,0.7745185494422913
2026-03-30,601099.XSHG,0.7488610148429871
2026-04-07,601099.XSHG,0.7087436318397522
2026-04-14,601099.XSHG,0.7388166785240173
2026-04-21,601099.XSHG,0.7136840224266052
2026-04-28,601099.XSHG,0.6824394464492798
2026-05-08,601099.XSHG,0.6978465914726257
2026-05-15,601099.XSHG,0.7180786728858948
2026-05-22,601099.XSHG,0.7180736660957336
2026-05-29,601099.XSHG,0.706905722618103
2026-06-05,601099.XSHG,0.7124724388122559
2026-06-12,601099.XSHG,0.7035287022590637
2026-06-22,601099.XSHG,0.6821334958076477
2026-06-29,601099.XSHG,0.7171511650085449
2026-07-06,601099.XSHG,0.7475157976150513
2026-07-13,601099.XSHG,0.8231381773948669
2026-07-20,601099.XSHG,0.8984994292259216
2026-07-27,601099.XSHG,0.9429255127906799
2026-01-09,601106.XSHG,0.06556729972362518
2026-01-16,601106.XSHG,-0.05874256789684296
2026-01-23,601106.XSHG,-0.19597379863262177
2026-01-30,601106.XSHG,-0.15902112424373627
2026-02-06,601106.XSHG,-0.08737842738628387
2026-02-13,601106.XSHG,-0.04897327721118927
2026-03-02,601106.XSHG,0.03940920531749725
2026-03-09,601106.XSHG,0.18958565592765808
2026-03-16,601106.XSHG,0.38970714807510376
2026-03-23,601106.XSHG,0.5647991299629211
2026-03-30,601106.XSHG,0.6976162195205688
2026-04-07,601106.XSHG,0.8200979828834534
2026-04-14,601106.XSHG,0.8979336619377136
2026-04-21,601106.XSHG,0.9290890097618103
2026-04-28,601106.XSHG,0.9300830960273743
2026-05-08,601106.XSHG,0.8655441403388977
2026-05-15,601106.XSHG,0.860235869884491
2026-05-22,601106.XSHG,0.8088052272796631
2026-05-29,601106.XSHG,0.8181565999984741
2026-06-05,601106.XSHG,0.767645001411438
2026-06-12,601106.XSHG,0.7890285849571228
2026-06-22,601106.XSHG,0.8221626877784729
2026-06-29,601106.XSHG,0.8286450505256653
2026-07-06,601106.XSHG,0.7553526163101196
2026-07-13,601106.XSHG,0.7026612758636475
2026-07-20,601106.XSHG,0.7196691632270813
2026-07-27,601106.XSHG,0.7226032614707947
2026-01-09,601108.XSHG,0.2913993000984192
2026-01-16,601108.XSHG,0.2915305495262146
2026-01-23,601108.XSHG,0.17019741237163544
2026-01-30,601108.XSHG,0.04700601100921631
2026-02-06,601108.XSHG,0.04055953025817871
2026-02-13,601108.XSHG,0.11802024394273758
2026-03-02,601108.XSHG,0.2954291105270386
2026-03-09,601108.XSHG,0.4557947516441345
2026-03-16,601108.XSHG,0.4786916971206665
2026-03-23,601108.XSHG,0.4449542164802551
2026-03-30,601108.XSHG,0.4535474181175232
2026-04-07,601108.XSHG,0.4396906793117523
2026-04-14,601108.XSHG,0.42140311002731323
2026-04-21,601108.XSHG,0.5062437653541565
2026-04-28,601108.XSHG,0.4445676803588867
2026-05-08,601108.XSHG,0.496787428855896
2026-05-15,601108.XSHG,0.5097965598106384
2026-05-22,601108.XSHG,0.5123411417007446
2026-05-29,601108.XSHG,0.5725733637809753
2026-06-05,601108.XSHG,0.7399145364761353
2026-06-12,601108.XSHG,0.5297314524650574
2026-06-22,601108.XSHG,0.37195277214050293
2026-06-29,601108.XSHG,0.5918076634407043
2026-07-06,601108.XSHG,0.6220610737800598
2026-07-13,601108.XSHG,0.6279453039169312
2026-07-20,601108.XSHG,0.7044210433959961
2026-07-27,601108.XSHG,0.781539797782898
2026-01-09,601118.XSHG,-0.05256029963493347
2026-01-16,601118.XSHG,0.07293830066919327
2026-01-23,601118.XSHG,-0.39208853244781494
2026-01-30,601118.XSHG,-0.5140299797058105
2026-02-06,601118.XSHG,-0.4870574474334717
2026-02-13,601118.XSHG,-0.5231383442878723
2026-03-02,601118.XSHG,-0.5716409087181091
2026-03-09,601118.XSHG,-0.7745940089225769
2026-03-16,601118.XSHG,-0.7657620310783386
2026-03-23,601118.XSHG,-0.7789686322212219
2026-03-30,601118.XSHG,-0.6381815671920776
2026-04-07,601118.XSHG,-0.5832545161247253
2026-04-14,601118.XSHG,-0.3784644603729248
2026-04-21,601118.XSHG,-0.11119438707828522
2026-04-28,601118.XSHG,0.17024357616901398
2026-05-08,601118.XSHG,0.3318493366241455
2026-05-15,601118.XSHG,0.5595863461494446
2026-05-22,601118.XSHG,0.6943771839141846
2026-05-29,601118.XSHG,0.9729251265525818
2026-06-05,601118.XSHG,1.1131197214126587
2026-06-12,601118.XSHG,1.1855838298797607
2026-06-22,601118.XSHG,1.159827709197998
2026-06-29,601118.XSHG,1.025428295135498
2026-07-06,601118.XSHG,0.9031162261962891
2026-07-13,601118.XSHG,0.8719426989555359
2026-07-20,601118.XSHG,0.8184425234794617
2026-07-27,601118.XSHG,0.8071935772895813
2026-01-09,601128.XSHG,0.5370727777481079
2026-01-16,601128.XSHG,0.5531144738197327
2026-01-23,601128.XSHG,0.4818844199180603
2026-01-30,601128.XSHG,0.5643453598022461
2026-02-06,601128.XSHG,0.5260973572731018
2026-02-13,601128.XSHG,0.5554767847061157
2026-03-02,601128.XSHG,0.5177897214889526
2026-03-09,601128.XSHG,0.5947021245956421
2026-03-16,601128.XSHG,0.6191329956054688
2026-03-23,601128.XSHG,0.3110276162624359
2026-03-30,601128.XSHG,0.39411142468452454
2026-04-07,601128.XSHG,0.5007544159889221
2026-04-14,601128.XSHG,0.4311605989933014
2026-04-21,601128.XSHG,0.5207661390304565
2026-04-28,601128.XSHG,0.592250645160675
2026-05-08,601128.XSHG,0.6058112978935242
2026-05-15,601128.XSHG,0.6269023418426514
2026-05-22,601128.XSHG,0.6933934688568115
2026-05-29,601128.XSHG,0.5410783886909485
2026-06-05,601128.XSHG,0.7586730718612671
2026-06-12,601128.XSHG,0.5937967896461487
2026-06-22,601128.XSHG,0.41209930181503296
2026-06-29,601128.XSHG,0.44737541675567627
2026-07-06,601128.XSHG,0.22237321734428406
2026-07-13,601128.XSHG,0.4094207286834717
2026-07-20,601128.XSHG,0.4178009033203125
2026-07-27,601128.XSHG,0.483572781085968
2026-01-09,601139.XSHG,0.786753237247467
2026-01-16,601139.XSHG,0.818225622177124
2026-01-23,601139.XSHG,0.807299792766571
2026-01-30,601139.XSHG,0.6887702345848083
2026-02-06,601139.XSHG,0.6640567183494568
2026-02-13,601139.XSHG,0.5932844877243042
2026-03-02,601139.XSHG,0.009744539856910706
2026-03-09,601139.XSHG,-0.3998416066169739
2026-03-16,601139.XSHG,-0.4308727979660034
2026-03-23,601139.XSHG,-0.3459601402282715
2026-03-30,601139.XSHG,-0.16887737810611725
2026-04-07,601139.XSHG,-0.27590590715408325
2026-04-14,601139.XSHG,-0.1349395364522934
2026-04-21,601139.XSHG,-0.07478474080562592
2026-04-28,601139.XSHG,0.06079147756099701
2026-05-08,601139.XSHG,0.28687673807144165
2026-05-15,601139.XSHG,0.45454657077789307
2026-05-22,601139.XSHG,0.6593801975250244
2026-05-29,601139.XSHG,0.8017298579216003
2026-06-05,601139.XSHG,0.8778612613677979
2026-06-12,601139.XSHG,0.8713868260383606
2026-06-22,601139.XSHG,0.7624367475509644
2026-06-29,601139.XSHG,0.6962825655937195
2026-07-06,601139.XSHG,0.5978186130523682
2026-07-13,601139.XSHG,0.44801414012908936
2026-07-20,601139.XSHG,0.5788568258285522
2026-07-27,601139.XSHG,0.6148373484611511
2026-02-06,601155.XSHG,0.2482089102268219
2026-02-13,601155.XSHG,0.16440542042255402
2026-03-02,601155.XSHG,0.08171743154525757
2026-03-09,601155.XSHG,0.234979048371315
2026-03-16,601155.XSHG,0.02119337022304535
2026-03-23,601155.XSHG,0.20744913816452026
2026-03-30,601155.XSHG,0.15635016560554504
2026-04-07,601155.XSHG,0.37511342763900757
2026-04-14,601155.XSHG,0.24469782412052155
2026-04-21,601155.XSHG,0.39560502767562866
2026-04-28,601155.XSHG,0.49644744396209717
2026-05-08,601155.XSHG,0.5175980925559998
2026-05-15,601155.XSHG,0.5892410278320312
2026-05-22,601155.XSHG,0.2687801122665405
2026-05-29,601155.XSHG,0.023589015007019043
2026-06-05,601155.XSHG,0.1958109438419342
2026-06-12,601155.XSHG,0.34495195746421814
2026-06-22,601155.XSHG,0.4723878502845764
2026-06-29,601155.XSHG,0.5845431685447693
2026-07-06,601155.XSHG,0.5963531732559204
2026-07-13,601155.XSHG,0.6124001145362854
2026-07-20,601155.XSHG,0.6265615224838257
2026-07-27,601155.XSHG,0.6211203932762146
2026-01-09,601156.XSHG,-0.21826280653476715
2026-01-16,601156.XSHG,-0.04073666036128998
2026-01-23,601156.XSHG,0.11845304071903229
2026-01-30,601156.XSHG,0.32418525218963623
2026-02-06,601156.XSHG,0.5144704580307007
2026-02-13,601156.XSHG,0.5702292323112488
2026-03-02,601156.XSHG,0.6739081740379333
2026-03-09,601156.XSHG,0.6249893307685852
2026-03-16,601156.XSHG,0.6890615224838257
2026-03-23,601156.XSHG,0.6904468536376953
2026-03-30,601156.XSHG,0.5345275402069092
2026-04-07,601156.XSHG,0.5683194398880005
2026-04-14,601156.XSHG,0.5244472026824951
2026-04-21,601156.XSHG,0.5051057934761047
2026-04-28,601156.XSHG,0.5799325108528137
2026-05-08,601156.XSHG,0.6441112160682678
2026-05-15,601156.XSHG,0.5892504453659058
2026-05-22,601156.XSHG,0.6141124367713928
2026-05-29,601156.XSHG,0.6667645573616028
2026-06-05,601156.XSHG,0.7529441714286804
2026-06-12,601156.XSHG,0.6564241647720337
2026-06-22,601156.XSHG,0.6522555351257324
2026-06-29,601156.XSHG,0.7467034459114075
2026-07-06,601156.XSHG,0.5567713379859924
2026-07-13,601156.XSHG,0.4175373315811157
2026-07-20,601156.XSHG,0.5621869564056396
2026-07-27,601156.XSHG,0.36013805866241455
2026-01-09,601162.XSHG,0.7506021857261658
2026-01-16,601162.XSHG,0.7673241496086121
2026-01-23,601162.XSHG,0.7466264367103577
2026-01-30,601162.XSHG,0.7409681081771851
2026-02-06,601162.XSHG,0.729670524597168
2026-02-13,601162.XSHG,0.6910195350646973
2026-03-02,601162.XSHG,0.6891464591026306
2026-03-09,601162.XSHG,0.7206745743751526
2026-03-16,601162.XSHG,0.7085064053535461
2026-03-23,601162.XSHG,0.7459853291511536
2026-03-30,601162.XSHG,0.7319815754890442
2026-04-07,601162.XSHG,0.6994372010231018
2026-04-14,601162.XSHG,0.7034953236579895
2026-04-21,601162.XSHG,0.6938049793243408
2026-04-28,601162.XSHG,0.718356192111969
2026-05-08,601162.XSHG,0.7386941313743591
2026-05-15,601162.XSHG,0.7569331526756287
2026-05-22,601162.XSHG,0.7290984392166138
2026-05-29,601162.XSHG,0.7090739011764526
2026-06-05,601162.XSHG,0.7214776873588562
2026-06-12,601162.XSHG,0.6430242657661438
2026-06-22,601162.XSHG,0.5390394330024719
2026-06-29,601162.XSHG,0.5833642482757568
2026-07-06,601162.XSHG,0.5742770433425903
2026-07-13,601162.XSHG,0.3942444920539856
2026-07-20,601162.XSHG,0.6417513489723206
2026-07-27,601162.XSHG,0.7870792746543884
2026-01-09,601168.XSHG,0.8749650716781616
2026-01-16,601168.XSHG,0.7772289514541626
2026-01-23,601168.XSHG,0.5705879926681519
2026-01-30,601168.XSHG,0.28306400775909424
2026-02-06,601168.XSHG,0.11647298187017441
2026-02-13,601168.XSHG,0.18457862734794617
2026-03-02,601168.XSHG,0.016841933131217957
2026-03-09,601168.XSHG,0.02367354929447174
2026-03-16,601168.XSHG,0.0983394905924797
2026-03-23,601168.XSHG,0.12349782884120941
2026-03-30,601168.XSHG,0.12710309028625488
2026-04-07,601168.XSHG,0.20565961301326752
2026-04-14,601168.XSHG,-0.012456759810447693
2026-04-21,601168.XSHG,-0.013529092073440552
2026-04-28,601168.XSHG,0.03265899419784546
2026-05-08,601168.XSHG,-0.08708606660366058
2026-01-09,601179.XSHG,-0.4131662845611572
2026-01-16,601179.XSHG,-0.4202367663383484
2026-01-23,601179.XSHG,-0.36294394731521606
2026-01-30,601179.XSHG,-0.19532661139965057
2026-02-06,601179.XSHG,-0.20844082534313202
2026-02-13,601179.XSHG,-0.04461221396923065
2026-03-02,601179.XSHG,0.21080684661865234
2026-03-09,601179.XSHG,0.2536662518978119
2026-03-16,601179.XSHG,0.5854471325874329
2026-03-23,601179.XSHG,0.8034762740135193
2026-03-30,601179.XSHG,0.9733169674873352
2026-04-07,601179.XSHG,1.0724868774414062
2026-04-14,601179.XSHG,1.0746028423309326
2026-04-21,601179.XSHG,1.0464942455291748
2026-04-28,601179.XSHG,0.9760416150093079
2026-05-08,601179.XSHG,0.9488666653633118
2026-05-15,601179.XSHG,0.8798744082450867
2026-05-22,601179.XSHG,0.804034411907196
2026-05-29,601179.XSHG,0.6943643689155579
2026-06-05,601179.XSHG,0.6214537620544434
2026-06-12,601179.XSHG,0.548918604850769
2026-06-22,601179.XSHG,0.14595617353916168
2026-06-29,601179.XSHG,0.06411953270435333
2026-07-06,601179.XSHG,0.06482277810573578
2026-07-13,601179.XSHG,0.1290058046579361
2026-07-20,601179.XSHG,0.1866343468427658
2026-07-27,601179.XSHG,0.22791822254657745
2026-01-09,601198.XSHG,0.18624722957611084
2026-01-16,601198.XSHG,0.4023101329803467
2026-01-23,601198.XSHG,0.672132134437561
2026-01-30,601198.XSHG,0.9116020202636719
2026-02-06,601198.XSHG,0.9153493642807007
2026-02-13,601198.XSHG,0.9677698016166687
2026-03-02,601198.XSHG,1.0106697082519531
2026-03-09,601198.XSHG,1.0422406196594238
2026-03-16,601198.XSHG,1.0201736688613892
2026-03-23,601198.XSHG,0.9501052498817444
2026-03-30,601198.XSHG,0.8486236333847046
2026-04-07,601198.XSHG,0.6903772950172424
2026-04-14,601198.XSHG,0.49948716163635254
2026-04-21,601198.XSHG,0.5259326696395874
2026-04-28,601198.XSHG,0.49294543266296387
2026-05-08,601198.XSHG,0.5338311195373535
2026-05-15,601198.XSHG,0.5220922827720642
2026-05-22,601198.XSHG,0.539616048336029
2026-05-29,601198.XSHG,0.4549729824066162
2026-06-05,601198.XSHG,0.5930101871490479
2026-06-12,601198.XSHG,0.658228874206543
2026-06-22,601198.XSHG,0.6072317957878113
2026-06-29,601198.XSHG,0.7027059197425842
2026-07-06,601198.XSHG,0.6055808663368225
2026-07-13,601198.XSHG,0.32591137290000916
2026-07-20,601198.XSHG,-0.00345669686794281
2026-07-27,601198.XSHG,-0.13056863844394684
2026-02-06,601212.XSHG,-0.2184462994337082
2026-02-13,601212.XSHG,-0.36350423097610474
2026-03-02,601212.XSHG,-0.5176476240158081
2026-03-09,601212.XSHG,-0.2974724769592285
2026-03-16,601212.XSHG,-0.19249235093593597
2026-03-23,601212.XSHG,-0.11292676627635956
2026-03-30,601212.XSHG,0.0068737417459487915
2026-04-07,601212.XSHG,0.2941269278526306
2026-04-14,601212.XSHG,0.5332338809967041
2026-04-21,601212.XSHG,0.7292346954345703
2026-04-28,601212.XSHG,0.879753828048706
2026-05-08,601212.XSHG,0.9236989617347717
2026-05-15,601212.XSHG,0.9092091917991638
2026-05-22,601212.XSHG,0.8258498311042786
2026-05-29,601212.XSHG,0.8458892703056335
2026-06-05,601212.XSHG,0.8425930142402649
2026-06-12,601212.XSHG,0.7853474020957947
2026-06-22,601212.XSHG,0.7561696171760559
2026-06-29,601212.XSHG,0.7820143103599548
2026-07-06,601212.XSHG,0.5996385216712952
2026-07-13,601212.XSHG,0.6306072473526001
2026-07-20,601212.XSHG,0.7096461653709412
2026-07-27,601212.XSHG,0.6587308049201965
2026-01-09,601216.XSHG,0.5326786637306213
2026-01-16,601216.XSHG,0.5869240164756775
2026-01-23,601216.XSHG,0.7565100789070129
2026-01-30,601216.XSHG,0.7847068905830383
2026-02-06,601216.XSHG,0.5623440146446228
2026-02-13,601216.XSHG,0.6037699580192566
2026-03-02,601216.XSHG,0.5567771792411804
2026-03-09,601216.XSHG,0.16234830021858215
2026-03-16,601216.XSHG,0.06293147802352905
2026-03-23,601216.XSHG,0.15189580619335175
2026-03-30,601216.XSHG,0.4151468276977539
2026-04-07,601216.XSHG,0.2858274579048157
2026-04-14,601216.XSHG,0.5695443153381348
2026-04-21,601216.XSHG,0.6361745595932007
2026-04-28,601216.XSHG,0.7026092410087585
2026-05-08,601216.XSHG,0.7367709875106812
2026-05-15,601216.XSHG,0.7378464341163635
2026-05-22,601216.XSHG,0.7686161398887634
2026-05-29,601216.XSHG,0.8056041598320007
2026-06-05,601216.XSHG,0.814653217792511
2026-06-12,601216.XSHG,0.8100550770759583
2026-06-22,601216.XSHG,0.8504354357719421
2026-06-29,601216.XSHG,0.8554959893226624
2026-07-06,601216.XSHG,0.7674712538719177
2026-07-13,601216.XSHG,0.7394115328788757
2026-07-20,601216.XSHG,0.7335768342018127
2026-07-27,601216.XSHG,0.677372395992279
2026-01-09,601228.XSHG,0.7166501879692078
2026-01-16,601228.XSHG,0.2127513885498047
2026-01-23,601228.XSHG,0.1256607621908188
2026-01-30,601228.XSHG,0.10679084062576294
2026-02-06,601228.XSHG,0.2581016719341278
2026-02-13,601228.XSHG,0.4197707772254944
2026-03-02,601228.XSHG,0.5899153351783752
2026-03-09,601228.XSHG,0.7648646831512451
2026-03-16,601228.XSHG,0.9050677418708801
2026-03-23,601228.XSHG,0.7507104277610779
2026-03-30,601228.XSHG,0.7741848826408386
2026-04-07,601228.XSHG,0.7708649039268494
2026-04-14,601228.XSHG,0.6831449270248413
2026-04-21,601228.XSHG,0.6508055925369263
2026-04-28,601228.XSHG,0.6533921957015991
2026-05-08,601228.XSHG,0.6546594500541687
2026-05-15,601228.XSHG,0.6511461734771729
2026-05-22,601228.XSHG,0.6820613145828247
2026-05-29,601228.XSHG,0.6549386978149414
2026-06-05,601228.XSHG,0.7324367165565491
2026-06-12,601228.XSHG,0.7711867094039917
2026-06-22,601228.XSHG,0.7967078685760498
2026-06-29,601228.XSHG,0.8262194991111755
2026-07-06,601228.XSHG,0.7877599596977234
2026-07-13,601228.XSHG,0.8789728283882141
2026-07-20,601228.XSHG,0.9225497841835022
2026-07-27,601228.XSHG,0.8079946637153625
2026-01-09,601231.XSHG,0.373961865901947
2026-01-16,601231.XSHG,0.18573637306690216
2026-01-23,601231.XSHG,0.14139528572559357
2026-01-30,601231.XSHG,-0.15105311572551727
2026-02-06,601231.XSHG,-0.41672205924987793
2026-02-13,601231.XSHG,-0.5114926099777222
2026-03-02,601231.XSHG,-0.47614216804504395
2026-03-09,601231.XSHG,-0.4187445640563965
2026-03-16,601231.XSHG,-0.38474053144454956
2026-03-23,601231.XSHG,-0.4413100481033325
2026-03-30,601231.XSHG,-0.4768698811531067
2026-04-07,601231.XSHG,-0.4224112033843994
2026-04-14,601231.XSHG,-0.3239385485649109
2026-04-21,601231.XSHG,-0.11321894824504852
2026-04-28,601231.XSHG,0.150925412774086
2026-05-08,601231.XSHG,0.3356053829193115
2026-01-09,601233.XSHG,0.17294543981552124
2026-01-16,601233.XSHG,-0.06270481646060944
2026-01-23,601233.XSHG,-0.2191024273633957
2026-01-30,601233.XSHG,-0.6641200184822083
2026-02-06,601233.XSHG,-0.8550392985343933
2026-02-13,601233.XSHG,-0.863728940486908
2026-03-02,601233.XSHG,-0.9551293253898621
2026-03-09,601233.XSHG,-0.9937819838523865
2026-03-16,601233.XSHG,-0.8366321921348572
2026-03-23,601233.XSHG,-0.9348306059837341
2026-03-30,601233.XSHG,-0.8869689106941223
2026-04-07,601233.XSHG,-0.9242010712623596
2026-04-14,601233.XSHG,-0.8171767592430115
2026-04-21,601233.XSHG,-0.7007158398628235
2026-04-28,601233.XSHG,-0.6337695717811584
2026-05-08,601233.XSHG,-0.5146229267120361
2026-05-15,601233.XSHG,-0.3150418996810913
2026-05-22,601233.XSHG,-0.05277810990810394
2026-05-29,601233.XSHG,0.2811012268066406
2026-06-05,601233.XSHG,0.4106065630912781
2026-06-12,601233.XSHG,0.547991156578064
2026-06-22,601233.XSHG,0.534624457359314
2026-06-29,601233.XSHG,0.704578697681427
2026-07-06,601233.XSHG,0.736761212348938
2026-07-13,601233.XSHG,0.8637939691543579
2026-07-20,601233.XSHG,0.9888569712638855
2026-07-27,601233.XSHG,1.0690951347351074
2026-06-29,601298.XSHG,0.24628311395645142
2026-07-06,601298.XSHG,0.2747386693954468
2026-07-13,601298.XSHG,0.1081559956073761
2026-07-20,601298.XSHG,0.06939017027616501
2026-07-27,601298.XSHG,0.06453846395015717
2026-01-09,601333.XSHG,0.8430553078651428
2026-01-16,601333.XSHG,0.8352677822113037
2026-01-23,601333.XSHG,0.8344267010688782
2026-01-30,601333.XSHG,0.7974915504455566
2026-02-06,601333.XSHG,0.8023640513420105
2026-02-13,601333.XSHG,0.7576550245285034
2026-03-02,601333.XSHG,0.74635249376297
2026-03-09,601333.XSHG,0.8159330487251282
2026-03-16,601333.XSHG,0.8503407835960388
2026-03-23,601333.XSHG,0.7198157906532288
2026-03-30,601333.XSHG,0.6811363101005554
2026-04-07,601333.XSHG,0.757554829120636
2026-04-14,601333.XSHG,0.7731519341468811
2026-04-21,601333.XSHG,0.6462410092353821
2026-04-28,601333.XSHG,0.6339032053947449
2026-05-08,601333.XSHG,0.7681584358215332
2026-02-06,601399.XSHG,0.6036860942840576
2026-02-13,601399.XSHG,0.7232053279876709
2026-03-02,601399.XSHG,0.8397040963172913
2026-03-09,601399.XSHG,0.9121269583702087
2026-03-16,601399.XSHG,0.9466484785079956
2026-03-23,601399.XSHG,0.9327539205551147
2026-03-30,601399.XSHG,0.8966652154922485
2026-04-07,601399.XSHG,0.8699721693992615
2026-04-14,601399.XSHG,0.8098572492599487
2026-04-21,601399.XSHG,0.7637233734130859
2026-04-28,601399.XSHG,0.7764394879341125
2026-05-08,601399.XSHG,0.7894068360328674
2026-05-15,601399.XSHG,0.8068895936012268
2026-05-22,601399.XSHG,0.8326579928398132
2026-05-29,601399.XSHG,0.855418860912323
2026-06-05,601399.XSHG,0.8590573072433472
2026-06-12,601399.XSHG,0.8434270620346069
2026-06-22,601399.XSHG,0.8790886402130127
2026-06-29,601399.XSHG,0.8144605755805969
2026-07-06,601399.XSHG,0.7739806175231934
2026-07-13,601399.XSHG,0.7466903328895569
2026-07-20,601399.XSHG,0.7646823525428772
2026-07-27,601399.XSHG,0.7346749901771545
2026-01-09,601555.XSHG,0.7565926909446716
2026-01-16,601555.XSHG,0.778725266456604
2026-01-23,601555.XSHG,0.7776844501495361
2026-01-30,601555.XSHG,0.718767523765564
2026-02-06,601555.XSHG,0.7412139773368835
2026-02-13,601555.XSHG,0.7641453146934509
2026-03-30,601555.XSHG,0.6803610920906067
2026-04-07,601555.XSHG,0.7020042538642883
2026-04-14,601555.XSHG,0.574805736541748
2026-04-21,601555.XSHG,0.5934939980506897
2026-04-28,601555.XSHG,0.5540635585784912
2026-05-08,601555.XSHG,0.5639782547950745
2026-05-15,601555.XSHG,0.4614868760108948
2026-05-22,601555.XSHG,0.5093235969543457
2026-05-29,601555.XSHG,0.5693264603614807
2026-06-05,601555.XSHG,0.6817058324813843
2026-06-12,601555.XSHG,0.5781229138374329
2026-06-22,601555.XSHG,0.45766782760620117
2026-06-29,601555.XSHG,0.6951469779014587
2026-07-06,601555.XSHG,0.6618253588676453
2026-07-13,601555.XSHG,0.6879223585128784
2026-07-20,601555.XSHG,0.7166218161582947
2026-07-27,601555.XSHG,0.6781691312789917
2026-01-09,601577.XSHG,0.6690325736999512
2026-01-16,601577.XSHG,0.6040217876434326
2026-01-23,601577.XSHG,0.6133820414543152
2026-01-30,601577.XSHG,0.5434452891349792
2026-02-06,601577.XSHG,0.7114635705947876
2026-02-13,601577.XSHG,0.8369907736778259
2026-03-02,601577.XSHG,0.8810248374938965
2026-03-09,601577.XSHG,0.8619175553321838
2026-03-16,601577.XSHG,0.6497793197631836
2026-03-23,601577.XSHG,0.5733388662338257
2026-03-30,601577.XSHG,0.5830603241920471
2026-04-07,601577.XSHG,0.5673904418945312
2026-04-14,601577.XSHG,0.5499107241630554
2026-04-21,601577.XSHG,0.6002315878868103
2026-04-28,601577.XSHG,0.5217824578285217
2026-05-08,601577.XSHG,0.5527540445327759
2026-05-15,601577.XSHG,0.5652581453323364
2026-05-22,601577.XSHG,0.7014936208724976
2026-05-29,601577.XSHG,0.6235606670379639
2026-06-05,601577.XSHG,1.007291555404663
2026-06-12,601577.XSHG,1.075066089630127
2026-06-22,601577.XSHG,0.9833969473838806
2026-06-29,601577.XSHG,0.8916497230529785
2026-07-06,601577.XSHG,0.5038037300109863
2026-07-13,601577.XSHG,0.4165349006652832
2026-07-20,601577.XSHG,0.501140296459198
2026-07-27,601577.XSHG,0.5779047012329102
2026-01-09,601598.XSHG,0.8715214729309082
2026-01-16,601598.XSHG,0.8981459736824036
2026-01-23,601598.XSHG,0.8210687041282654
2026-01-30,601598.XSHG,0.3100162148475647
2026-02-06,601598.XSHG,0.43488872051239014
2026-02-13,601598.XSHG,0.5354489088058472
2026-03-02,601598.XSHG,0.30774232745170593
2026-03-09,601598.XSHG,0.29536694288253784
2026-03-16,601598.XSHG,0.4173315465450287
2026-03-23,601598.XSHG,0.5489518642425537
2026-03-30,601598.XSHG,0.45465999841690063
2026-04-07,601598.XSHG,0.3290185332298279
2026-04-14,601598.XSHG,0.29358625411987305
2026-04-21,601598.XSHG,0.3098556399345398
2026-04-28,601598.XSHG,0.27603623270988464
2026-05-08,601598.XSHG,0.41315537691116333
2026-05-15,601598.XSHG,0.5704333782196045
2026-05-22,601598.XSHG,0.6712349057197571
2026-05-29,601598.XSHG,0.865987241268158
2026-06-05,601598.XSHG,0.9623408913612366
2026-06-12,601598.XSHG,0.94503253698349
2026-06-22,601598.XSHG,0.827131986618042
2026-06-29,601598.XSHG,0.6606045365333557
2026-07-06,601598.XSHG,0.37663018703460693
2026-07-13,601598.XSHG,0.48837530612945557
2026-07-20,601598.XSHG,0.523064374923706
2026-07-27,601598.XSHG,0.5741382837295532
2026-01-09,601608.XSHG,1.081660509109497
2026-01-16,601608.XSHG,1.1172527074813843
2026-01-23,601608.XSHG,0.8498414754867554
2026-01-30,601608.XSHG,0.8322078585624695
2026-02-06,601608.XSHG,0.7839820981025696
2026-02-13,601608.XSHG,0.6312804818153381
2026-03-02,601608.XSHG,0.61704021692276
2026-03-09,601608.XSHG,0.641676127910614
2026-03-16,601608.XSHG,0.6683058738708496
2026-03-23,601608.XSHG,0.6860321164131165
2026-03-30,601608.XSHG,0.7236502766609192
2026-04-07,601608.XSHG,0.7580615878105164
2026-04-14,601608.XSHG,0.804779589176178
2026-04-21,601608.XSHG,0.822571337223053
2026-04-28,601608.XSHG,0.818364679813385
2026-05-08,601608.XSHG,0.7829439043998718
2026-05-15,601608.XSHG,0.7772133350372314
2026-05-22,601608.XSHG,0.8052422404289246
2026-05-29,601608.XSHG,0.788054883480072
2026-06-05,601608.XSHG,0.7482617497444153
2026-06-12,601608.XSHG,0.7885980606079102
2026-06-22,601608.XSHG,0.8214485049247742
2026-06-29,601608.XSHG,0.823458194732666
2026-07-06,601608.XSHG,0.7838874459266663
2026-07-13,601608.XSHG,0.31865039467811584
2026-07-20,601608.XSHG,0.5379242300987244
2026-07-27,601608.XSHG,0.541613757610321
2026-01-09,601611.XSHG,0.34562116861343384
2026-01-16,601611.XSHG,0.18344822525978088
2026-01-23,601611.XSHG,0.04163797199726105
2026-01-30,601611.XSHG,-0.05431409180164337
2026-02-06,601611.XSHG,-0.03322078287601471
2026-02-13,601611.XSHG,0.08125485479831696
2026-03-02,601611.XSHG,0.22575576603412628
2026-03-09,601611.XSHG,0.3528158664703369
2026-03-16,601611.XSHG,0.3481612801551819
2026-03-23,601611.XSHG,0.5927360653877258
2026-03-30,601611.XSHG,0.788753092288971
2026-04-07,601611.XSHG,0.9229802489280701
2026-04-14,601611.XSHG,1.0259531736373901
2026-04-21,601611.XSHG,1.0649175643920898
2026-04-28,601611.XSHG,1.0638750791549683
2026-05-08,601611.XSHG,1.0633540153503418
2026-05-15,601611.XSHG,1.0348200798034668
2026-05-22,601611.XSHG,1.0136680603027344
2026-05-29,601611.XSHG,0.9908764362335205
2026-06-05,601611.XSHG,0.9558894038200378
2026-06-12,601611.XSHG,0.9378824830055237
2026-06-22,601611.XSHG,0.9071404337882996
2026-06-29,601611.XSHG,0.7574625611305237
2026-07-06,601611.XSHG,0.7381213307380676
2026-07-13,601611.XSHG,0.7404515743255615
2026-07-20,601611.XSHG,0.7669026255607605
2026-07-27,601611.XSHG,0.788336992263794
2026-01-09,601615.XSHG,0.5255396962165833
2026-02-06,601615.XSHG,0.415094792842865
2026-02-13,601615.XSHG,0.43741685152053833
2026-03-02,601615.XSHG,0.5458112359046936
2026-03-09,601615.XSHG,0.5081685781478882
2026-03-16,601615.XSHG,0.4396887421607971
2026-03-23,601615.XSHG,0.2955549359321594
2026-03-30,601615.XSHG,0.21789059042930603
2026-04-07,601615.XSHG,0.25778621435165405
2026-04-14,601615.XSHG,0.12478400021791458
2026-04-21,601615.XSHG,0.1272934526205063
2026-04-28,601615.XSHG,0.21769383549690247
2026-05-08,601615.XSHG,-0.09153248369693756
2026-05-15,601615.XSHG,0.0015098005533218384
2026-05-22,601615.XSHG,-0.006401628255844116
2026-05-29,601615.XSHG,0.031959474086761475
2026-06-05,601615.XSHG,0.15544170141220093
2026-06-12,601615.XSHG,0.2910536229610443
2026-06-22,601615.XSHG,0.35882139205932617
2026-06-29,601615.XSHG,0.5958395004272461
2026-07-06,601615.XSHG,0.6880565285682678
2026-07-13,601615.XSHG,0.6962199807167053
2026-07-20,601615.XSHG,0.60014808177948
2026-07-27,601615.XSHG,0.6886752247810364
2026-01-09,601665.XSHG,0.4401535391807556
2026-01-16,601665.XSHG,0.5261873602867126
2026-01-23,601665.XSHG,0.6017178297042847
2026-01-30,601665.XSHG,0.5241442918777466
2026-02-06,601665.XSHG,0.5284985303878784
2026-02-13,601665.XSHG,0.5824849605560303
2026-03-02,601665.XSHG,0.6237102150917053
2026-03-09,601665.XSHG,0.6655681133270264
2026-03-16,601665.XSHG,0.6489980220794678
2026-03-23,601665.XSHG,0.6747437119483948
2026-03-30,601665.XSHG,0.7469422817230225
2026-04-07,601665.XSHG,0.7825108170509338
2026-04-14,601665.XSHG,0.7536806464195251
2026-04-21,601665.XSHG,0.8268527388572693
2026-04-28,601665.XSHG,0.7767983675003052
2026-05-08,601665.XSHG,0.6960247159004211
2026-05-15,601665.XSHG,0.5682225823402405
2026-05-22,601665.XSHG,0.5115951895713806
2026-05-29,601665.XSHG,0.517617404460907
2026-06-05,601665.XSHG,0.6650762557983398
2026-06-12,601665.XSHG,0.6189696788787842
2026-06-22,601665.XSHG,0.4532201886177063
2026-06-29,601665.XSHG,0.38967275619506836
2026-07-06,601665.XSHG,0.41554754972457886
2026-07-13,601665.XSHG,0.3120971918106079
2026-07-20,601665.XSHG,0.3917081952095032
2026-07-27,601665.XSHG,0.25326260924339294
2026-01-09,601666.XSHG,0.7142189145088196
2026-01-16,601666.XSHG,0.734612226486206
2026-01-23,601666.XSHG,0.7494147419929504
2026-01-30,601666.XSHG,0.6508786082267761
2026-02-06,601666.XSHG,0.6325202584266663
2026-02-13,601666.XSHG,0.6708637475967407
2026-03-02,601666.XSHG,0.6453977227210999
2026-03-09,601666.XSHG,0.3930264711380005
2026-03-16,601666.XSHG,0.3764166533946991
2026-03-23,601666.XSHG,0.023877069354057312
2026-03-30,601666.XSHG,0.20730289816856384
2026-04-07,601666.XSHG,0.36768418550491333
2026-04-14,601666.XSHG,0.5643832683563232
2026-04-21,601666.XSHG,0.5578799843788147
2026-04-28,601666.XSHG,0.6303186416625977
2026-05-08,601666.XSHG,0.6859351992607117
2026-05-15,601666.XSHG,0.6123315095901489
2026-05-22,601666.XSHG,0.6124410033226013
2026-05-29,601666.XSHG,0.7741019129753113
2026-06-05,601666.XSHG,0.4485558271408081
2026-06-12,601666.XSHG,0.6121989488601685
2026-06-22,601666.XSHG,0.48197656869888306
2026-06-29,601666.XSHG,0.5598276257514954
2026-07-06,601666.XSHG,0.4100678563117981
2026-07-13,601666.XSHG,0.541080117225647
2026-07-20,601666.XSHG,0.432330846786499
2026-07-27,601666.XSHG,0.5249180197715759
2026-01-09,601696.XSHG,0.7167249917984009
2026-01-16,601696.XSHG,0.6432287693023682
2026-01-23,601696.XSHG,0.6842363476753235
2026-01-30,601696.XSHG,0.7384293675422668
2026-02-06,601696.XSHG,0.6374273300170898
2026-02-13,601696.XSHG,0.7079979777336121
2026-03-02,601696.XSHG,0.7645804286003113
2026-03-09,601696.XSHG,0.8170282244682312
2026-03-16,601696.XSHG,0.8319299817085266
2026-03-23,601696.XSHG,0.8660467267036438
2026-03-30,601696.XSHG,0.8608221411705017
2026-04-07,601696.XSHG,0.8493476510047913
2026-04-14,601696.XSHG,0.8293413519859314
2026-04-21,601696.XSHG,0.775518000125885
2026-04-28,601696.XSHG,0.7585667371749878
2026-05-08,601696.XSHG,0.7555921673774719
2026-05-15,601696.XSHG,0.742876410484314
2026-05-22,601696.XSHG,0.7357175350189209
2026-05-29,601696.XSHG,0.7398030757904053
2026-06-05,601696.XSHG,0.7512672543525696
2026-06-12,601696.XSHG,0.4217733144760132
2026-06-22,601696.XSHG,0.3733851909637451
2026-06-29,601696.XSHG,0.6557791233062744
2026-07-06,601696.XSHG,0.6110120415687561
2026-07-13,601696.XSHG,0.5741897225379944
2026-07-20,601696.XSHG,0.5907647013664246
2026-07-27,601696.XSHG,0.6459168195724487
2026-01-09,601699.XSHG,0.556930422782898
2026-01-16,601699.XSHG,0.5682167410850525
2026-01-23,601699.XSHG,0.5800988674163818
2026-01-30,601699.XSHG,0.37675929069519043
2026-02-06,601699.XSHG,0.3359435796737671
2026-02-13,601699.XSHG,0.36017507314682007
2026-03-02,601699.XSHG,0.25201311707496643
2026-03-09,601699.XSHG,0.02240411937236786
2026-03-16,601699.XSHG,0.2205899953842163
2026-03-23,601699.XSHG,-0.027572795748710632
2026-03-30,601699.XSHG,0.05694584548473358
2026-04-07,601699.XSHG,0.12250463664531708
2026-04-14,601699.XSHG,0.1158134788274765
2026-04-21,601699.XSHG,-0.06627808511257172
2026-04-28,601699.XSHG,-0.12185584008693695
2026-05-08,601699.XSHG,0.026140257716178894
2026-05-15,601699.XSHG,-0.00281621515750885
2026-05-22,601699.XSHG,0.1709284782409668
2026-05-29,601699.XSHG,0.22942033410072327
2026-06-05,601699.XSHG,0.2795330584049225
2026-06-12,601699.XSHG,0.3469058871269226
2026-06-22,601699.XSHG,0.48595482110977173
2026-06-29,601699.XSHG,0.6782256364822388
2026-07-06,601699.XSHG,0.7252011299133301
2026-07-13,601699.XSHG,0.8760468363761902
2026-07-20,601699.XSHG,0.716762125492096
2026-07-27,601699.XSHG,0.6273750066757202
2026-01-09,601717.XSHG,0.5766522884368896
2026-01-16,601717.XSHG,0.6971149444580078
2026-01-23,601717.XSHG,0.7493022084236145
2026-01-30,601717.XSHG,0.7784671783447266
2026-02-06,601717.XSHG,0.7857140302658081
2026-02-13,601717.XSHG,0.7686790227890015
2026-03-02,601717.XSHG,0.6453568339347839
2026-03-09,601717.XSHG,0.6204708218574524
2026-03-16,601717.XSHG,0.555060625076294
2026-03-23,601717.XSHG,0.5683320164680481
2026-03-30,601717.XSHG,0.6539557576179504
2026-04-07,601717.XSHG,0.5772956609725952
2026-04-14,601717.XSHG,0.5985096096992493
2026-04-21,601717.XSHG,0.7894859910011292
2026-04-28,601717.XSHG,0.6940896511077881
2026-05-08,601717.XSHG,0.7415845990180969
2026-05-15,601717.XSHG,0.8003038167953491
2026-05-22,601717.XSHG,0.41272979974746704
2026-05-29,601717.XSHG,0.5414983034133911
2026-06-05,601717.XSHG,0.6143996715545654
2026-06-12,601717.XSHG,0.6867274045944214
2026-06-22,601717.XSHG,0.6931558847427368
2026-06-29,601717.XSHG,0.6431689858436584
2026-07-06,601717.XSHG,0.6674516201019287
2026-07-13,601717.XSHG,0.6609246134757996
2026-07-20,601717.XSHG,0.6671778559684753
2026-07-27,601717.XSHG,0.7046766877174377
2026-03-09,601799.XSHG,0.12276047468185425
2026-03-16,601799.XSHG,0.10382551699876785
2026-03-23,601799.XSHG,0.034612953662872314
2026-03-30,601799.XSHG,0.13736411929130554
2026-04-07,601799.XSHG,0.19733306765556335
2026-04-14,601799.XSHG,0.2604933977127075
2026-04-21,601799.XSHG,0.3566388189792633
2026-04-28,601799.XSHG,0.389071524143219
2026-05-08,601799.XSHG,0.25245004892349243
2026-05-15,601799.XSHG,0.2961851954460144
2026-05-22,601799.XSHG,0.44091618061065674
2026-05-29,601799.XSHG,0.504578709602356
2026-06-05,601799.XSHG,0.4716395139694214
2026-06-12,601799.XSHG,0.40304800868034363
2026-06-22,601799.XSHG,0.32855477929115295
2026-06-29,601799.XSHG,0.22386038303375244
2026-07-06,601799.XSHG,0.0943504199385643
2026-07-13,601799.XSHG,0.11008798331022263
2026-07-20,601799.XSHG,0.18626073002815247
2026-07-27,601799.XSHG,0.28530022501945496
2026-03-09,601865.XSHG,0.7525818943977356
2026-03-16,601865.XSHG,0.7529070973396301
2026-03-23,601865.XSHG,0.6834283471107483
2026-03-30,601865.XSHG,0.6306860446929932
2026-04-07,601865.XSHG,0.6563932299613953
2026-04-14,601865.XSHG,0.6779541969299316
2026-04-21,601865.XSHG,0.6868534684181213
2026-04-28,601865.XSHG,0.6771341562271118
2026-05-08,601865.XSHG,0.6918116211891174
2026-05-15,601865.XSHG,0.7033705115318298
2026-05-22,601865.XSHG,0.7216311097145081
2026-05-29,601865.XSHG,0.7598729133605957
2026-06-05,601865.XSHG,0.7928777933120728
2026-06-12,601865.XSHG,0.8065796494483948
2026-06-22,601865.XSHG,0.8067987561225891
2026-06-29,601865.XSHG,0.8541596531867981
2026-07-06,601865.XSHG,0.813779354095459
2026-07-13,601865.XSHG,0.7934238910675049
2026-07-20,601865.XSHG,0.7868026494979858
2026-07-27,601865.XSHG,0.7838583588600159
2026-01-09,601866.XSHG,0.9094191193580627
2026-01-16,601866.XSHG,0.9014087319374084
2026-01-23,601866.XSHG,0.8965716361999512
2026-01-30,601866.XSHG,0.8729185461997986
2026-02-06,601866.XSHG,0.7793002724647522
2026-02-13,601866.XSHG,0.6584079265594482
2026-03-02,601866.XSHG,0.2398906946182251
2026-03-09,601866.XSHG,-0.02420644462108612
2026-03-16,601866.XSHG,-0.38633042573928833
2026-03-23,601866.XSHG,-0.26913899183273315
2026-03-30,601866.XSHG,0.006057903170585632
2026-04-07,601866.XSHG,-0.22867397964000702
2026-04-14,601866.XSHG,0.039048194885253906
2026-04-21,601866.XSHG,0.29586148262023926
2026-04-28,601866.XSHG,0.5170156359672546
2026-05-08,601866.XSHG,0.6948934197425842
2026-05-15,601866.XSHG,0.7136825919151306
2026-05-22,601866.XSHG,0.7817601561546326
2026-05-29,601866.XSHG,0.8085439801216125
2026-06-05,601866.XSHG,0.7787328362464905
2026-06-12,601866.XSHG,0.7796642184257507
2026-06-22,601866.XSHG,0.8329893946647644
2026-06-29,601866.XSHG,0.791309118270874
2026-07-06,601866.XSHG,0.6938489675521851
2026-07-13,601866.XSHG,0.7663610577583313
2026-07-20,601866.XSHG,0.8410961627960205
2026-07-27,601866.XSHG,0.7708757519721985
2026-06-29,601869.XSHG,0.06948137283325195
2026-07-06,601869.XSHG,0.22165687382221222
2026-07-13,601869.XSHG,0.27834653854370117
2026-07-20,601869.XSHG,0.022024795413017273
2026-07-27,601869.XSHG,0.017140686511993408
2026-01-09,601880.XSHG,0.8328855037689209
2026-01-16,601880.XSHG,0.8294937610626221
2026-01-23,601880.XSHG,0.8419280648231506
2026-01-30,601880.XSHG,0.8460660576820374
2026-02-06,601880.XSHG,0.8277729749679565
2026-02-13,601880.XSHG,0.7292580008506775
2026-03-02,601880.XSHG,0.43554019927978516
2026-03-09,601880.XSHG,0.5214313268661499
2026-03-16,601880.XSHG,0.5399227738380432
2026-03-23,601880.XSHG,0.4660511016845703
2026-03-30,601880.XSHG,0.401294469833374
2026-04-07,601880.XSHG,0.3691667318344116
2026-04-14,601880.XSHG,0.4714743494987488
2026-04-21,601880.XSHG,0.6214515566825867
2026-04-28,601880.XSHG,0.6949464678764343
2026-05-08,601880.XSHG,0.591598629951477
2026-05-15,601880.XSHG,0.6484981775283813
2026-05-22,601880.XSHG,0.6875700950622559
2026-05-29,601880.XSHG,0.7108973860740662
2026-06-05,601880.XSHG,0.6326814293861389
2026-06-12,601880.XSHG,0.5775644779205322
2026-06-22,601880.XSHG,0.6047793626785278
2026-06-29,601880.XSHG,0.6212888360023499
2026-07-06,601880.XSHG,0.5752071738243103
2026-07-13,601880.XSHG,0.6848193407058716
2026-07-20,601880.XSHG,0.6593366265296936
2026-07-27,601880.XSHG,0.6890355944633484
2026-01-09,601928.XSHG,0.417938232421875
2026-01-16,601928.XSHG,0.3508007526397705
2026-01-23,601928.XSHG,0.4028053283691406
2026-01-30,601928.XSHG,0.4446227550506592
2026-02-06,601928.XSHG,0.45863670110702515
2026-02-13,601928.XSHG,0.5642779469490051
2026-03-02,601928.XSHG,0.6312525868415833
2026-03-09,601928.XSHG,0.5575985908508301
2026-03-16,601928.XSHG,0.6363207101821899
2026-03-23,601928.XSHG,0.6627907156944275
2026-03-30,601928.XSHG,0.7837291955947876
2026-04-07,601928.XSHG,0.7494115829467773
2026-04-14,601928.XSHG,0.741767942905426
2026-04-21,601928.XSHG,0.3327929973602295
2026-04-28,601928.XSHG,0.31261467933654785
2026-05-08,601928.XSHG,0.5199082493782043
2026-05-15,601928.XSHG,0.6512956023216248
2026-05-22,601928.XSHG,0.7143653035163879
2026-05-29,601928.XSHG,0.7116572260856628
2026-06-05,601928.XSHG,0.9125478267669678
2026-06-12,601928.XSHG,1.0363432168960571
2026-06-22,601928.XSHG,0.9298060536384583
2026-06-29,601928.XSHG,0.8532561659812927
2026-07-06,601928.XSHG,0.5186212658882141
2026-07-13,601928.XSHG,0.4627998471260071
2026-07-20,601928.XSHG,0.4385872781276703
2026-07-27,601928.XSHG,0.18823063373565674
2026-01-09,601958.XSHG,0.5694474577903748
2026-01-16,601958.XSHG,0.48139166831970215
2026-01-23,601958.XSHG,0.35650986433029175
2026-01-30,601958.XSHG,-0.028327733278274536
2026-02-06,601958.XSHG,-0.4136952757835388
2026-02-13,601958.XSHG,-0.4712677597999573
2026-03-02,601958.XSHG,-0.6901126503944397
2026-03-09,601958.XSHG,-0.5736752152442932
2026-03-16,601958.XSHG,-0.3940034508705139
2026-03-23,601958.XSHG,-0.09315882623195648
2026-03-30,601958.XSHG,0.27686625719070435
2026-04-07,601958.XSHG,0.6405567526817322
2026-04-14,601958.XSHG,0.9659761190414429
2026-04-21,601958.XSHG,1.137959599494934
2026-04-28,601958.XSHG,1.2094472646713257
2026-05-08,601958.XSHG,1.222008228302002
2026-05-15,601958.XSHG,1.1360563039779663
2026-05-22,601958.XSHG,1.0295798778533936
2026-05-29,601958.XSHG,0.7492066025733948
2026-06-05,601958.XSHG,0.6869952082633972
2026-06-12,601958.XSHG,0.5930790305137634
2026-06-22,601958.XSHG,0.11219723522663116
2026-06-29,601958.XSHG,0.05947007238864899
2026-07-06,601958.XSHG,0.24056994915008545
2026-07-13,601958.XSHG,0.48706281185150146
2026-07-20,601958.XSHG,0.6969433426856995
2026-07-27,601958.XSHG,0.8940299153327942
2026-02-06,601965.XSHG,0.4953177571296692
2026-02-13,601965.XSHG,0.1143500804901123
2026-03-02,601965.XSHG,0.2613168954849243
2026-03-09,601965.XSHG,0.307032972574234
2026-03-16,601965.XSHG,0.4492981433868408
2026-03-23,601965.XSHG,0.5525076389312744
2026-03-30,601965.XSHG,0.6179361939430237
2026-04-07,601965.XSHG,0.636370837688446
2026-04-14,601965.XSHG,0.6294196248054504
2026-04-21,601965.XSHG,0.5887939929962158
2026-04-28,601965.XSHG,0.5638185739517212
2026-05-08,601965.XSHG,0.4418696165084839
2026-01-09,601966.XSHG,0.7630860209465027
2026-01-16,601966.XSHG,0.5715622305870056
2026-01-23,601966.XSHG,0.6350564956665039
2026-01-30,601966.XSHG,0.6807901263237
2026-02-06,601966.XSHG,0.7054383158683777
2026-02-13,601966.XSHG,0.695429265499115
2026-03-02,601966.XSHG,0.7405961751937866
2026-03-09,601966.XSHG,0.7197167277336121
2026-03-16,601966.XSHG,0.7150973677635193
2026-03-23,601966.XSHG,0.6384726762771606
2026-03-30,601966.XSHG,0.6453165411949158
2026-04-07,601966.XSHG,0.6756862998008728
2026-04-14,601966.XSHG,0.6912123560905457
2026-04-21,601966.XSHG,0.6993095278739929
2026-04-28,601966.XSHG,0.35477954149246216
2026-05-08,601966.XSHG,0.34943437576293945
2026-05-15,601966.XSHG,0.4338175654411316
2026-05-22,601966.XSHG,0.499674916267395
2026-05-29,601966.XSHG,0.571696400642395
2026-06-05,601966.XSHG,0.668042004108429
2026-06-12,601966.XSHG,0.6661478877067566
2026-06-22,601966.XSHG,0.6341426968574524
2026-06-29,601966.XSHG,0.6245083808898926
2026-07-06,601966.XSHG,0.4964313507080078
2026-07-13,601966.XSHG,0.5453872680664062
2026-07-20,601966.XSHG,0.5896028280258179
2026-07-27,601966.XSHG,0.6151337623596191
2026-01-09,601990.XSHG,0.6611805558204651
2026-01-16,601990.XSHG,0.6766988635063171
2026-01-23,601990.XSHG,0.692243754863739
2026-01-30,601990.XSHG,0.6666868925094604
2026-02-06,601990.XSHG,0.6923201680183411
2026-02-13,601990.XSHG,0.6984570026397705
2026-03-02,601990.XSHG,0.6559524536132812
2026-03-09,601990.XSHG,0.6793628931045532
2026-03-16,601990.XSHG,0.6474270820617676
2026-03-23,601990.XSHG,0.5403774976730347
2026-03-30,601990.XSHG,0.4727203845977783
2026-04-07,601990.XSHG,0.5477860569953918
2026-04-14,601990.XSHG,0.6204016208648682
2026-04-21,601990.XSHG,0.6493057608604431
2026-04-28,601990.XSHG,0.5559750199317932
2026-05-08,601990.XSHG,0.5807103514671326
2026-05-15,601990.XSHG,0.6241156458854675
2026-05-22,601990.XSHG,0.576570451259613
2026-05-29,601990.XSHG,0.5467370748519897
2026-06-05,601990.XSHG,0.6524454951286316
2026-06-12,601990.XSHG,0.4190889298915863
2026-06-22,601990.XSHG,0.40295130014419556
2026-06-29,601990.XSHG,0.649778425693512
2026-07-06,601990.XSHG,0.6599873900413513
2026-07-13,601990.XSHG,0.6976872086524963
2026-07-20,601990.XSHG,0.6390038132667542
2026-07-27,601990.XSHG,0.6827006936073303
2026-01-09,601991.XSHG,0.7156150937080383
2026-01-16,601991.XSHG,0.6770738959312439
2026-01-23,601991.XSHG,0.7221464514732361
2026-01-30,601991.XSHG,0.7258887887001038
2026-02-06,601991.XSHG,0.6997780203819275
2026-02-13,601991.XSHG,0.6623879671096802
2026-03-02,601991.XSHG,0.4608811140060425
2026-03-09,601991.XSHG,0.3670945167541504
2026-03-16,601991.XSHG,-0.015044882893562317
2026-03-23,601991.XSHG,-0.12258665263652802
2026-03-30,601991.XSHG,-0.14157508313655853
2026-04-07,601991.XSHG,-0.06071947515010834
2026-04-14,601991.XSHG,0.16506598889827728
2026-04-21,601991.XSHG,0.09872646629810333
2026-04-28,601991.XSHG,0.290502667427063
2026-05-08,601991.XSHG,-0.003604397177696228
2026-05-15,601991.XSHG,0.025682002305984497
2026-05-22,601991.XSHG,0.08537749946117401
2026-05-29,601991.XSHG,0.27070707082748413
2026-06-05,601991.XSHG,0.25564926862716675
2026-06-12,601991.XSHG,0.34741103649139404
2026-06-22,601991.XSHG,0.31607362627983093
2026-06-29,601991.XSHG,0.40343931317329407
2026-07-06,601991.XSHG,0.3976067304611206
2026-07-13,601991.XSHG,0.3864016532897949
2026-07-20,601991.XSHG,0.049080148339271545
2026-07-27,601991.XSHG,-0.11254425346851349
2026-01-09,601997.XSHG,0.7198520302772522
2026-01-16,601997.XSHG,0.695523202419281
2026-01-23,601997.XSHG,0.6870896816253662
2026-01-30,601997.XSHG,0.6716580390930176
2026-02-06,601997.XSHG,0.6125438809394836
2026-02-13,601997.XSHG,0.5989543795585632
2026-03-02,601997.XSHG,0.6017411947250366
2026-03-09,601997.XSHG,0.6348970532417297
2026-03-16,601997.XSHG,0.6579987406730652
2026-03-23,601997.XSHG,0.48098206520080566
2026-03-30,601997.XSHG,0.46285128593444824
2026-04-07,601997.XSHG,0.5732727646827698
2026-04-14,601997.XSHG,0.6313170194625854
2026-04-21,601997.XSHG,0.6409352421760559
2026-04-28,601997.XSHG,0.7168230414390564
2026-05-08,601997.XSHG,0.8735474944114685
2026-05-15,601997.XSHG,0.7531535029411316
2026-05-22,601997.XSHG,0.7716460227966309
2026-05-29,601997.XSHG,0.7049557566642761
2026-06-05,601997.XSHG,0.640727698802948
2026-06-12,601997.XSHG,0.6120620369911194
2026-06-22,601997.XSHG,0.4551914930343628
2026-06-29,601997.XSHG,0.3617253601551056
2026-07-06,601997.XSHG,0.23347356915473938
2026-07-13,601997.XSHG,0.29979294538497925
2026-07-20,601997.XSHG,0.3301464319229126
2026-07-27,601997.XSHG,0.39813175797462463
2026-01-09,603000.XSHG,0.31161606311798096
2026-01-16,603000.XSHG,0.0027182847261428833
2026-01-23,603000.XSHG,-0.47978276014328003
2026-01-30,603000.XSHG,-0.4957572817802429
2026-02-06,603000.XSHG,-0.39271897077560425
2026-02-13,603000.XSHG,-0.4926633834838867
2026-03-02,603000.XSHG,-0.3050779104232788
2026-03-09,603000.XSHG,-0.11822812259197235
2026-03-16,603000.XSHG,0.03631012141704559
2026-03-23,603000.XSHG,0.18733510375022888
2026-03-30,603000.XSHG,0.300584614276886
2026-04-07,603000.XSHG,0.4365087151527405
2026-04-14,603000.XSHG,0.5942789316177368
2026-04-21,603000.XSHG,0.6875676512718201
2026-04-28,603000.XSHG,0.7611680626869202
2026-05-08,603000.XSHG,0.7883629202842712
2026-05-15,603000.XSHG,0.7266039252281189
2026-05-22,603000.XSHG,0.7269942760467529
2026-05-29,603000.XSHG,0.7273728251457214
2026-06-05,603000.XSHG,0.5092057585716248
2026-06-12,603000.XSHG,0.5776892900466919
2026-06-22,603000.XSHG,0.6351279616355896
2026-06-29,603000.XSHG,0.68584144115448
2026-07-06,603000.XSHG,0.7140539288520813
2026-07-13,603000.XSHG,0.7312255501747131
2026-07-20,603000.XSHG,0.823854386806488
2026-07-27,603000.XSHG,0.8298547267913818
2026-01-09,603077.XSHG,0.9177330732345581
2026-01-16,603077.XSHG,0.8545499444007874
2026-01-23,603077.XSHG,0.4268757700920105
2026-01-30,603077.XSHG,0.27262213826179504
2026-02-06,603077.XSHG,0.08829587697982788
2026-02-13,603077.XSHG,0.10278351604938507
2026-03-02,603077.XSHG,-0.10865847766399384
2026-03-09,603077.XSHG,-0.15096016228199005
2026-03-16,603077.XSHG,-0.1424853652715683
2026-03-23,603077.XSHG,-0.06825502216815948
2026-03-30,603077.XSHG,-0.27798354625701904
2026-04-07,603077.XSHG,-0.5045576095581055
2026-04-14,603077.XSHG,-0.4940853714942932
2026-04-21,603077.XSHG,-0.4911198019981384
2026-04-28,603077.XSHG,-0.39217209815979004
2026-05-08,603077.XSHG,-0.2571801543235779
2026-05-15,603077.XSHG,-0.08790554106235504
2026-05-22,603077.XSHG,0.035656049847602844
2026-05-29,603077.XSHG,0.2625795304775238
2026-06-05,603077.XSHG,0.4404657781124115
2026-06-12,603077.XSHG,0.5578625798225403
2026-06-22,603077.XSHG,0.4767533540725708
2026-06-29,603077.XSHG,0.5704342722892761
2026-07-06,603077.XSHG,0.6932201981544495
2026-07-13,603077.XSHG,0.7844091057777405
2026-07-20,603077.XSHG,0.8719384074211121
2026-07-27,603077.XSHG,0.9261982440948486
2026-02-06,603087.XSHG,0.8288292288780212
2026-02-13,603087.XSHG,0.7792446613311768
2026-03-02,603087.XSHG,0.6974114775657654
2026-03-09,603087.XSHG,0.643386960029602
2026-03-16,603087.XSHG,0.6340602040290833
2026-03-23,603087.XSHG,0.6659783720970154
2026-03-30,603087.XSHG,0.7129597663879395
2026-04-07,603087.XSHG,0.7427332997322083
2026-04-14,603087.XSHG,0.6984549164772034
2026-04-21,603087.XSHG,0.7829952239990234
2026-04-28,603087.XSHG,0.829343855381012
2026-05-08,603087.XSHG,0.7521870732307434
2026-05-15,603087.XSHG,0.6775937080383301
2026-05-22,603087.XSHG,0.6869407892227173
2026-05-29,603087.XSHG,0.6894723176956177
2026-06-05,603087.XSHG,0.6049439907073975
2026-06-12,603087.XSHG,0.6523162722587585
2026-06-22,603087.XSHG,0.7141298055648804
2026-06-29,603087.XSHG,0.38927125930786133
2026-07-06,603087.XSHG,0.23348982632160187
2026-07-13,603087.XSHG,0.45256471633911133
2026-07-20,603087.XSHG,0.4814108610153198
2026-07-27,603087.XSHG,0.6114053130149841
2026-01-09,603156.XSHG,-0.38842684030532837
2026-01-16,603156.XSHG,-0.24974648654460907
2026-01-23,603156.XSHG,-0.05075684189796448
2026-01-30,603156.XSHG,0.18603941798210144
2026-02-06,603156.XSHG,0.4362097382545471
2026-02-13,603156.XSHG,0.2948363721370697
2026-03-02,603156.XSHG,0.4789803624153137
2026-03-09,603156.XSHG,0.6327285170555115
2026-03-16,603156.XSHG,0.792424738407135
2026-03-23,603156.XSHG,0.9642466902732849
2026-03-30,603156.XSHG,1.0776655673980713
2026-04-07,603156.XSHG,1.087487816810608
2026-04-14,603156.XSHG,0.8649367690086365
2026-04-21,603156.XSHG,0.650861382484436
2026-04-28,603156.XSHG,0.6370042562484741
2026-05-08,603156.XSHG,0.5220372676849365
2026-05-15,603156.XSHG,0.3370087146759033
2026-05-22,603156.XSHG,0.33257025480270386
2026-05-29,603156.XSHG,0.5828204154968262
2026-06-05,603156.XSHG,0.7577835321426392
2026-06-12,603156.XSHG,0.8162288069725037
2026-06-22,603156.XSHG,0.8556428551673889
2026-06-29,603156.XSHG,0.7698635458946228
2026-07-06,603156.XSHG,0.7706275582313538
2026-07-13,603156.XSHG,0.635851263999939
2026-07-20,603156.XSHG,0.445667564868927
2026-07-27,603156.XSHG,0.31861168146133423
2026-01-09,603160.XSHG,0.5754635334014893
2026-01-16,603160.XSHG,0.41212987899780273
2026-01-23,603160.XSHG,0.44757920503616333
2026-01-30,603160.XSHG,0.4868812561035156
2026-02-06,603160.XSHG,0.5087429881095886
2026-02-13,603160.XSHG,0.4268963932991028
2026-03-02,603160.XSHG,0.4681662321090698
2026-03-09,603160.XSHG,0.5069355368614197
2026-03-16,603160.XSHG,0.39798837900161743
2026-03-23,603160.XSHG,0.4997033476829529
2026-03-30,603160.XSHG,0.4781503677368164
2026-04-07,603160.XSHG,0.4898573160171509
2026-04-14,603160.XSHG,0.4728682041168213
2026-04-21,603160.XSHG,0.5428661704063416
2026-04-28,603160.XSHG,0.4341629147529602
2026-05-08,603160.XSHG,0.46777039766311646
2026-05-15,603160.XSHG,0.49464815855026245
2026-05-22,603160.XSHG,0.44181305170059204
2026-05-29,603160.XSHG,0.33976805210113525
2026-06-05,603160.XSHG,0.27210357785224915
2026-06-12,603160.XSHG,0.347123384475708
2026-06-22,603160.XSHG,0.4263676702976227
2026-06-29,603160.XSHG,0.4832195043563843
2026-07-06,603160.XSHG,0.49098557233810425
2026-07-13,603160.XSHG,0.4819434881210327
2026-07-20,603160.XSHG,0.3969070315361023
2026-07-27,603160.XSHG,0.2521846294403076
2026-02-06,603179.XSHG,0.04014398157596588
2026-02-13,603179.XSHG,0.2859010696411133
2026-03-02,603179.XSHG,0.48486918210983276
2026-03-09,603179.XSHG,0.6310450434684753
2026-03-16,603179.XSHG,0.7047955393791199
2026-03-23,603179.XSHG,0.7248925566673279
2026-03-30,603179.XSHG,0.8149302005767822
2026-04-07,603179.XSHG,0.8160110712051392
2026-04-14,603179.XSHG,0.7567171454429626
2026-04-21,603179.XSHG,0.7497857809066772
2026-04-28,603179.XSHG,0.7432048916816711
2026-05-08,603179.XSHG,0.4824288487434387
2026-05-15,603179.XSHG,0.4592626690864563
2026-05-22,603179.XSHG,0.453093945980072
2026-05-29,603179.XSHG,0.46367865800857544
2026-06-05,603179.XSHG,0.4917125701904297
2026-06-12,603179.XSHG,0.5754836797714233
2026-06-22,603179.XSHG,0.6445298790931702
2026-06-29,603179.XSHG,0.6689765453338623
2026-07-06,603179.XSHG,0.7144410610198975
2026-07-13,603179.XSHG,0.7588641047477722
2026-07-20,603179.XSHG,0.7454389929771423
2026-07-27,603179.XSHG,0.6991943717002869
2026-01-09,603225.XSHG,-0.06238512694835663
2026-01-16,603225.XSHG,0.09870892763137817
2026-01-23,603225.XSHG,0.3355640769004822
2026-01-30,603225.XSHG,0.5950393080711365
2026-02-06,603225.XSHG,0.5825111269950867
2026-02-13,603225.XSHG,0.6162287592887878
2026-03-02,603225.XSHG,0.36787503957748413
2026-03-09,603225.XSHG,0.22178392112255096
2026-03-16,603225.XSHG,0.23307901620864868
2026-03-23,603225.XSHG,-0.12611328065395355
2026-03-30,603225.XSHG,-0.03141319751739502
2026-04-07,603225.XSHG,-0.09257127344608307
2026-04-14,603225.XSHG,-0.03354090452194214
2026-04-21,603225.XSHG,-0.04403260350227356
2026-04-28,603225.XSHG,0.03126057982444763
2026-05-08,603225.XSHG,0.17716535925865173
2026-05-15,603225.XSHG,0.2835848331451416
2026-05-22,603225.XSHG,0.4496014714241028
2026-05-29,603225.XSHG,0.5776153802871704
2026-06-05,603225.XSHG,0.503868043422699
2026-06-12,603225.XSHG,0.3956575393676758
2026-06-22,603225.XSHG,0.18661755323410034
2026-06-29,603225.XSHG,0.15583321452140808
2026-07-06,603225.XSHG,0.09074586629867554
2026-07-13,603225.XSHG,0.2555379867553711
2026-07-20,603225.XSHG,0.5034992694854736
2026-07-27,603225.XSHG,0.6656537652015686
2026-01-09,603228.XSHG,0.3917413353919983
2026-01-16,603228.XSHG,0.4864006042480469
2026-01-23,603228.XSHG,0.5486385822296143
2026-01-30,603228.XSHG,0.6444382071495056
2026-02-06,603228.XSHG,0.8162575960159302
2026-02-13,603228.XSHG,0.9631537199020386
2026-03-02,603228.XSHG,1.0140552520751953
2026-03-09,603228.XSHG,0.9551929831504822
2026-03-16,603228.XSHG,0.9000211954116821
2026-03-23,603228.XSHG,0.9263670444488525
2026-03-30,603228.XSHG,0.9046794772148132
2026-04-07,603228.XSHG,0.8843021988868713
2026-04-14,603228.XSHG,0.7606255412101746
2026-04-21,603228.XSHG,0.8375059962272644
2026-04-28,603228.XSHG,0.7734928727149963
2026-05-08,603228.XSHG,0.82621830701828
2026-01-09,603233.XSHG,0.6271254420280457
2026-01-16,603233.XSHG,0.632125973701477
2026-01-23,603233.XSHG,0.04683229327201843
2026-01-30,603233.XSHG,0.0027679651975631714
2026-02-06,603233.XSHG,-0.02245493233203888
2026-02-13,603233.XSHG,0.08446304500102997
2026-03-02,603233.XSHG,0.38729023933410645
2026-03-09,603233.XSHG,0.6971381902694702
2026-03-16,603233.XSHG,0.9316825270652771
2026-03-23,603233.XSHG,0.9549019932746887
2026-03-30,603233.XSHG,0.9264378547668457
2026-04-07,603233.XSHG,0.8764153718948364
2026-04-14,603233.XSHG,0.8064863085746765
2026-04-21,603233.XSHG,0.6235634684562683
2026-04-28,603233.XSHG,0.5415223240852356
2026-05-08,603233.XSHG,0.5820021033287048
2026-05-15,603233.XSHG,0.6351619958877563
2026-05-22,603233.XSHG,0.6583859920501709
2026-05-29,603233.XSHG,0.6187054514884949
2026-06-05,603233.XSHG,0.6256088614463806
2026-06-12,603233.XSHG,0.5211926102638245
2026-06-22,603233.XSHG,0.45428067445755005
2026-06-29,603233.XSHG,0.36206746101379395
2026-07-06,603233.XSHG,0.547141969203949
2026-07-13,603233.XSHG,0.6099897623062134
2026-07-20,603233.XSHG,0.7424750924110413
2026-07-27,603233.XSHG,0.7654289603233337
2026-06-29,603256.XSHG,0.18021634221076965
2026-07-06,603256.XSHG,-0.173116073012352
2026-07-13,603256.XSHG,-0.2574436664581299
2026-07-20,603256.XSHG,-0.22590245306491852
2026-07-27,603256.XSHG,-0.8801985383033752
2026-01-09,603290.XSHG,1.0300369262695312
2026-01-16,603290.XSHG,0.7651692628860474
2026-01-23,603290.XSHG,0.7004130482673645
2026-01-30,603290.XSHG,0.6526837944984436
2026-02-06,603290.XSHG,0.6259253621101379
2026-02-13,603290.XSHG,0.6025540232658386
2026-03-02,603290.XSHG,0.6388000249862671
2026-03-09,603290.XSHG,0.6633917689323425
2026-03-16,603290.XSHG,0.5752577185630798
2026-03-23,603290.XSHG,0.6354444622993469
2026-03-30,603290.XSHG,0.6567267775535583
2026-04-07,603290.XSHG,0.7311426401138306
2026-04-14,603290.XSHG,0.7971163988113403
2026-04-21,603290.XSHG,0.7288355827331543
2026-04-28,603290.XSHG,0.41963887214660645
2026-05-08,603290.XSHG,0.2991597056388855
2026-05-15,603290.XSHG,-0.025359362363815308
2026-05-22,603290.XSHG,-0.3278350234031677
2026-05-29,603290.XSHG,-0.3172767758369446
2026-06-05,603290.XSHG,-0.2003912776708603
2026-06-12,603290.XSHG,0.0013689547777175903
2026-06-22,603290.XSHG,-0.0589204877614975
2026-06-29,603290.XSHG,-0.1489032655954361
2026-07-06,603290.XSHG,-0.03683088719844818
2026-07-13,603290.XSHG,0.15247243642807007
2026-07-20,603290.XSHG,0.18583165109157562
2026-07-27,603290.XSHG,0.43255215883255005
2026-02-06,603298.XSHG,0.6732683777809143
2026-02-13,603298.XSHG,0.5894675850868225
2026-03-02,603298.XSHG,0.6442392468452454
2026-03-09,603298.XSHG,0.6846487522125244
2026-03-16,603298.XSHG,0.7404623031616211
2026-03-23,603298.XSHG,0.7622238993644714
2026-03-30,603298.XSHG,0.8242643475532532
2026-04-07,603298.XSHG,0.8826087117195129
2026-04-14,603298.XSHG,0.8991368412971497
2026-04-21,603298.XSHG,0.9104518294334412
2026-04-28,603298.XSHG,0.8979153633117676
2026-05-08,603298.XSHG,0.46517693996429443
2026-05-15,603298.XSHG,0.7308253049850464
2026-05-22,603298.XSHG,0.7233129143714905
2026-05-29,603298.XSHG,0.6615175604820251
2026-06-05,603298.XSHG,0.6053230166435242
2026-06-12,603298.XSHG,0.5662992596626282
2026-06-22,603298.XSHG,0.7201239466667175
2026-06-29,603298.XSHG,0.8155513405799866
2026-07-06,603298.XSHG,0.9081525206565857
2026-07-13,603298.XSHG,0.9118711352348328
2026-07-20,603298.XSHG,0.9056580066680908
2026-07-27,603298.XSHG,0.8834918141365051
2026-01-09,603338.XSHG,0.760301947593689
2026-01-16,603338.XSHG,0.8771072626113892
2026-01-23,603338.XSHG,0.9379979968070984
2026-01-30,603338.XSHG,0.9279231429100037
2026-02-06,603338.XSHG,0.8986538052558899
2026-02-13,603338.XSHG,0.854451596736908
2026-03-02,603338.XSHG,0.8645462393760681
2026-03-09,603338.XSHG,0.7007414102554321
2026-03-16,603338.XSHG,0.6734713912010193
2026-03-23,603338.XSHG,0.6810770034790039
2026-03-30,603338.XSHG,0.7331950068473816
2026-04-07,603338.XSHG,0.7653496861457825
2026-04-14,603338.XSHG,0.6868363618850708
2026-04-21,603338.XSHG,0.6433768272399902
2026-04-28,603338.XSHG,0.1286621391773224
2026-05-08,603338.XSHG,0.22261545062065125
2026-05-15,603338.XSHG,0.11961698532104492
2026-05-22,603338.XSHG,0.2520255744457245
2026-05-29,603338.XSHG,0.42182934284210205
2026-06-05,603338.XSHG,0.5752959251403809
2026-06-12,603338.XSHG,0.7192786931991577
2026-06-22,603338.XSHG,0.7754892706871033
2026-06-29,603338.XSHG,0.727854311466217
2026-07-06,603338.XSHG,0.38932061195373535
2026-07-13,603338.XSHG,0.6136438250541687
2026-07-20,603338.XSHG,0.6983538269996643
2026-07-27,603338.XSHG,0.632763683795929
2026-01-09,603345.XSHG,0.4710283875465393
2026-01-16,603345.XSHG,0.4465543031692505
2026-01-23,603345.XSHG,0.4282805919647217
2026-01-30,603345.XSHG,0.3524361252784729
2026-02-06,603345.XSHG,0.0015552043914794922
2026-02-13,603345.XSHG,-0.03498049080371857
2026-03-02,603345.XSHG,-0.02391660213470459
2026-03-09,603345.XSHG,0.04030205309391022
2026-03-16,603345.XSHG,0.18633006513118744
2026-03-23,603345.XSHG,0.36522239446640015
2026-03-30,603345.XSHG,0.4334971308708191
2026-04-07,603345.XSHG,0.41374361515045166
2026-04-14,603345.XSHG,0.44103461503982544
2026-04-21,603345.XSHG,0.4774668216705322
2026-04-28,603345.XSHG,0.6448143720626831
2026-05-08,603345.XSHG,0.7423441410064697
2026-05-15,603345.XSHG,0.8360058665275574
2026-05-22,603345.XSHG,0.9024722576141357
2026-05-29,603345.XSHG,0.8464981913566589
2026-06-05,603345.XSHG,0.9071917533874512
2026-06-12,603345.XSHG,0.9545056819915771
2026-06-22,603345.XSHG,0.9458898305892944
2026-06-29,603345.XSHG,0.7500474452972412
2026-07-06,603345.XSHG,0.5584397912025452
2026-07-13,603345.XSHG,0.472042977809906
2026-07-20,603345.XSHG,0.4657409191131592
2026-07-27,603345.XSHG,0.2560290992259979
2026-01-09,603379.XSHG,0.2578703761100769
2026-01-16,603379.XSHG,0.46524155139923096
2026-01-23,603379.XSHG,0.39940953254699707
2026-01-30,603379.XSHG,0.7053164839744568
2026-02-06,603379.XSHG,0.7459622621536255
2026-02-13,603379.XSHG,0.7545957565307617
2026-03-02,603379.XSHG,0.5608528852462769
2026-03-09,603379.XSHG,0.5539842844009399
2026-03-16,603379.XSHG,0.5921629667282104
2026-03-23,603379.XSHG,0.6551042795181274
2026-03-30,603379.XSHG,0.7332720160484314
2026-04-07,603379.XSHG,0.7539296746253967
2026-04-14,603379.XSHG,0.6333393454551697
2026-04-21,603379.XSHG,0.6560811996459961
2026-04-28,603379.XSHG,0.6536592245101929
2026-05-08,603379.XSHG,0.7175182700157166
2026-05-15,603379.XSHG,0.21408811211585999
2026-05-22,603379.XSHG,0.008032098412513733
2026-05-29,603379.XSHG,0.1120339184999466
2026-06-05,603379.XSHG,0.12741392850875854
2026-06-12,603379.XSHG,0.09183597564697266
2026-06-22,603379.XSHG,-0.0011780261993408203
2026-06-29,603379.XSHG,0.007909327745437622
2026-07-06,603379.XSHG,0.1044682115316391
2026-07-13,603379.XSHG,0.12981371581554413
2026-07-20,603379.XSHG,0.31799936294555664
2026-07-27,603379.XSHG,0.5388244986534119
2026-01-09,603444.XSHG,-0.4007115960121155
2026-01-16,603444.XSHG,-0.1495223492383957
2026-01-23,603444.XSHG,0.16548782587051392
2026-01-30,603444.XSHG,0.44571787118911743
2026-02-06,603444.XSHG,0.7615503072738647
2026-02-13,603444.XSHG,1.0985980033874512
2026-03-02,603444.XSHG,1.2016911506652832
2026-03-09,603444.XSHG,1.3055421113967896
2026-03-16,603444.XSHG,1.297559380531311
2026-03-23,603444.XSHG,1.247336983680725
2026-03-30,603444.XSHG,1.1086622476577759
2026-04-07,603444.XSHG,0.9885163307189941
2026-04-14,603444.XSHG,0.8194954991340637
2026-04-21,603444.XSHG,0.6136776208877563
2026-04-28,603444.XSHG,0.2831358015537262
2026-05-08,603444.XSHG,0.3588561415672302
2026-05-15,603444.XSHG,0.35622912645339966
2026-05-22,603444.XSHG,0.2652057409286499
2026-05-29,603444.XSHG,0.18645304441452026
2026-06-05,603444.XSHG,0.057838067412376404
2026-06-12,603444.XSHG,0.07435192167758942
2026-06-22,603444.XSHG,0.3164277672767639
2026-06-29,603444.XSHG,0.4207015037536621
2026-07-06,603444.XSHG,0.6679800152778625
2026-07-13,603444.XSHG,0.6955876350402832
2026-07-20,603444.XSHG,0.7429462671279907
2026-07-27,603444.XSHG,0.812828004360199
2026-01-09,603486.XSHG,0.6689910888671875
2026-01-16,603486.XSHG,0.5405458807945251
2026-01-23,603486.XSHG,0.5792893171310425
2026-01-30,603486.XSHG,0.6326099038124084
2026-02-06,603486.XSHG,0.6479722261428833
2026-02-13,603486.XSHG,0.6659048199653625
2026-03-02,603486.XSHG,0.6269311308860779
2026-03-09,603486.XSHG,0.6428762078285217
2026-03-16,603486.XSHG,0.6800985336303711
2026-03-23,603486.XSHG,0.751435399055481
2026-03-30,603486.XSHG,0.7470895051956177
2026-04-07,603486.XSHG,0.7258266806602478
2026-04-14,603486.XSHG,0.6991906762123108
2026-04-21,603486.XSHG,0.7467774748802185
2026-04-28,603486.XSHG,0.47297054529190063
2026-05-08,603486.XSHG,0.4354013204574585
2026-05-15,603486.XSHG,0.1600017547607422
2026-05-22,603486.XSHG,0.32709765434265137
2026-05-29,603486.XSHG,0.43179112672805786
2026-06-05,603486.XSHG,0.11945032328367233
2026-06-12,603486.XSHG,0.2595357894897461
2026-06-22,603486.XSHG,0.3889293670654297
2026-06-29,603486.XSHG,0.488084614276886
2026-07-06,603486.XSHG,0.5130468606948853
2026-07-13,603486.XSHG,0.6225339770317078
2026-07-20,603486.XSHG,0.5753541588783264
2026-07-27,603486.XSHG,0.5544122457504272
2026-01-09,603529.XSHG,0.6187597513198853
2026-01-16,603529.XSHG,0.6624852418899536
2026-01-23,603529.XSHG,0.6397058963775635
2026-01-30,603529.XSHG,0.6626531481742859
2026-02-06,603529.XSHG,0.6421465277671814
2026-02-13,603529.XSHG,0.6614131331443787
2026-03-02,603529.XSHG,0.6398023366928101
2026-03-09,603529.XSHG,0.6664772033691406
2026-03-16,603529.XSHG,0.6298747062683105
2026-03-23,603529.XSHG,0.248220294713974
2026-03-30,603529.XSHG,0.2859528064727783
2026-04-07,603529.XSHG,0.2924390733242035
2026-04-14,603529.XSHG,0.331231951713562
2026-04-21,603529.XSHG,0.3476884663105011
2026-04-28,603529.XSHG,0.15970198810100555
2026-05-08,603529.XSHG,0.07990067452192307
2026-05-15,603529.XSHG,0.10054978728294373
2026-05-22,603529.XSHG,0.1284351348876953
2026-05-29,603529.XSHG,0.10504426062107086
2026-06-05,603529.XSHG,0.3716582655906677
2026-06-12,603529.XSHG,0.624617338180542
2026-06-22,603529.XSHG,0.5905337333679199
2026-06-29,603529.XSHG,0.5868298411369324
2026-07-06,603529.XSHG,0.6710695028305054
2026-07-13,603529.XSHG,0.7258716225624084
2026-07-20,603529.XSHG,0.716552734375
2026-07-27,603529.XSHG,0.755439817905426
2026-01-09,603568.XSHG,1.1321336030960083
2026-01-16,603568.XSHG,1.1464630365371704
2026-01-23,603568.XSHG,1.0476453304290771
2026-01-30,603568.XSHG,1.02305269241333
2026-02-06,603568.XSHG,0.9312834143638611
2026-02-13,603568.XSHG,0.824713945388794
2026-03-02,603568.XSHG,0.57787024974823
2026-03-09,603568.XSHG,0.4902234673500061
2026-03-16,603568.XSHG,0.46233880519866943
2026-03-23,603568.XSHG,0.37540310621261597
2026-03-30,603568.XSHG,0.3562990427017212
2026-04-07,603568.XSHG,0.3954777419567108
2026-04-14,603568.XSHG,0.47629880905151367
2026-04-21,603568.XSHG,0.3337908983230591
2026-04-28,603568.XSHG,0.5213778614997864
2026-05-08,603568.XSHG,0.8765540719032288
2026-05-15,603568.XSHG,1.021794080734253
2026-05-22,603568.XSHG,1.0281091928482056
2026-05-29,603568.XSHG,0.8713359236717224
2026-06-05,603568.XSHG,0.5289924144744873
2026-06-12,603568.XSHG,0.6591436862945557
2026-06-22,603568.XSHG,0.6453208923339844
2026-06-29,603568.XSHG,0.6617055535316467
2026-07-06,603568.XSHG,0.37359797954559326
2026-07-13,603568.XSHG,0.5163624882698059
2026-07-20,603568.XSHG,0.5920754075050354
2026-07-27,603568.XSHG,0.5149129033088684
2026-01-09,603589.XSHG,0.5061264038085938
2026-01-16,603589.XSHG,0.5166611075401306
2026-01-23,603589.XSHG,0.5504480004310608
2026-01-30,603589.XSHG,0.2902548909187317
2026-02-06,603589.XSHG,0.26416102051734924
2026-02-13,603589.XSHG,0.1624164879322052
2026-03-02,603589.XSHG,0.2918259799480438
2026-03-09,603589.XSHG,0.35460731387138367
2026-03-16,603589.XSHG,0.31269371509552
2026-03-23,603589.XSHG,0.39064085483551025
2026-03-30,603589.XSHG,0.42316901683807373
2026-04-07,603589.XSHG,0.44596225023269653
2026-04-14,603589.XSHG,0.45197510719299316
2026-04-21,603589.XSHG,0.5144745707511902
2026-04-28,603589.XSHG,0.5512968897819519
2026-05-08,603589.XSHG,0.5379127860069275
2026-05-15,603589.XSHG,0.399841845035553
2026-05-22,603589.XSHG,0.4277782440185547
2026-05-29,603589.XSHG,0.25670552253723145
2026-06-05,603589.XSHG,0.5655022859573364
2026-06-12,603589.XSHG,0.6027432084083557
2026-06-22,603589.XSHG,0.6689581274986267
2026-06-29,603589.XSHG,0.6057358384132385
2026-07-06,603589.XSHG,0.6650521755218506
2026-07-13,603589.XSHG,0.726780116558075
2026-07-20,603589.XSHG,0.552130937576294
2026-07-27,603589.XSHG,0.6370149850845337
2026-01-09,603596.XSHG,0.3876408338546753
2026-01-16,603596.XSHG,0.25470954179763794
2026-01-23,603596.XSHG,0.07949382066726685
2026-01-30,603596.XSHG,0.11875007301568985
2026-02-06,603596.XSHG,0.1510428935289383
2026-02-13,603596.XSHG,0.08363339304924011
2026-03-02,603596.XSHG,0.1948750913143158
2026-03-09,603596.XSHG,0.247508242726326
2026-03-16,603596.XSHG,0.3211294412612915
2026-03-23,603596.XSHG,0.3511120080947876
2026-03-30,603596.XSHG,0.44133204221725464
2026-04-07,603596.XSHG,0.519210696220398
2026-04-14,603596.XSHG,0.5802680253982544
2026-04-21,603596.XSHG,0.5951141119003296
2026-04-28,603596.XSHG,0.3522605895996094
2026-05-08,603596.XSHG,0.30075880885124207
2026-05-15,603596.XSHG,0.22986432909965515
2026-05-22,603596.XSHG,0.12616470456123352
2026-05-29,603596.XSHG,0.3168662488460541
2026-06-05,603596.XSHG,0.38517987728118896
2026-06-12,603596.XSHG,0.27389201521873474
2026-06-22,603596.XSHG,0.4012790322303772
2026-06-29,603596.XSHG,0.4553069472312927
2026-07-06,603596.XSHG,0.47092241048812866
2026-07-13,603596.XSHG,0.4192081689834595
2026-07-20,603596.XSHG,0.4929391145706177
2026-07-27,603596.XSHG,0.5961793661117554
2026-01-09,603605.XSHG,0.42978352308273315
2026-01-16,603605.XSHG,0.49463707208633423
2026-01-23,603605.XSHG,0.4141654372215271
2026-01-30,603605.XSHG,0.5080009698867798
2026-02-06,603605.XSHG,0.34440264105796814
2026-02-13,603605.XSHG,0.43740400671958923
2026-03-02,603605.XSHG,0.4672417640686035
2026-03-09,603605.XSHG,0.5669060945510864
2026-03-16,603605.XSHG,0.6512400507926941
2026-03-23,603605.XSHG,0.665829062461853
2026-03-30,603605.XSHG,0.6555360555648804
2026-04-07,603605.XSHG,0.6701265573501587
2026-04-14,603605.XSHG,0.6162633895874023
2026-04-21,603605.XSHG,0.7049908638000488
2026-04-28,603605.XSHG,0.6783243417739868
2026-05-08,603605.XSHG,0.6657477617263794
2026-05-15,603605.XSHG,0.63026362657547
2026-05-22,603605.XSHG,0.24762111902236938
2026-05-29,603605.XSHG,0.17657087743282318
2026-06-05,603605.XSHG,0.35000890493392944
2026-06-12,603605.XSHG,0.28707242012023926
2026-06-22,603605.XSHG,0.21620461344718933
2026-06-29,603605.XSHG,0.33271729946136475
2026-07-06,603605.XSHG,0.4906710982322693
2026-07-13,603605.XSHG,0.6182329058647156
2026-07-20,603605.XSHG,0.6759575605392456
2026-07-27,603605.XSHG,0.42161473631858826
2026-01-09,603606.XSHG,0.5837815999984741
2026-01-16,603606.XSHG,0.3453911542892456
2026-01-23,603606.XSHG,0.40596073865890503
2026-01-30,603606.XSHG,0.44002944231033325
2026-02-06,603606.XSHG,0.41314905881881714
2026-02-13,603606.XSHG,0.49135875701904297
2026-03-02,603606.XSHG,0.565552830696106
2026-03-09,603606.XSHG,0.48098188638687134
2026-03-16,603606.XSHG,0.5106049180030823
2026-03-23,603606.XSHG,0.5701231956481934
2026-03-30,603606.XSHG,0.26077431440353394
2026-04-07,603606.XSHG,0.4387666881084442
2026-04-14,603606.XSHG,0.5018202066421509
2026-04-21,603606.XSHG,0.5412620306015015
2026-04-28,603606.XSHG,0.6117994785308838
2026-05-08,603606.XSHG,0.6228147745132446
2026-05-15,603606.XSHG,0.5897477865219116
2026-05-22,603606.XSHG,0.5567031502723694
2026-05-29,603606.XSHG,0.2748944163322449
2026-06-05,603606.XSHG,0.20813818275928497
2026-06-12,603606.XSHG,0.016929253935813904
2026-06-22,603606.XSHG,0.1667279303073883
2026-06-29,603606.XSHG,-0.04935339093208313
2026-07-06,603606.XSHG,0.15267467498779297
2026-07-13,603606.XSHG,0.10329244285821915
2026-07-20,603606.XSHG,0.1897074282169342
2026-07-27,603606.XSHG,0.1381000131368637
2026-01-09,603650.XSHG,0.01079966127872467
2026-01-16,603650.XSHG,-0.17790000140666962
2026-01-23,603650.XSHG,-0.2005079835653305
2026-01-30,603650.XSHG,-0.1842787116765976
2026-02-06,603650.XSHG,-0.2765762209892273
2026-02-13,603650.XSHG,-0.4784446358680725
2026-03-02,603650.XSHG,-0.5163263082504272
2026-03-09,603650.XSHG,-0.5113689303398132
2026-03-16,603650.XSHG,-0.36157649755477905
2026-03-23,603650.XSHG,-0.12151037156581879
2026-03-30,603650.XSHG,0.18048013746738434
2026-04-07,603650.XSHG,0.5055598020553589
2026-04-14,603650.XSHG,0.6561219096183777
2026-04-21,603650.XSHG,0.7477482557296753
2026-04-28,603650.XSHG,0.7939406037330627
2026-05-08,603650.XSHG,0.7897234559059143
2026-05-15,603650.XSHG,0.5122363567352295
2026-05-22,603650.XSHG,0.40351247787475586
2026-05-29,603650.XSHG,0.31361672282218933
2026-06-05,603650.XSHG,0.14247046411037445
2026-06-12,603650.XSHG,-0.07065479457378387
2026-06-22,603650.XSHG,-0.2954641580581665
2026-06-29,603650.XSHG,-0.655165433883667
2026-07-06,603650.XSHG,-0.7076831459999084
2026-07-13,603650.XSHG,-0.711155116558075
2026-07-20,603650.XSHG,-0.6354814171791077
2026-07-27,603650.XSHG,-0.5588640570640564
2026-01-09,603658.XSHG,0.39694857597351074
2026-01-16,603658.XSHG,0.5700968503952026
2026-01-23,603658.XSHG,0.5113781690597534
2026-01-30,603658.XSHG,0.47046220302581787
2026-02-06,603658.XSHG,0.49871402978897095
2026-02-13,603658.XSHG,0.5203081965446472
2026-03-02,603658.XSHG,0.4830748438835144
2026-03-09,603658.XSHG,0.52108234167099
2026-03-16,603658.XSHG,0.5854001641273499
2026-03-23,603658.XSHG,0.4859311580657959
2026-03-30,603658.XSHG,0.5589771866798401
2026-04-07,603658.XSHG,0.44213801622390747
2026-04-14,603658.XSHG,0.5391184091567993
2026-04-21,603658.XSHG,0.5532552599906921
2026-04-28,603658.XSHG,0.619709312915802
2026-05-08,603658.XSHG,0.41424664855003357
2026-05-15,603658.XSHG,0.5264543890953064
2026-05-22,603658.XSHG,0.4693082571029663
2026-05-29,603658.XSHG,0.1188431829214096
2026-06-05,603658.XSHG,0.19618207216262817
2026-06-12,603658.XSHG,0.18541626632213593
2026-06-22,603658.XSHG,0.3007141947746277
2026-06-29,603658.XSHG,0.15893976390361786
2026-07-06,603658.XSHG,0.23794624209403992
2026-07-13,603658.XSHG,0.2341170310974121
2026-07-20,603658.XSHG,0.29579997062683105
2026-07-27,603658.XSHG,0.44372713565826416
2026-01-09,603659.XSHG,0.7845450043678284
2026-01-16,603659.XSHG,0.7607954144477844
2026-01-23,603659.XSHG,0.6154957413673401
2026-01-30,603659.XSHG,0.6528741121292114
2026-02-06,603659.XSHG,0.5821954607963562
2026-02-13,603659.XSHG,0.6424991488456726
2026-03-02,603659.XSHG,0.7048143744468689
2026-03-09,603659.XSHG,0.44288021326065063
2026-03-16,603659.XSHG,0.35254597663879395
2026-03-23,603659.XSHG,0.3634856343269348
2026-03-30,603659.XSHG,0.4137154519557953
2026-04-07,603659.XSHG,0.5024563074111938
2026-04-14,603659.XSHG,0.5101679563522339
2026-04-21,603659.XSHG,0.39777809381484985
2026-04-28,603659.XSHG,0.3816367983818054
2026-05-08,603659.XSHG,0.29197803139686584
2026-05-15,603659.XSHG,0.1863522082567215
2026-05-22,603659.XSHG,0.03964985907077789
2026-05-29,603659.XSHG,-0.009667173027992249
2026-06-05,603659.XSHG,0.10322479903697968
2026-06-12,603659.XSHG,0.23414181172847748
2026-06-22,603659.XSHG,0.3047081232070923
2026-06-29,603659.XSHG,0.4519023895263672
2026-07-06,603659.XSHG,0.5263718366622925
2026-07-13,603659.XSHG,0.5671898126602173
2026-07-20,603659.XSHG,0.6109116077423096
2026-07-27,603659.XSHG,0.6785494089126587
2026-01-09,603688.XSHG,0.8951829075813293
2026-01-16,603688.XSHG,0.8056032061576843
2026-01-23,603688.XSHG,0.7399285435676575
2026-01-30,603688.XSHG,0.80257248878479
2026-02-06,603688.XSHG,0.8394574522972107
2026-02-13,603688.XSHG,0.5387142300605774
2026-03-02,603688.XSHG,0.11352059245109558
2026-03-09,603688.XSHG,0.051090240478515625
2026-03-16,603688.XSHG,0.04232020676136017
2026-03-23,603688.XSHG,0.16939093172550201
2026-03-30,603688.XSHG,0.3299016058444977
2026-04-07,603688.XSHG,0.00424174964427948
2026-04-14,603688.XSHG,0.04952561855316162
2026-04-21,603688.XSHG,0.02333444356918335
2026-04-28,603688.XSHG,0.042599812150001526
2026-05-08,603688.XSHG,0.0887063592672348
2026-05-15,603688.XSHG,0.2609010338783264
2026-05-22,603688.XSHG,0.46873992681503296
2026-05-29,603688.XSHG,0.6455870270729065
2026-06-05,603688.XSHG,0.6342717409133911
2026-06-12,603688.XSHG,0.4764348864555359
2026-06-22,603688.XSHG,0.5561796426773071
2026-06-29,603688.XSHG,0.6209111213684082
2026-07-06,603688.XSHG,0.6916342377662659
2026-07-13,603688.XSHG,0.7255623936653137
2026-07-20,603688.XSHG,0.7344101071357727
2026-07-27,603688.XSHG,0.6410973072052002
2026-01-09,603707.XSHG,0.6479882001876831
2026-01-16,603707.XSHG,0.710331380367279
2026-01-23,603707.XSHG,0.6434831619262695
2026-01-30,603707.XSHG,0.6718381643295288
2026-02-06,603707.XSHG,0.5703218579292297
2026-02-13,603707.XSHG,0.8162091970443726
2026-03-02,603707.XSHG,0.6912341713905334
2026-03-09,603707.XSHG,0.5937075614929199
2026-03-16,603707.XSHG,0.43490326404571533
2026-03-23,603707.XSHG,0.3703015446662903
2026-03-30,603707.XSHG,0.43784046173095703
2026-04-07,603707.XSHG,0.5190484523773193
2026-04-14,603707.XSHG,0.5127813816070557
2026-04-21,603707.XSHG,0.5815683007240295
2026-04-28,603707.XSHG,0.6904370188713074
2026-05-08,603707.XSHG,0.7386946082115173
2026-02-06,603728.XSHG,0.6626613140106201
2026-02-13,603728.XSHG,0.7766334414482117
2026-03-02,603728.XSHG,0.6648955941200256
2026-03-09,603728.XSHG,0.6099276542663574
2026-03-16,603728.XSHG,0.6285309791564941
2026-03-23,603728.XSHG,0.5883767604827881
2026-03-30,603728.XSHG,0.6794764995574951
2026-04-07,603728.XSHG,0.6122938990592957
2026-04-14,603728.XSHG,0.6164405345916748
2026-04-21,603728.XSHG,0.742487370967865
2026-04-28,603728.XSHG,0.712160050868988
2026-05-08,603728.XSHG,0.36052626371383667
2026-05-15,603728.XSHG,0.16380389034748077
2026-05-22,603728.XSHG,0.2051640897989273
2026-05-29,603728.XSHG,0.2843468189239502
2026-06-05,603728.XSHG,0.058792322874069214
2026-06-12,603728.XSHG,0.1991623491048813
2026-06-22,603728.XSHG,0.21842186152935028
2026-06-29,603728.XSHG,0.3876078128814697
2026-07-06,603728.XSHG,0.43599018454551697
2026-07-13,603728.XSHG,0.5336071848869324
2026-07-20,603728.XSHG,0.5773721933364868
2026-07-27,603728.XSHG,0.5042726397514343
2026-01-09,603737.XSHG,0.7640824913978577
2026-01-16,603737.XSHG,0.6121383309364319
2026-01-23,603737.XSHG,0.5172232985496521
2026-01-30,603737.XSHG,0.37119007110595703
2026-02-06,603737.XSHG,0.2828630805015564
2026-02-13,603737.XSHG,0.19159038364887238
2026-03-02,603737.XSHG,-0.12230582535266876
2026-03-09,603737.XSHG,-0.026347950100898743
2026-03-16,603737.XSHG,-0.19335339963436127
2026-03-23,603737.XSHG,-0.06209088861942291
2026-03-30,603737.XSHG,-0.32858097553253174
2026-04-07,603737.XSHG,-0.2450852245092392
2026-04-14,603737.XSHG,-0.07384644448757172
2026-04-21,603737.XSHG,0.06618683785200119
2026-04-28,603737.XSHG,0.2730782628059387
2026-05-08,603737.XSHG,0.6470507383346558
2026-05-15,603737.XSHG,0.5072547793388367
2026-05-22,603737.XSHG,0.5621280670166016
2026-05-29,603737.XSHG,0.48469632863998413
2026-06-05,603737.XSHG,0.4317852258682251
2026-06-12,603737.XSHG,0.3091130256652832
2026-06-22,603737.XSHG,0.38960981369018555
2026-06-29,603737.XSHG,0.4137744903564453
2026-07-06,603737.XSHG,0.3220450282096863
2026-07-13,603737.XSHG,0.19466036558151245
2026-07-20,603737.XSHG,0.1565179079771042
2026-07-27,603737.XSHG,0.026455730199813843
2026-06-05,603766.XSHG,0.16570447385311127
2026-06-12,603766.XSHG,0.40592771768569946
2026-06-22,603766.XSHG,0.5599393248558044
2026-06-29,603766.XSHG,0.8140525817871094
2026-07-06,603766.XSHG,0.8970942497253418
2026-07-13,603766.XSHG,0.9737961888313293
2026-07-20,603766.XSHG,0.8519601821899414
2026-07-27,603766.XSHG,0.7115450501441956
2026-01-09,603786.XSHG,0.6108285188674927
2026-01-16,603786.XSHG,0.4417361617088318
2026-01-23,603786.XSHG,0.48142552375793457
2026-01-30,603786.XSHG,0.5235956311225891
2026-02-06,603786.XSHG,0.5063893795013428
2026-02-13,603786.XSHG,0.4958611726760864
2026-03-02,603786.XSHG,0.5683045387268066
2026-03-09,603786.XSHG,0.6464709639549255
2026-03-16,603786.XSHG,0.688758134841919
2026-03-23,603786.XSHG,0.790845513343811
2026-03-30,603786.XSHG,0.844213604927063
2026-04-07,603786.XSHG,0.8230597972869873
2026-04-14,603786.XSHG,0.8124353885650635
2026-04-21,603786.XSHG,0.746232807636261
2026-04-28,603786.XSHG,0.690802812576294
2026-05-08,603786.XSHG,0.6200950741767883
2026-05-15,603786.XSHG,0.441475510597229
2026-05-22,603786.XSHG,0.40368497371673584
2026-05-29,603786.XSHG,0.42030656337738037
2026-06-05,603786.XSHG,0.4709815979003906
2026-06-12,603786.XSHG,0.5869962573051453
2026-06-22,603786.XSHG,0.6935555934906006
2026-06-29,603786.XSHG,0.7357536554336548
2026-07-06,603786.XSHG,0.7012540102005005
2026-07-13,603786.XSHG,0.701249897480011
2026-07-20,603786.XSHG,0.8056029677391052
2026-07-27,603786.XSHG,0.7897192239761353
2026-01-09,603806.XSHG,0.23945701122283936
2026-01-16,603806.XSHG,0.23602505028247833
2026-01-23,603806.XSHG,0.07937155663967133
2026-01-30,603806.XSHG,0.15361593663692474
2026-02-06,603806.XSHG,0.14056025445461273
2026-02-13,603806.XSHG,0.19196800887584686
2026-03-02,603806.XSHG,0.2193262279033661
2026-03-09,603806.XSHG,0.22197909653186798
2026-03-16,603806.XSHG,0.3039533495903015
2026-03-23,603806.XSHG,0.051905274391174316
2026-03-30,603806.XSHG,0.11726367473602295
2026-04-07,603806.XSHG,0.16001372039318085
2026-04-14,603806.XSHG,0.11346866935491562
2026-04-21,603806.XSHG,0.17371311783790588
2026-04-28,603806.XSHG,0.1602695882320404
2026-05-08,603806.XSHG,0.11521171778440475
2026-05-15,603806.XSHG,0.0870390236377716
2026-05-22,603806.XSHG,-0.20210213959217072
2026-05-29,603806.XSHG,-0.048771992325782776
2026-06-05,603806.XSHG,0.03890298306941986
2026-06-12,603806.XSHG,0.14250192046165466
2026-06-22,603806.XSHG,0.22542442381381989
2026-06-29,603806.XSHG,0.20715948939323425
2026-07-06,603806.XSHG,0.3261812925338745
2026-07-13,603806.XSHG,0.45418763160705566
2026-07-20,603806.XSHG,0.647698163986206
2026-07-27,603806.XSHG,0.8165488839149475
2026-01-09,603816.XSHG,0.3292214870452881
2026-01-16,603816.XSHG,0.487168550491333
2026-01-23,603816.XSHG,0.5360545516014099
2026-01-30,603816.XSHG,0.4553349018096924
2026-02-06,603816.XSHG,0.06867021322250366
2026-02-13,603816.XSHG,-0.09357093274593353
2026-03-02,603816.XSHG,-0.1738203912973404
2026-03-09,603816.XSHG,-0.050109222531318665
2026-03-16,603816.XSHG,0.1223510354757309
2026-03-23,603816.XSHG,0.37158429622650146
2026-03-30,603816.XSHG,0.5187676548957825
2026-04-07,603816.XSHG,0.8229376077651978
2026-04-14,603816.XSHG,0.8332134485244751
2026-04-21,603816.XSHG,0.8615526556968689
2026-04-28,603816.XSHG,0.7148235440254211
2026-05-08,603816.XSHG,0.3361463248729706
2026-05-15,603816.XSHG,0.3641642928123474
2026-05-22,603816.XSHG,0.3669610321521759
2026-05-29,603816.XSHG,0.26754167675971985
2026-06-05,603816.XSHG,0.35595500469207764
2026-06-12,603816.XSHG,0.4324162006378174
2026-06-22,603816.XSHG,0.21172592043876648
2026-06-29,603816.XSHG,0.14100290834903717
2026-07-06,603816.XSHG,0.10495086759328842
2026-07-13,603816.XSHG,0.06949494779109955
2026-07-20,603816.XSHG,0.06645813584327698
2026-07-27,603816.XSHG,0.20758742094039917
2026-01-09,603858.XSHG,0.6242977976799011
2026-01-16,603858.XSHG,0.6975072622299194
2026-01-23,603858.XSHG,0.7176224589347839
2026-01-30,603858.XSHG,0.7499681115150452
2026-02-06,603858.XSHG,0.6570401191711426
2026-02-13,603858.XSHG,0.6571555137634277
2026-03-02,603858.XSHG,0.6989500522613525
2026-03-09,603858.XSHG,0.7437654137611389
2026-03-16,603858.XSHG,0.7145442366600037
2026-03-23,603858.XSHG,0.561897873878479
2026-03-30,603858.XSHG,0.4085472822189331
2026-04-07,603858.XSHG,0.4393405318260193
2026-04-14,603858.XSHG,0.5162791609764099
2026-04-21,603858.XSHG,0.6081951260566711
2026-04-28,603858.XSHG,0.47893500328063965
2026-05-08,603858.XSHG,0.5434007048606873
2026-05-15,603858.XSHG,0.5907392501831055
2026-05-22,603858.XSHG,0.6480444073677063
2026-05-29,603858.XSHG,0.6339236497879028
2026-06-05,603858.XSHG,0.6321837902069092
2026-06-12,603858.XSHG,0.5410982370376587
2026-06-22,603858.XSHG,0.5105984210968018
2026-06-29,603858.XSHG,0.3503366708755493
2026-07-06,603858.XSHG,0.6544428467750549
2026-07-13,603858.XSHG,0.5745434761047363
2026-07-20,603858.XSHG,0.6446601748466492
2026-07-27,603858.XSHG,0.7331566214561462
2026-01-09,603885.XSHG,0.18772666156291962
2026-01-16,603885.XSHG,0.3365609347820282
2026-01-23,603885.XSHG,0.45118457078933716
2026-01-30,603885.XSHG,0.4953629970550537
2026-02-06,603885.XSHG,0.5582364201545715
2026-02-13,603885.XSHG,0.6362871527671814
2026-03-02,603885.XSHG,0.5577700734138489
2026-03-09,603885.XSHG,0.2548837661743164
2026-03-16,603885.XSHG,0.2169220745563507
2026-03-23,603885.XSHG,0.180464506149292
2026-03-30,603885.XSHG,0.22998879849910736
2026-04-07,603885.XSHG,0.28304600715637207
2026-04-14,603885.XSHG,0.3948061466217041
2026-04-21,603885.XSHG,0.5334832072257996
2026-04-28,603885.XSHG,0.5786334872245789
2026-05-08,603885.XSHG,0.5673230886459351
2026-05-15,603885.XSHG,0.7527738809585571
2026-05-22,603885.XSHG,0.785340428352356
2026-05-29,603885.XSHG,0.7033594250679016
2026-06-05,603885.XSHG,0.8292118310928345
2026-06-12,603885.XSHG,0.6296171545982361
2026-06-22,603885.XSHG,0.6025123000144958
2026-06-29,603885.XSHG,0.5591958165168762
2026-07-06,603885.XSHG,0.41685277223587036
2026-07-13,603885.XSHG,0.4912101626396179
2026-07-20,603885.XSHG,0.5863476991653442
2026-07-27,603885.XSHG,0.48020386695861816
2026-01-09,603927.XSHG,0.7433603405952454
2026-01-16,603927.XSHG,0.827207624912262
2026-01-23,603927.XSHG,0.9171804785728455
2026-01-30,603927.XSHG,0.8633694052696228
2026-02-06,603927.XSHG,0.7681921720504761
2026-02-13,603927.XSHG,0.7868343591690063
2026-03-02,603927.XSHG,0.6783313751220703
2026-03-09,603927.XSHG,0.611542284488678
2026-03-16,603927.XSHG,0.6574586033821106
2026-03-23,603927.XSHG,0.6873835921287537
2026-03-30,603927.XSHG,0.6988688111305237
2026-04-07,603927.XSHG,0.6976510286331177
2026-04-14,603927.XSHG,0.6946960091590881
2026-04-21,603927.XSHG,0.6922438144683838
2026-04-28,603927.XSHG,0.7376843094825745
2026-05-08,603927.XSHG,0.5480401515960693
2026-01-09,603939.XSHG,0.3475978374481201
2026-01-16,603939.XSHG,0.3804429769515991
2026-01-23,603939.XSHG,0.0827174186706543
2026-01-30,603939.XSHG,0.4380567669868469
2026-02-06,603939.XSHG,0.5391528606414795
2026-02-13,603939.XSHG,0.6110643744468689
2026-03-02,603939.XSHG,0.6613879799842834
2026-03-09,603939.XSHG,0.675433337688446
2026-03-16,603939.XSHG,0.6869582533836365
2026-03-23,603939.XSHG,0.7906373143196106
2026-03-30,603939.XSHG,0.7965417504310608
2026-04-07,603939.XSHG,0.7876392006874084
2026-04-14,603939.XSHG,0.592421293258667
2026-04-21,603939.XSHG,0.6455532312393188
2026-04-28,603939.XSHG,0.8083946108818054
2026-05-08,603939.XSHG,0.6308988332748413
2026-05-15,603939.XSHG,0.6467118859291077
2026-05-22,603939.XSHG,0.47814297676086426
2026-05-29,603939.XSHG,0.4996812343597412
2026-06-05,603939.XSHG,0.5757101774215698
2026-06-12,603939.XSHG,0.6708848476409912
2026-06-22,603939.XSHG,0.7466356158256531
2026-06-29,603939.XSHG,0.6001600027084351
2026-07-06,603939.XSHG,0.6946448683738708
2026-07-13,603939.XSHG,0.6136230826377869
2026-07-20,603939.XSHG,0.6243547797203064
2026-07-27,603939.XSHG,0.6500940322875977
2026-02-06,603979.XSHG,0.7101853489875793
2026-02-13,603979.XSHG,0.7809882164001465
2026-03-02,603979.XSHG,0.7410494685173035
2026-03-09,603979.XSHG,0.6137070059776306
2026-03-16,603979.XSHG,0.5147659182548523
2026-03-23,603979.XSHG,0.39061886072158813
2026-03-30,603979.XSHG,0.5044273734092712
2026-04-07,603979.XSHG,0.5323643088340759
2026-04-14,603979.XSHG,0.433774471282959
2026-04-21,603979.XSHG,0.6549546718597412
2026-04-28,603979.XSHG,0.8056553602218628
2026-05-08,603979.XSHG,0.8138366341590881
2026-05-15,603979.XSHG,0.8244277834892273
2026-05-22,603979.XSHG,0.5045326948165894
2026-05-29,603979.XSHG,0.4315783977508545
2026-06-05,603979.XSHG,0.25476735830307007
2026-06-12,603979.XSHG,0.01145482063293457
2026-06-22,603979.XSHG,-0.13268251717090607
2026-06-29,603979.XSHG,-0.01898999512195587
2026-07-06,603979.XSHG,0.2419181764125824
2026-07-13,603979.XSHG,0.4691177010536194
2026-07-20,603979.XSHG,0.5801507234573364
2026-07-27,603979.XSHG,0.7924006581306458
2026-01-09,605358.XSHG,-0.06391109526157379
2026-01-16,605358.XSHG,-0.07541339099407196
2026-01-23,605358.XSHG,-0.013493850827217102
2026-01-30,605358.XSHG,0.20328901708126068
2026-02-06,605358.XSHG,0.4512913227081299
2026-02-13,605358.XSHG,0.6392582654953003
2026-03-02,605358.XSHG,0.8082752823829651
2026-03-09,605358.XSHG,0.9295567870140076
2026-03-16,605358.XSHG,0.9514836668968201
2026-03-23,605358.XSHG,1.0118964910507202
2026-03-30,605358.XSHG,0.994533360004425
2026-04-07,605358.XSHG,0.9520655870437622
2026-04-14,605358.XSHG,0.8561456799507141
2026-04-21,605358.XSHG,0.8035661578178406
2026-04-28,605358.XSHG,0.742231547832489
2026-05-08,605358.XSHG,0.24509331583976746
2026-05-15,605358.XSHG,0.2109786570072174
2026-05-22,605358.XSHG,0.21252316236495972
2026-05-29,605358.XSHG,0.24947626888751984
2026-06-05,605358.XSHG,0.29033297300338745
2026-06-12,605358.XSHG,0.21579597890377045
2026-06-22,605358.XSHG,0.2929689586162567
2026-06-29,605358.XSHG,0.2543522119522095
2026-07-06,605358.XSHG,0.2784762680530548
2026-07-13,605358.XSHG,0.2746630907058716
2026-07-20,605358.XSHG,0.3029922544956207
2026-07-27,605358.XSHG,0.19059507548809052
2026-01-09,688002.XSHG,0.3442794680595398
2026-01-16,688002.XSHG,0.5422608852386475
2026-01-23,688002.XSHG,0.2979441285133362
2026-01-30,688002.XSHG,0.5241714119911194
2026-02-06,688002.XSHG,0.6236274838447571
2026-02-13,688002.XSHG,0.8427581787109375
2026-03-02,688002.XSHG,0.8622276186943054
2026-03-09,688002.XSHG,0.9688739776611328
2026-03-16,688002.XSHG,0.7751034498214722
2026-03-23,688002.XSHG,0.6821517944335938
2026-03-30,688002.XSHG,0.4402814507484436
2026-04-07,688002.XSHG,0.35607463121414185
2026-04-14,688002.XSHG,0.2716601490974426
2026-04-21,688002.XSHG,0.03940701484680176
2026-04-28,688002.XSHG,-0.17610834538936615
2026-05-08,688002.XSHG,-0.117618128657341
2026-05-15,688002.XSHG,-0.0849369615316391
2026-05-22,688002.XSHG,-0.1228831559419632
2026-05-29,688002.XSHG,-0.06676964461803436
2026-06-05,688002.XSHG,0.0006016641855239868
2026-06-12,688002.XSHG,0.057307273149490356
2026-06-22,688002.XSHG,0.057103440165519714
2026-06-29,688002.XSHG,0.052088454365730286
2026-07-06,688002.XSHG,0.03916002810001373
2026-07-13,688002.XSHG,-0.13612721860408783
2026-07-20,688002.XSHG,-0.192587748169899
2026-07-27,688002.XSHG,-0.31622010469436646
2026-02-06,688017.XSHG,0.15425969660282135
2026-02-13,688017.XSHG,0.2727561593055725
2026-03-02,688017.XSHG,0.5383747220039368
2026-03-09,688017.XSHG,0.8175374269485474
2026-03-16,688017.XSHG,1.019227385520935
2026-03-23,688017.XSHG,1.1223375797271729
2026-03-30,688017.XSHG,1.1326230764389038
2026-04-07,688017.XSHG,1.1447498798370361
2026-04-14,688017.XSHG,1.1202714443206787
2026-04-21,688017.XSHG,1.018256425857544
2026-04-28,688017.XSHG,0.9911655187606812
2026-05-08,688017.XSHG,0.33861035108566284
2026-05-15,688017.XSHG,0.0689331442117691
2026-05-22,688017.XSHG,0.12940721213817596
2026-05-29,688017.XSHG,0.26365426182746887
2026-06-05,688017.XSHG,0.10457699000835419
2026-06-12,688017.XSHG,0.26297521591186523
2026-06-22,688017.XSHG,0.4481837749481201
2026-06-29,688017.XSHG,0.6738735437393188
2026-07-06,688017.XSHG,0.7484956979751587
2026-07-13,688017.XSHG,0.8345778584480286
2026-07-20,688017.XSHG,1.040540099143982
2026-07-27,688017.XSHG,1.1751726865768433
2026-01-09,688052.XSHG,0.5204132199287415
2026-01-16,688052.XSHG,0.3938470482826233
2026-01-23,688052.XSHG,0.5744361877441406
2026-01-30,688052.XSHG,0.6517053246498108
2026-02-06,688052.XSHG,0.6769143342971802
2026-02-13,688052.XSHG,0.6931591629981995
2026-03-02,688052.XSHG,0.6468867063522339
2026-03-09,688052.XSHG,0.6272653341293335
2026-03-16,688052.XSHG,0.8679521083831787
2026-03-23,688052.XSHG,0.8954792618751526
2026-03-30,688052.XSHG,0.7352353930473328
2026-04-07,688052.XSHG,0.6144980788230896
2026-04-14,688052.XSHG,0.6323668956756592
2026-04-21,688052.XSHG,0.7843069434165955
2026-04-28,688052.XSHG,0.817527174949646
2026-05-08,688052.XSHG,0.8879795670509338
2026-05-15,688052.XSHG,0.6324296593666077
2026-05-22,688052.XSHG,0.5326733589172363
2026-05-29,688052.XSHG,0.45242542028427124
2026-06-05,688052.XSHG,0.479289710521698
2026-06-12,688052.XSHG,0.5505087971687317
2026-06-22,688052.XSHG,0.3640623092651367
2026-06-29,688052.XSHG,0.4148654341697693
2026-07-06,688052.XSHG,0.4689362645149231
2026-07-13,688052.XSHG,0.5528957843780518
2026-07-20,688052.XSHG,0.5822301506996155
2026-07-27,688052.XSHG,0.733158528804779
2026-01-09,688065.XSHG,0.5796756148338318
2026-01-16,688065.XSHG,0.4698079824447632
2026-01-23,688065.XSHG,0.27619364857673645
2026-01-30,688065.XSHG,0.14382264018058777
2026-02-06,688065.XSHG,0.2250583916902542
2026-02-13,688065.XSHG,0.3892093896865845
2026-03-02,688065.XSHG,0.3315768241882324
2026-03-09,688065.XSHG,0.09420521557331085
2026-03-16,688065.XSHG,0.0914267748594284
2026-03-23,688065.XSHG,0.24006418883800507
2026-03-30,688065.XSHG,0.1952153891324997
2026-04-07,688065.XSHG,0.4112778306007385
2026-04-14,688065.XSHG,0.5388295650482178
2026-04-21,688065.XSHG,0.5584976673126221
2026-04-28,688065.XSHG,0.6005023121833801
2026-05-08,688065.XSHG,0.6354302763938904
2026-05-15,688065.XSHG,0.5667961239814758
2026-05-22,688065.XSHG,0.5807982087135315
2026-05-29,688065.XSHG,0.5798261761665344
2026-06-05,688065.XSHG,0.4768345355987549
2026-06-12,688065.XSHG,0.7063423991203308
2026-06-22,688065.XSHG,0.2589229345321655
2026-06-29,688065.XSHG,0.5880151987075806
2026-07-06,688065.XSHG,0.6587215065956116
2026-07-13,688065.XSHG,0.5957792401313782
2026-07-20,688065.XSHG,0.32737499475479126
2026-07-27,688065.XSHG,0.4222930073738098
2026-01-09,688099.XSHG,0.31889498233795166
2026-01-16,688099.XSHG,0.4128562808036804
2026-01-23,688099.XSHG,0.33691704273223877
2026-01-30,688099.XSHG,0.3993781507015228
2026-02-06,688099.XSHG,0.44080623984336853
2026-02-13,688099.XSHG,-0.011343374848365784
2026-03-02,688099.XSHG,0.1364758014678955
2026-03-09,688099.XSHG,0.3132650554180145
2026-03-16,688099.XSHG,0.13124167919158936
2026-03-23,688099.XSHG,0.24677711725234985
2026-03-30,688099.XSHG,0.4035613536834717
2026-04-07,688099.XSHG,0.5216078162193298
2026-04-14,688099.XSHG,0.5841591358184814
2026-04-21,688099.XSHG,0.49447935819625854
2026-04-28,688099.XSHG,0.3931630253791809
2026-05-08,688099.XSHG,0.2715213894844055
2026-05-15,688099.XSHG,0.27252113819122314
2026-05-22,688099.XSHG,0.08489146828651428
2026-05-29,688099.XSHG,0.15279068052768707
2026-06-05,688099.XSHG,0.34207332134246826
2026-06-12,688099.XSHG,0.5385424494743347
2026-06-22,688099.XSHG,0.7354779243469238
2026-06-29,688099.XSHG,0.7704058885574341
2026-07-06,688099.XSHG,0.8173028826713562
2026-07-13,688099.XSHG,0.6819773316383362
2026-07-20,688099.XSHG,0.5999231338500977
2026-07-27,688099.XSHG,0.532183051109314
2026-01-09,688114.XSHG,0.3778776228427887
2026-01-16,688114.XSHG,0.2909378111362457
2026-01-23,688114.XSHG,0.2429470717906952
2026-01-30,688114.XSHG,0.36029380559921265
2026-02-06,688114.XSHG,0.47428685426712036
2026-02-13,688114.XSHG,0.6173928380012512
2026-03-02,688114.XSHG,0.5899251103401184
2026-03-09,688114.XSHG,0.5089663863182068
2026-03-16,688114.XSHG,0.4880715608596802
2026-03-23,688114.XSHG,0.5833334922790527
2026-03-30,688114.XSHG,0.6457233428955078
2026-04-07,688114.XSHG,0.6892704367637634
2026-04-14,688114.XSHG,0.6777169108390808
2026-04-21,688114.XSHG,0.5758063793182373
2026-04-28,688114.XSHG,0.5562191605567932
2026-05-08,688114.XSHG,0.5365402102470398
2026-05-15,688114.XSHG,0.3322032690048218
2026-05-22,688114.XSHG,0.44492441415786743
2026-05-29,688114.XSHG,0.5234031677246094
2026-06-05,688114.XSHG,0.2968093156814575
2026-06-12,688114.XSHG,0.1775350123643875
2026-06-22,688114.XSHG,0.4527859091758728
2026-06-29,688114.XSHG,0.5185053944587708
2026-07-06,688114.XSHG,0.40172624588012695
2026-07-13,688114.XSHG,0.44460994005203247
2026-07-20,688114.XSHG,0.44801634550094604
2026-07-27,688114.XSHG,0.3453373908996582
2026-01-09,688120.XSHG,0.7497476935386658
2026-01-16,688120.XSHG,0.3786478638648987
2026-01-23,688120.XSHG,0.5325974822044373
2026-01-30,688120.XSHG,0.5468637347221375
2026-02-06,688120.XSHG,0.562053918838501
2026-02-13,688120.XSHG,0.45867758989334106
2026-03-02,688120.XSHG,0.5886348485946655
2026-03-09,688120.XSHG,0.6248043775558472
2026-03-16,688120.XSHG,0.7182074785232544
2026-03-23,688120.XSHG,0.8509945273399353
2026-03-30,688120.XSHG,0.6431030631065369
2026-04-07,688120.XSHG,0.6730073094367981
2026-04-14,688120.XSHG,0.5486607551574707
2026-04-21,688120.XSHG,0.46962231397628784
2026-04-28,688120.XSHG,0.32858705520629883
2026-05-08,688120.XSHG,0.2939077913761139
2026-05-15,688120.XSHG,-0.2344488948583603
2026-05-22,688120.XSHG,-0.23866431415081024
2026-05-29,688120.XSHG,-0.11293016374111176
2026-06-05,688120.XSHG,0.10782007873058319
2026-06-12,688120.XSHG,0.3487815260887146
2026-06-22,688120.XSHG,0.6132444739341736
2026-06-29,688120.XSHG,0.39570266008377075
2026-07-06,688120.XSHG,0.49977898597717285
2026-07-13,688120.XSHG,0.5438450574874878
2026-07-20,688120.XSHG,0.6244825720787048
2026-07-27,688120.XSHG,0.6663674116134644
2026-01-09,688122.XSHG,0.11046382784843445
2026-01-16,688122.XSHG,0.25672194361686707
2026-01-23,688122.XSHG,0.4256136417388916
2026-01-30,688122.XSHG,0.5553421378135681
2026-02-06,688122.XSHG,0.706831693649292
2026-02-13,688122.XSHG,0.7397900223731995
2026-03-02,688122.XSHG,0.7258368134498596
2026-03-09,688122.XSHG,0.7819567322731018
2026-03-16,688122.XSHG,0.8206594586372375
2026-03-23,688122.XSHG,0.8157362341880798
2026-03-30,688122.XSHG,0.827663004398346
2026-04-07,688122.XSHG,0.7937335968017578
2026-04-14,688122.XSHG,0.7306699752807617
2026-04-21,688122.XSHG,0.7075621485710144
2026-04-28,688122.XSHG,0.5973637104034424
2026-05-08,688122.XSHG,0.5401204228401184
2026-05-15,688122.XSHG,0.6223065853118896
2026-05-22,688122.XSHG,0.6229679584503174
2026-05-29,688122.XSHG,0.6804405450820923
2026-06-05,688122.XSHG,0.7306809425354004
2026-06-12,688122.XSHG,0.7463287711143494
2026-06-22,688122.XSHG,0.776014506816864
2026-06-29,688122.XSHG,0.385877788066864
2026-07-06,688122.XSHG,0.4908633232116699
2026-07-13,688122.XSHG,0.5542072653770447
2026-07-20,688122.XSHG,0.5417815446853638
2026-07-27,688122.XSHG,0.6144983172416687
2026-02-06,688172.XSHG,-0.6357407569885254
2026-02-13,688172.XSHG,-0.8273177742958069
2026-03-02,688172.XSHG,-0.8327663540840149
2026-03-09,688172.XSHG,-0.6750609874725342
2026-03-16,688172.XSHG,-0.8899384140968323
2026-03-23,688172.XSHG,-0.8406804203987122
2026-03-30,688172.XSHG,-0.6918264627456665
2026-04-07,688172.XSHG,-0.40877896547317505
2026-04-14,688172.XSHG,0.026715129613876343
2026-04-21,688172.XSHG,0.4749642014503479
2026-04-28,688172.XSHG,0.591471791267395
2026-05-08,688172.XSHG,0.9097734093666077
2026-05-15,688172.XSHG,1.0407129526138306
2026-05-22,688172.XSHG,1.0532629489898682
2026-05-29,688172.XSHG,0.9773593544960022
2026-06-05,688172.XSHG,0.9201716780662537
2026-06-12,688172.XSHG,0.8218727707862854
2026-06-22,688172.XSHG,0.7706345915794373
2026-06-29,688172.XSHG,0.4751265048980713
2026-07-06,688172.XSHG,0.014037862420082092
2026-07-13,688172.XSHG,-0.23667438328266144
2026-07-20,688172.XSHG,-0.3935092091560364
2026-07-27,688172.XSHG,-0.32095199823379517
2026-01-09,688180.XSHG,0.7305224537849426
2026-01-16,688180.XSHG,0.7587127685546875
2026-01-23,688180.XSHG,0.7106606364250183
2026-01-30,688180.XSHG,0.7215072512626648
2026-02-06,688180.XSHG,0.753195583820343
2026-02-13,688180.XSHG,0.7295216917991638
2026-03-02,688180.XSHG,0.6172084808349609
2026-03-09,688180.XSHG,0.66133052110672
2026-03-16,688180.XSHG,0.5264427661895752
2026-03-23,688180.XSHG,0.591690182685852
2026-03-30,688180.XSHG,0.5987473726272583
2026-04-07,688180.XSHG,0.5613734126091003
2026-04-14,688180.XSHG,0.586851179599762
2026-04-21,688180.XSHG,0.5966067314147949
2026-04-28,688180.XSHG,0.45015233755111694
2026-05-08,688180.XSHG,0.4616367816925049
2026-05-15,688180.XSHG,0.3469454050064087
2026-05-22,688180.XSHG,0.3022453784942627
2026-05-29,688180.XSHG,-0.04102744162082672
2026-06-05,688180.XSHG,0.06595860421657562
2026-06-12,688180.XSHG,-0.01467256247997284
2026-06-22,688180.XSHG,0.1661706417798996
2026-06-29,688180.XSHG,-0.14554671943187714
2026-07-06,688180.XSHG,-0.10609917342662811
2026-07-13,688180.XSHG,-0.066899374127388
2026-07-20,688180.XSHG,0.02848057448863983
2026-07-27,688180.XSHG,0.06106758117675781
2026-01-09,688188.XSHG,0.7317631840705872
2026-01-16,688188.XSHG,0.8025804162025452
2026-01-23,688188.XSHG,0.9540051817893982
2026-01-30,688188.XSHG,0.8592672348022461
2026-02-06,688188.XSHG,0.7788624167442322
2026-02-13,688188.XSHG,0.7528996467590332
2026-03-02,688188.XSHG,0.5246073603630066
2026-03-09,688188.XSHG,0.5181187987327576
2026-03-16,688188.XSHG,0.4337802529335022
2026-03-23,688188.XSHG,0.5329663753509521
2026-03-30,688188.XSHG,0.6542955040931702
2026-04-07,688188.XSHG,0.6460907459259033
2026-04-14,688188.XSHG,0.629126250743866
2026-04-21,688188.XSHG,0.7373932003974915
2026-04-28,688188.XSHG,0.8397670388221741
2026-05-08,688188.XSHG,0.6441398859024048
2026-05-15,688188.XSHG,0.3653475046157837
2026-05-22,688188.XSHG,0.29987862706184387
2026-05-29,688188.XSHG,0.19122935831546783
2026-06-05,688188.XSHG,0.20720961689949036
2026-06-12,688188.XSHG,0.41695207357406616
2026-06-22,688188.XSHG,0.4230731129646301
2026-06-29,688188.XSHG,0.2169305384159088
2026-07-06,688188.XSHG,0.24961230158805847
2026-07-13,688188.XSHG,0.17125272750854492
2026-07-20,688188.XSHG,0.1049681305885315
2026-07-27,688188.XSHG,0.21230919659137726
2026-02-06,688213.XSHG,0.5122137069702148
2026-02-13,688213.XSHG,0.5595552325248718
2026-03-02,688213.XSHG,0.5435970425605774
2026-03-09,688213.XSHG,0.4733578562736511
2026-03-16,688213.XSHG,0.4011976718902588
2026-03-23,688213.XSHG,0.4668765664100647
2026-03-30,688213.XSHG,0.4130917191505432
2026-04-07,688213.XSHG,0.3766619861125946
2026-04-14,688213.XSHG,0.43105512857437134
2026-04-21,688213.XSHG,0.4061272144317627
2026-04-28,688213.XSHG,0.3615465462207794
2026-05-08,688213.XSHG,0.33473074436187744
2026-05-15,688213.XSHG,0.10143417865037918
2026-05-22,688213.XSHG,-0.24458841979503632
2026-05-29,688213.XSHG,-0.15146081149578094
2026-06-05,688213.XSHG,-0.014611244201660156
2026-06-12,688213.XSHG,0.1405750811100006
2026-06-22,688213.XSHG,0.1678796112537384
2026-06-29,688213.XSHG,0.11486685276031494
2026-07-06,688213.XSHG,0.13897757232189178
2026-07-13,688213.XSHG,0.09950842708349228
2026-07-20,688213.XSHG,0.1969849169254303
2026-07-27,688213.XSHG,0.17705781757831573
2026-01-09,688220.XSHG,0.5491201877593994
2026-01-16,688220.XSHG,0.5504950284957886
2026-01-23,688220.XSHG,0.5806184411048889
2026-01-30,688220.XSHG,0.4597281813621521
2026-02-06,688220.XSHG,0.42074328660964966
2026-02-13,688220.XSHG,0.45821332931518555
2026-03-02,688220.XSHG,0.5442899465560913
2026-03-09,688220.XSHG,0.5689910650253296
2026-03-16,688220.XSHG,0.5243422389030457
2026-03-23,688220.XSHG,0.5703878402709961
2026-03-30,688220.XSHG,0.5810014009475708
2026-04-07,688220.XSHG,0.5846382975578308
2026-04-14,688220.XSHG,0.567288875579834
2026-04-21,688220.XSHG,0.3797707259654999
2026-04-28,688220.XSHG,0.506182849407196
2026-05-08,688220.XSHG,0.3153451979160309
2026-05-15,688220.XSHG,0.2816868722438812
2026-05-22,688220.XSHG,0.134977787733078
2026-05-29,688220.XSHG,0.17956867814064026
2026-06-05,688220.XSHG,0.3387001156806946
2026-06-12,688220.XSHG,0.5544655919075012
2026-06-22,688220.XSHG,0.7436050176620483
2026-06-29,688220.XSHG,0.539081871509552
2026-07-06,688220.XSHG,0.5669831037521362
2026-07-13,688220.XSHG,0.24491602182388306
2026-07-20,688220.XSHG,0.2573844790458679
2026-07-27,688220.XSHG,0.25256529450416565
2026-01-09,688234.XSHG,-0.7346266508102417
2026-01-16,688234.XSHG,-0.904201090335846
2026-01-23,688234.XSHG,-0.8452456593513489
2026-01-30,688234.XSHG,-0.515816867351532
2026-02-06,688234.XSHG,-0.18218930065631866
2026-02-13,688234.XSHG,0.1535700559616089
2026-03-02,688234.XSHG,0.4329259693622589
2026-03-09,688234.XSHG,0.5975397229194641
2026-03-16,688234.XSHG,0.5968941450119019
2026-03-23,688234.XSHG,0.6624826788902283
2026-03-30,688234.XSHG,0.682449996471405
2026-04-07,688234.XSHG,0.6553075313568115
2026-04-14,688234.XSHG,0.6285491585731506
2026-04-21,688234.XSHG,0.6906235218048096
2026-04-28,688234.XSHG,0.6740385293960571
2026-05-08,688234.XSHG,0.5952678918838501
2026-05-15,688234.XSHG,0.23671647906303406
2026-05-22,688234.XSHG,0.05868038535118103
2026-05-29,688234.XSHG,0.12051337957382202
2026-06-05,688234.XSHG,0.2571113109588623
2026-06-12,688234.XSHG,0.36139586567878723
2026-06-22,688234.XSHG,0.2678951919078827
2026-06-29,688234.XSHG,0.16027608513832092
2026-07-06,688234.XSHG,0.18340632319450378
2026-07-13,688234.XSHG,0.11976747214794159
2026-07-20,688234.XSHG,0.04852570593357086
2026-07-27,688234.XSHG,0.05129043757915497
2026-01-09,688248.XSHG,0.5721256136894226
2026-01-16,688248.XSHG,0.46840977668762207
2026-01-23,688248.XSHG,0.48161542415618896
2026-01-30,688248.XSHG,0.5096701979637146
2026-02-06,688248.XSHG,0.5474326610565186
2026-02-13,688248.XSHG,0.5544871091842651
2026-03-02,688248.XSHG,0.5927265882492065
2026-03-09,688248.XSHG,0.16644081473350525
2026-03-16,688248.XSHG,0.062028780579566956
2026-03-23,688248.XSHG,-0.16075019538402557
2026-03-30,688248.XSHG,-0.31060099601745605
2026-04-07,688248.XSHG,-0.41140514612197876
2026-04-14,688248.XSHG,-0.3053460121154785
2026-04-21,688248.XSHG,-0.006183043122291565
2026-04-28,688248.XSHG,0.3258007764816284
2026-05-08,688248.XSHG,0.5777754783630371
2026-05-15,688248.XSHG,0.7102723121643066
2026-05-22,688248.XSHG,0.7756927609443665
2026-05-29,688248.XSHG,0.7078835368156433
2026-06-05,688248.XSHG,0.740900456905365
2026-06-12,688248.XSHG,0.7868370413780212
2026-06-22,688248.XSHG,0.7489822506904602
2026-06-29,688248.XSHG,0.6686875224113464
2026-07-06,688248.XSHG,0.5111289024353027
2026-07-13,688248.XSHG,0.39968204498291016
2026-07-20,688248.XSHG,0.11860041320323944
2026-07-27,688248.XSHG,0.3295850455760956
2026-01-09,688281.XSHG,0.06517507135868073
2026-01-16,688281.XSHG,0.17190973460674286
2026-01-23,688281.XSHG,0.2646338641643524
2026-01-30,688281.XSHG,0.43047913908958435
2026-02-06,688281.XSHG,0.5908739566802979
2026-02-13,688281.XSHG,0.7316678762435913
2026-03-02,688281.XSHG,0.8739815354347229
2026-03-09,688281.XSHG,0.9540448784828186
2026-03-16,688281.XSHG,0.9438801407814026
2026-03-23,688281.XSHG,0.8352835774421692
2026-03-30,688281.XSHG,0.8130955696105957
2026-04-07,688281.XSHG,0.7951699495315552
2026-04-14,688281.XSHG,0.7285352349281311
2026-04-21,688281.XSHG,0.7810623049736023
2026-04-28,688281.XSHG,0.8136472105979919
2026-05-08,688281.XSHG,0.8114766478538513
2026-05-15,688281.XSHG,0.4515203833580017
2026-05-22,688281.XSHG,0.5810231566429138
2026-05-29,688281.XSHG,0.6095068454742432
2026-06-05,688281.XSHG,0.5343404412269592
2026-06-12,688281.XSHG,0.49399858713150024
2026-06-22,688281.XSHG,0.6929945349693298
2026-06-29,688281.XSHG,0.7763593792915344
2026-07-06,688281.XSHG,0.7898684740066528
2026-07-13,688281.XSHG,0.7350450158119202
2026-07-20,688281.XSHG,0.7123953104019165
2026-07-27,688281.XSHG,0.7013660669326782
2026-01-09,688295.XSHG,0.1938983052968979
2026-01-16,688295.XSHG,-0.12387101352214813
2026-01-23,688295.XSHG,-0.1462194174528122
2026-01-30,688295.XSHG,0.005166247487068176
2026-02-06,688295.XSHG,0.24462997913360596
2026-02-13,688295.XSHG,0.47323620319366455
2026-03-02,688295.XSHG,0.6098212599754333
2026-03-09,688295.XSHG,0.717204213142395
2026-03-16,688295.XSHG,0.3201502561569214
2026-03-23,688295.XSHG,0.1454821079969406
2026-03-30,688295.XSHG,0.10031111538410187
2026-04-07,688295.XSHG,0.16335278749465942
2026-04-14,688295.XSHG,0.2726256251335144
2026-04-21,688295.XSHG,0.35408395528793335
2026-04-28,688295.XSHG,0.5044530034065247
2026-05-08,688295.XSHG,0.6128966808319092
2026-05-15,688295.XSHG,0.6517307758331299
2026-05-22,688295.XSHG,0.5008936524391174
2026-05-29,688295.XSHG,0.4367538094520569
2026-06-05,688295.XSHG,0.18387924134731293
2026-06-12,688295.XSHG,0.01942940056324005
2026-06-22,688295.XSHG,-0.044654399156570435
2026-06-29,688295.XSHG,-0.18306784331798553
2026-07-06,688295.XSHG,-0.2831513285636902
2026-07-13,688295.XSHG,-0.24863137304782867
2026-07-20,688295.XSHG,-0.16183190047740936
2026-07-27,688295.XSHG,-0.10441069304943085
2026-01-09,688297.XSHG,0.5768944025039673
2026-01-16,688297.XSHG,0.6110881567001343
2026-01-23,688297.XSHG,0.6606751084327698
2026-01-30,688297.XSHG,0.6662680506706238
2026-02-06,688297.XSHG,0.6904690265655518
2026-02-13,688297.XSHG,0.5342452526092529
2026-03-02,688297.XSHG,0.28402116894721985
2026-03-09,688297.XSHG,0.37230953574180603
2026-03-16,688297.XSHG,0.36768442392349243
2026-03-23,688297.XSHG,0.5369810461997986
2026-03-30,688297.XSHG,0.6832297444343567
2026-04-07,688297.XSHG,0.7173055410385132
2026-04-14,688297.XSHG,0.7363379001617432
2026-04-21,688297.XSHG,0.7092497944831848
2026-04-28,688297.XSHG,0.7007283568382263
2026-05-08,688297.XSHG,0.6728575229644775
2026-05-15,688297.XSHG,0.8281883597373962
2026-05-22,688297.XSHG,0.8013889193534851
2026-05-29,688297.XSHG,0.7786089777946472
2026-06-05,688297.XSHG,0.8659557700157166
2026-06-12,688297.XSHG,0.9000023603439331
2026-06-22,688297.XSHG,0.9000810980796814
2026-06-29,688297.XSHG,0.8358656167984009
2026-07-06,688297.XSHG,0.8105073571205139
2026-07-13,688297.XSHG,0.770145833492279
2026-07-20,688297.XSHG,0.7561651468276978
2026-07-27,688297.XSHG,0.6446419954299927
2026-01-09,688301.XSHG,0.7496337294578552
2026-01-16,688301.XSHG,0.7355230450630188
2026-01-23,688301.XSHG,0.9239307045936584
2026-01-30,688301.XSHG,0.9369787573814392
2026-02-06,688301.XSHG,1.0231913328170776
2026-02-13,688301.XSHG,1.0539448261260986
2026-03-02,688301.XSHG,0.7561199069023132
2026-03-09,688301.XSHG,0.7559711337089539
2026-03-16,688301.XSHG,0.6965709328651428
2026-03-23,688301.XSHG,0.634023129940033
2026-03-30,688301.XSHG,0.5446751713752747
2026-04-07,688301.XSHG,0.5052362084388733
2026-04-14,688301.XSHG,0.5145443081855774
2026-04-21,688301.XSHG,0.4610346555709839
2026-04-28,688301.XSHG,0.4324791431427002
2026-05-08,688301.XSHG,0.4119228720664978
2026-05-15,688301.XSHG,-0.23632435500621796
2026-05-22,688301.XSHG,-0.5177366137504578
2026-05-29,688301.XSHG,-0.6153481602668762
2026-06-05,688301.XSHG,-0.5518590807914734
2026-06-12,688301.XSHG,-0.7724699378013611
2026-06-22,688301.XSHG,-0.6401252150535583
2026-06-29,688301.XSHG,-0.6471896767616272
2026-07-06,688301.XSHG,-0.5375736355781555
2026-07-13,688301.XSHG,-0.38004475831985474
2026-07-20,688301.XSHG,-0.13223232328891754
2026-07-27,688301.XSHG,0.158447727560997
2026-01-09,688349.XSHG,0.7068309783935547
2026-01-16,688349.XSHG,0.7010936141014099
2026-01-23,688349.XSHG,0.543160080909729
2026-01-30,688349.XSHG,0.46456944942474365
2026-02-06,688349.XSHG,0.566290020942688
2026-02-13,688349.XSHG,0.595910370349884
2026-03-02,688349.XSHG,0.643157422542572
2026-03-09,688349.XSHG,0.6528515219688416
2026-03-16,688349.XSHG,0.6377339363098145
2026-03-23,688349.XSHG,0.6240148544311523
2026-03-30,688349.XSHG,0.6102533340454102
2026-04-07,688349.XSHG,0.5660919547080994
2026-04-14,688349.XSHG,0.6254604458808899
2026-04-21,688349.XSHG,0.6902366876602173
2026-04-28,688349.XSHG,0.746269702911377
2026-05-08,688349.XSHG,0.7610588073730469
2026-05-15,688349.XSHG,0.6618914008140564
2026-05-22,688349.XSHG,0.658161997795105
2026-05-29,688349.XSHG,0.6688780188560486
2026-06-05,688349.XSHG,0.6191267371177673
2026-06-12,688349.XSHG,0.4417729377746582
2026-06-22,688349.XSHG,0.36270660161972046
2026-06-29,688349.XSHG,0.3115886151790619
2026-07-06,688349.XSHG,0.37719959020614624
2026-07-13,688349.XSHG,0.48745810985565186
2026-07-20,688349.XSHG,0.47308850288391113
2026-07-27,688349.XSHG,0.601666271686554
2026-01-09,688375.XSHG,-0.5894317030906677
2026-01-16,688375.XSHG,-0.5941999554634094
2026-01-23,688375.XSHG,-0.3939444422721863
2026-01-30,688375.XSHG,-0.17854662239551544
2026-02-06,688375.XSHG,0.051756441593170166
2026-02-13,688375.XSHG,0.3191854953765869
2026-03-02,688375.XSHG,0.4521520733833313
2026-03-09,688375.XSHG,0.6225889921188354
2026-03-16,688375.XSHG,0.6940944194793701
2026-03-23,688375.XSHG,0.7833707928657532
2026-03-30,688375.XSHG,0.6911088824272156
2026-04-07,688375.XSHG,0.6503623723983765
2026-04-14,688375.XSHG,0.5118851065635681
2026-04-21,688375.XSHG,0.5460770130157471
2026-04-28,688375.XSHG,0.6463730931282043
2026-05-08,688375.XSHG,0.5894535779953003
2026-05-15,688375.XSHG,0.6761153936386108
2026-05-22,688375.XSHG,0.7233933806419373
2026-05-29,688375.XSHG,0.7416914701461792
2026-06-05,688375.XSHG,0.4744669795036316
2026-06-12,688375.XSHG,0.45521271228790283
2026-06-22,688375.XSHG,0.4074915647506714
2026-06-29,688375.XSHG,0.38409703969955444
2026-07-06,688375.XSHG,0.2933398187160492
2026-07-13,688375.XSHG,0.17825858294963837
2026-07-20,688375.XSHG,0.24812345206737518
2026-07-27,688375.XSHG,0.5025902986526489
2026-01-09,688385.XSHG,-0.2273441106081009
2026-01-16,688385.XSHG,-0.27162957191467285
2026-01-23,688385.XSHG,-0.22761009633541107
2026-01-30,688385.XSHG,0.06406597793102264
2026-02-06,688385.XSHG,0.3714941740036011
2026-02-13,688385.XSHG,0.6136089563369751
2026-03-02,688385.XSHG,0.7955572009086609
2026-03-09,688385.XSHG,0.8861590623855591
2026-03-16,688385.XSHG,1.0032505989074707
2026-03-23,688385.XSHG,1.1073188781738281
2026-03-30,688385.XSHG,1.0763243436813354
2026-04-07,688385.XSHG,1.0111335515975952
2026-04-14,688385.XSHG,0.7833155989646912
2026-04-21,688385.XSHG,0.6130648255348206
2026-04-28,688385.XSHG,0.4907638430595398
2026-05-08,688385.XSHG,0.2724218964576721
2026-05-15,688385.XSHG,0.2209247648715973
2026-05-22,688385.XSHG,0.4836074113845825
2026-05-29,688385.XSHG,0.5778992176055908
2026-06-05,688385.XSHG,0.6475932598114014
2026-06-12,688385.XSHG,0.7044411301612854
2026-06-22,688385.XSHG,0.7011092305183411
2026-06-29,688385.XSHG,0.3469003438949585
2026-07-06,688385.XSHG,0.40817975997924805
2026-07-13,688385.XSHG,0.3508657217025757
2026-07-20,688385.XSHG,0.33469927310943604
2026-07-27,688385.XSHG,0.31900864839553833
2026-01-09,688387.XSHG,-0.210845485329628
2026-01-16,688387.XSHG,-0.2590603232383728
2026-01-23,688387.XSHG,-0.22233732044696808
2026-01-30,688387.XSHG,-0.16483063995838165
2026-02-06,688387.XSHG,-0.1043456643819809
2026-02-13,688387.XSHG,-0.002618461847305298
2026-03-02,688387.XSHG,0.09908340871334076
2026-03-09,688387.XSHG,0.20386965572834015
2026-03-16,688387.XSHG,0.29069191217422485
2026-03-23,688387.XSHG,0.3125854730606079
2026-03-30,688387.XSHG,0.25205880403518677
2026-04-07,688387.XSHG,0.28271806240081787
2026-04-14,688387.XSHG,-0.046601101756095886
2026-04-21,688387.XSHG,-0.06150655448436737
2026-04-28,688387.XSHG,-0.031998515129089355
2026-05-08,688387.XSHG,0.03010132908821106
2026-05-15,688387.XSHG,0.22752341628074646
2026-05-22,688387.XSHG,0.475250780582428
2026-05-29,688387.XSHG,0.6157962083816528
2026-06-05,688387.XSHG,0.5053144693374634
2026-06-12,688387.XSHG,0.6811126470565796
2026-06-22,688387.XSHG,0.8054111003875732
2026-06-29,688387.XSHG,0.8786152601242065
2026-07-06,688387.XSHG,0.8117473721504211
2026-07-13,688387.XSHG,0.6554103493690491
2026-07-20,688387.XSHG,0.5718240737915039
2026-07-27,688387.XSHG,0.6368999481201172
2026-01-09,688425.XSHG,0.8043542504310608
2026-01-16,688425.XSHG,0.7188445925712585
2026-01-23,688425.XSHG,0.7488537430763245
2026-01-30,688425.XSHG,0.7724009156227112
2026-02-06,688425.XSHG,0.7958504557609558
2026-02-13,688425.XSHG,0.7858451008796692
2026-03-02,688425.XSHG,0.8118565678596497
2026-03-09,688425.XSHG,0.8387895822525024
2026-03-16,688425.XSHG,0.8022399544715881
2026-03-23,688425.XSHG,0.8082975745201111
2026-03-30,688425.XSHG,0.6859777569770813
2026-04-07,688425.XSHG,0.7911913394927979
2026-04-14,688425.XSHG,0.8129368424415588
2026-04-21,688425.XSHG,0.7695055603981018
2026-04-28,688425.XSHG,0.7670964598655701
2026-05-08,688425.XSHG,0.7529317736625671
2026-05-15,688425.XSHG,0.7348979115486145
2026-05-22,688425.XSHG,0.7181296944618225
2026-05-29,688425.XSHG,0.760114312171936
2026-06-05,688425.XSHG,0.7486748099327087
2026-06-12,688425.XSHG,0.7767180800437927
2026-06-22,688425.XSHG,0.8554564714431763
2026-06-29,688425.XSHG,0.7987445592880249
2026-07-06,688425.XSHG,0.7896926999092102
2026-07-13,688425.XSHG,0.767397940158844
2026-07-20,688425.XSHG,0.7254270911216736
2026-07-27,688425.XSHG,0.8088969588279724
2026-02-06,688475.XSHG,0.7734276056289673
2026-02-13,688475.XSHG,0.7802257537841797
2026-03-02,688475.XSHG,0.6710870862007141
2026-03-09,688475.XSHG,0.6580749750137329
2026-03-16,688475.XSHG,0.5286962985992432
2026-03-23,688475.XSHG,0.6013404726982117
2026-03-30,688475.XSHG,0.6634415984153748
2026-04-07,688475.XSHG,0.7013418078422546
2026-04-14,688475.XSHG,0.6726205348968506
2026-04-21,688475.XSHG,0.7130246162414551
2026-04-28,688475.XSHG,0.796240508556366
2026-05-08,688475.XSHG,0.8537405133247375
2026-05-15,688475.XSHG,0.7980763912200928
2026-05-22,688475.XSHG,0.8142680525779724
2026-05-29,688475.XSHG,0.7283961176872253
2026-06-05,688475.XSHG,0.5668885111808777
2026-06-12,688475.XSHG,0.5628547072410583
2026-06-22,688475.XSHG,0.6383428573608398
2026-06-29,688475.XSHG,0.6880207657814026
2026-07-06,688475.XSHG,0.7818869948387146
2026-07-13,688475.XSHG,0.6772235631942749
2026-07-20,688475.XSHG,0.49376869201660156
2026-07-27,688475.XSHG,0.22358226776123047
2026-01-09,688520.XSHG,0.7800367474555969
2026-01-16,688520.XSHG,0.7639100551605225
2026-01-23,688520.XSHG,0.7518852353096008
2026-01-30,688520.XSHG,0.7606590390205383
2026-02-06,688520.XSHG,0.724645733833313
2026-02-13,688520.XSHG,0.6889322996139526
2026-03-02,688520.XSHG,0.6573867201805115
2026-03-09,688520.XSHG,0.6852699518203735
2026-03-16,688520.XSHG,0.6115386486053467
2026-03-23,688520.XSHG,0.6916605830192566
2026-03-30,688520.XSHG,0.6847814917564392
2026-04-07,688520.XSHG,0.603461503982544
2026-04-14,688520.XSHG,0.6542778015136719
2026-04-21,688520.XSHG,0.5808120965957642
2026-04-28,688520.XSHG,0.7098110318183899
2026-05-08,688520.XSHG,0.7136843800544739
2026-05-15,688520.XSHG,0.7513797879219055
2026-05-22,688520.XSHG,0.6634902954101562
2026-05-29,688520.XSHG,0.6497302055358887
2026-06-05,688520.XSHG,0.6511819958686829
2026-06-12,688520.XSHG,0.6059669852256775
2026-06-22,688520.XSHG,0.4787588119506836
2026-06-29,688520.XSHG,0.13156026601791382
2026-07-06,688520.XSHG,-0.00644509494304657
2026-07-13,688520.XSHG,0.14681340754032135
2026-07-20,688520.XSHG,0.28956514596939087
2026-07-27,688520.XSHG,0.39111536741256714
2026-02-06,688525.XSHG,-0.6484766602516174
2026-02-13,688525.XSHG,-0.4529529809951782
2026-03-02,688525.XSHG,-0.06713758409023285
2026-03-09,688525.XSHG,0.1622624546289444
2026-03-16,688525.XSHG,0.18892651796340942
2026-03-23,688525.XSHG,0.4557949900627136
2026-03-30,688525.XSHG,0.5886474847793579
2026-04-07,688525.XSHG,0.7119967341423035
2026-04-14,688525.XSHG,0.5941489338874817
2026-04-21,688525.XSHG,0.7637163996696472
2026-04-28,688525.XSHG,0.9460634589195251
2026-05-08,688525.XSHG,1.0703799724578857
2026-01-09,688538.XSHG,0.8614572286605835
2026-01-16,688538.XSHG,0.7763956189155579
2026-01-23,688538.XSHG,0.5532493591308594
2026-01-30,688538.XSHG,0.6687135696411133
2026-02-06,688538.XSHG,0.6670147776603699
2026-02-13,688538.XSHG,0.6842449903488159
2026-03-02,688538.XSHG,0.6617646217346191
2026-03-09,688538.XSHG,0.6712179780006409
2026-03-16,688538.XSHG,0.6538695096969604
2026-03-23,688538.XSHG,0.6845129132270813
2026-03-30,688538.XSHG,0.6720148324966431
2026-04-07,688538.XSHG,0.7302119135856628
2026-04-14,688538.XSHG,0.7070934772491455
2026-04-21,688538.XSHG,0.6612518429756165
2026-04-28,688538.XSHG,0.5749081969261169
2026-05-08,688538.XSHG,0.5655019879341125
2026-05-15,688538.XSHG,0.6113236546516418
2026-05-22,688538.XSHG,0.3826866149902344
2026-05-29,688538.XSHG,0.3425731658935547
2026-06-05,688538.XSHG,0.12993675470352173
2026-06-12,688538.XSHG,0.17028659582138062
2026-06-22,688538.XSHG,0.22938068211078644
2026-06-29,688538.XSHG,0.1948220282793045
2026-07-06,688538.XSHG,0.18395593762397766
2026-07-13,688538.XSHG,0.10305018723011017
2026-07-20,688538.XSHG,0.08245708048343658
2026-07-27,688538.XSHG,0.1370851993560791
2026-02-06,688561.XSHG,0.8262876272201538
2026-02-13,688561.XSHG,0.49936532974243164
2026-03-02,688561.XSHG,0.6635052561759949
2026-03-09,688561.XSHG,0.23994368314743042
2026-03-16,688561.XSHG,0.3117314577102661
2026-03-23,688561.XSHG,0.27797386050224304
2026-03-30,688561.XSHG,0.3444158434867859
2026-04-07,688561.XSHG,0.4483054280281067
2026-04-14,688561.XSHG,0.5436652898788452
2026-04-21,688561.XSHG,0.5922444462776184
2026-04-28,688561.XSHG,0.6426588296890259
2026-05-08,688561.XSHG,0.4554750919342041
2026-05-15,688561.XSHG,0.5224451422691345
2026-05-22,688561.XSHG,0.6161378026008606
2026-05-29,688561.XSHG,0.632493793964386
2026-06-05,688561.XSHG,0.6501373648643494
2026-06-12,688561.XSHG,0.6794966459274292
2026-06-22,688561.XSHG,0.7249667048454285
2026-06-29,688561.XSHG,0.65494304895401
2026-07-06,688561.XSHG,0.7081714868545532
2026-07-13,688561.XSHG,0.6180591583251953
2026-07-20,688561.XSHG,0.6074076294898987
2026-07-27,688561.XSHG,0.5061864852905273
2026-02-06,688617.XSHG,0.5191810131072998
2026-02-13,688617.XSHG,0.5648257732391357
2026-03-02,688617.XSHG,0.5314615368843079
2026-03-09,688617.XSHG,0.5893731117248535
2026-03-16,688617.XSHG,0.5911425352096558
2026-03-23,688617.XSHG,0.5250856876373291
2026-03-30,688617.XSHG,0.7366630434989929
2026-04-07,688617.XSHG,0.8285191655158997
2026-04-14,688617.XSHG,0.8814815878868103
2026-04-21,688617.XSHG,0.8882028460502625
2026-04-28,688617.XSHG,0.8261663317680359
2026-05-08,688617.XSHG,0.7426417469978333
2026-05-15,688617.XSHG,0.5532726049423218
2026-05-22,688617.XSHG,0.5565881133079529
2026-05-29,688617.XSHG,0.5281513333320618
2026-06-05,688617.XSHG,0.5504600405693054
2026-06-12,688617.XSHG,0.6120223999023438
2026-06-22,688617.XSHG,0.6009787917137146
2026-06-29,688617.XSHG,0.3146861493587494
2026-07-06,688617.XSHG,0.4425331950187683
2026-07-13,688617.XSHG,0.3718268871307373
2026-07-20,688617.XSHG,0.2096032053232193
2026-07-27,688617.XSHG,0.24769949913024902
2026-01-09,688772.XSHG,0.8576286435127258
2026-01-16,688772.XSHG,0.9769079685211182
2026-01-23,688772.XSHG,1.0381428003311157
2026-01-30,688772.XSHG,1.001153826713562
2026-02-06,688772.XSHG,0.934246838092804
2026-02-13,688772.XSHG,0.8495941758155823
2026-03-02,688772.XSHG,0.7107455134391785
2026-03-09,688772.XSHG,0.6523645520210266
2026-03-16,688772.XSHG,0.6668351888656616
2026-03-23,688772.XSHG,0.6259260773658752
2026-03-30,688772.XSHG,0.6272426843643188
2026-04-07,688772.XSHG,0.5724654793739319
2026-04-14,688772.XSHG,0.5429885983467102
2026-04-21,688772.XSHG,0.14574721455574036
2026-04-28,688772.XSHG,0.33821240067481995
2026-05-08,688772.XSHG,0.4532496929168701
2026-05-15,688772.XSHG,0.5077690482139587
2026-05-22,688772.XSHG,0.21408748626708984
2026-05-29,688772.XSHG,0.33316171169281006
2026-06-05,688772.XSHG,0.256793349981308
2026-06-12,688772.XSHG,0.025970980525016785
2026-06-22,688772.XSHG,0.003984168171882629
2026-06-29,688772.XSHG,-0.020598962903022766
2026-07-06,688772.XSHG,-0.15256525576114655
2026-07-13,688772.XSHG,-0.25104808807373047
2026-07-20,688772.XSHG,-0.3371625542640686
2026-07-27,688772.XSHG,-0.5504750609397888
2026-01-09,688777.XSHG,0.5186331868171692
2026-01-16,688777.XSHG,0.3439940810203552
2026-01-23,688777.XSHG,-0.03737747669219971
2026-01-30,688777.XSHG,0.06127235293388367
2026-02-06,688777.XSHG,0.1689969301223755
2026-02-13,688777.XSHG,0.3657572269439697
2026-03-02,688777.XSHG,0.6588661074638367
2026-03-09,688777.XSHG,0.8646097779273987
2026-03-16,688777.XSHG,1.0493932962417603
2026-03-23,688777.XSHG,1.067077398300171
2026-03-30,688777.XSHG,1.1152141094207764
2026-04-07,688777.XSHG,1.0780038833618164
2026-04-14,688777.XSHG,0.5088082551956177
2026-04-21,688777.XSHG,0.27396589517593384
2026-04-28,688777.XSHG,-0.08562217652797699
2026-05-08,688777.XSHG,-0.23774565756320953
2026-05-15,688777.XSHG,-0.6239646077156067
2026-05-22,688777.XSHG,-0.7732733488082886
2026-05-29,688777.XSHG,-0.8158308863639832
2026-06-05,688777.XSHG,-1.1004866361618042
2026-06-12,688777.XSHG,-1.183441162109375
2026-06-22,688777.XSHG,-1.1796214580535889
2026-06-29,688777.XSHG,-1.1503640413284302
2026-07-06,688777.XSHG,-1.0432136058807373
2026-07-13,688777.XSHG,-0.87018221616745
2026-07-20,688777.XSHG,-0.729423999786377
2026-07-27,688777.XSHG,-0.6451740860939026
2026-01-09,688778.XSHG,0.4013863801956177
2026-01-16,688778.XSHG,0.3945552110671997
2026-01-23,688778.XSHG,0.3656088709831238
2026-01-30,688778.XSHG,0.4595854878425598
2026-02-06,688778.XSHG,0.5150091052055359
2026-02-13,688778.XSHG,0.5471608638763428
2026-03-02,688778.XSHG,0.6107789278030396
2026-03-09,688778.XSHG,0.6453586220741272
2026-03-16,688778.XSHG,0.6670059561729431
2026-03-23,688778.XSHG,0.7062187790870667
2026-03-30,688778.XSHG,0.6718382835388184
2026-04-07,688778.XSHG,0.6320863962173462
2026-04-14,688778.XSHG,0.5800557136535645
2026-04-21,688778.XSHG,0.5340797305107117
2026-04-28,688778.XSHG,0.611667275428772
2026-05-08,688778.XSHG,0.43857085704803467
2026-05-15,688778.XSHG,0.3363117277622223
2026-05-22,688778.XSHG,0.4514865279197693
2026-05-29,688778.XSHG,0.6468265652656555
2026-06-05,688778.XSHG,0.7313396334648132
2026-06-12,688778.XSHG,0.7183760404586792
2026-06-22,688778.XSHG,0.7204791903495789
2026-06-29,688778.XSHG,0.7159528136253357
2026-07-06,688778.XSHG,0.7126080393791199
2026-07-13,688778.XSHG,0.6406843662261963
2026-07-20,688778.XSHG,0.5922421216964722
2026-07-27,688778.XSHG,0.5106698274612427
2026-01-09,688819.XSHG,0.4176146388053894
2026-01-16,688819.XSHG,0.6075918078422546
2026-01-23,688819.XSHG,0.4100390374660492
2026-01-30,688819.XSHG,0.5001732707023621
2026-02-06,688819.XSHG,0.549489438533783
2026-02-13,688819.XSHG,0.6333954930305481
2026-03-02,688819.XSHG,0.6923142671585083
2026-03-09,688819.XSHG,0.7408351302146912
2026-03-16,688819.XSHG,0.6895453333854675
2026-03-23,688819.XSHG,0.38713622093200684
2026-03-30,688819.XSHG,0.4324200749397278
2026-04-07,688819.XSHG,0.5040217638015747
2026-04-14,688819.XSHG,0.45372503995895386
2026-04-21,688819.XSHG,0.4188922643661499
2026-04-28,688819.XSHG,0.46575236320495605
2026-05-08,688819.XSHG,0.4451035261154175
2026-05-15,688819.XSHG,0.4231364130973816
2026-05-22,688819.XSHG,0.4961917996406555
2026-05-29,688819.XSHG,0.5502602458000183
2026-06-05,688819.XSHG,0.6074125170707703
2026-06-12,688819.XSHG,0.554689884185791
2026-06-22,688819.XSHG,0.6966089010238647
2026-06-29,688819.XSHG,0.7128143906593323
2026-07-06,688819.XSHG,0.7956164479255676
2026-07-13,688819.XSHG,0.7751514315605164
2026-07-20,688819.XSHG,0.7068905234336853
2026-07-27,688819.XSHG,0.661915123462677
2026-01-09,689009.XSHG,0.7036770582199097
2026-01-16,689009.XSHG,0.5798944234848022
2026-01-23,689009.XSHG,0.5624170303344727
2026-01-30,689009.XSHG,0.49215149879455566
2026-02-06,689009.XSHG,0.40421968698501587
2026-02-13,689009.XSHG,0.4892456531524658
2026-03-02,689009.XSHG,0.535075843334198
2026-03-09,689009.XSHG,0.5758782029151917
2026-03-16,689009.XSHG,0.5518763065338135
2026-03-23,689009.XSHG,0.26133856177330017
2026-03-30,689009.XSHG,0.26840296387672424
2026-04-07,689009.XSHG,0.32321876287460327
2026-04-14,689009.XSHG,0.3731854557991028
2026-04-21,689009.XSHG,0.38266947865486145
2026-04-28,689009.XSHG,0.4458884596824646
2026-05-08,689009.XSHG,0.4097519814968109
2026-05-15,689009.XSHG,0.42472290992736816
2026-05-22,689009.XSHG,0.5450321435928345
2026-05-29,689009.XSHG,0.6148591637611389
2026-06-05,689009.XSHG,0.570875346660614
2026-06-12,689009.XSHG,0.4651144742965698
2026-06-22,689009.XSHG,0.47917360067367554
2026-06-29,689009.XSHG,0.3992588222026825
2026-07-06,689009.XSHG,0.4029335379600525
2026-07-13,689009.XSHG,0.42620962858200073
2026-07-20,689009.XSHG,0.18991553783416748
2026-07-27,689009.XSHG,0.3381587266921997
